{
  "loss": 4.057881910409501,
  "acc": 0.07462686567164178,
  "box_iou": 0.019674289709221183,
  "map50": 0.0,
  "map50_95": 0.0,
  "precision": 0.0,
  "recall": 0.0,
  "params_m": 0.039114,
  "gflops": 0.221379584,
  "fps": 266.5939653254244
}