{
  "loss": 2.7582277435244937,
  "acc": 0.603030303030303,
  "box_iou": 0.03632921886658578,
  "map50": 0.0,
  "map50_95": 0.0,
  "precision": 0.0,
  "recall": 0.0,
  "params_m": 0.020426,
  "gflops": 0.110793728,
  "fps": 192.026962847524
}