{
  "loss": 2.528109080902854,
  "acc": 0.5565335138794855,
  "box_iou": 0.0413277945452866,
  "map50": 3.052482497878373e-05,
  "map50_95": 4.121929723623907e-06,
  "precision": 0.0014434643143544507,
  "recall": 0.002127659574468085,
  "params_m": 0.137226,
  "gflops": 2.065494016,
  "fps": 115.66929374639436
}