{
  "loss": 1.5568512510899815,
  "acc": 0.3825223150014397,
  "box_iou": 0.07575598523765427,
  "map50": 0.000640107010212887,
  "map50_95": 9.374122909946437e-05,
  "precision": 0.011987950034358076,
  "recall": 0.011301361190822291,
  "params_m": 0.018281,
  "gflops": 0.162249216,
  "fps": 0.0
}