{
  "loss": 1.9850242694218954,
  "acc": 0.26666666666666666,
  "box_iou": 0.1891629268725713,
  "map50": 0.0,
  "map50_95": 0.0,
  "precision": 0.0,
  "recall": 0.0
}