step	tag	value
1	train/loss_step	3.13168240
1	train/lr	0.00030000
1	train/batch_acc	0.12195122
1	train/batch_box_iou	0.02805464
1	train/batch_cls_loss	0.78398991
1	train/batch_box_loss	0.08076032
2	train/loss_step	2.91317892
2	train/lr	0.00030000
2	train/batch_acc	0.57142857
2	train/batch_box_iou	0.03478107
2	train/batch_cls_loss	0.61167622
2	train/batch_box_loss	0.07421296
3	train/loss_step	3.12371540
3	train/lr	0.00030000
3	train/batch_acc	0.40740741
3	train/batch_box_iou	0.03437477
3	train/batch_cls_loss	0.81139696
3	train/batch_box_loss	0.07621359
4	train/loss_step	2.89661741
4	train/lr	0.00030000
4	train/batch_acc	0.62962963
4	train/batch_box_iou	0.02005019
4	train/batch_cls_loss	0.51812094
4	train/batch_box_loss	0.08371935
5	train/loss_step	2.78414345
5	train/lr	0.00030000
5	train/batch_acc	0.16666667
5	train/batch_box_iou	0.00415684
5	train/batch_cls_loss	0.34350437
5	train/batch_box_loss	0.08979055
6	train/loss_step	2.99945354
6	train/lr	0.00030000
6	train/batch_acc	0.62500000
6	train/batch_box_iou	0.00908770
6	train/batch_cls_loss	0.58543932
6	train/batch_box_loss	0.08643793
7	train/loss_step	3.15395308
7	train/lr	0.00030000
7	train/batch_acc	0.25000000
7	train/batch_box_iou	0.00769549
7	train/batch_cls_loss	0.70637232
7	train/batch_box_loss	0.09259435
8	train/loss_step	2.76654863
8	train/lr	0.00030000
8	train/batch_acc	0.28571429
8	train/batch_box_iou	0.01472256
8	train/batch_cls_loss	0.39866975
8	train/batch_box_loss	0.07946479
9	train/loss_step	2.98161888
9	train/lr	0.00030000
9	train/batch_acc	0.06451613
9	train/batch_box_iou	0.01653551
9	train/batch_cls_loss	0.62171888
9	train/batch_box_loss	0.07859424
10	train/loss_step	3.26007581
10	train/lr	0.00030000
10	train/batch_acc	0.08695652
10	train/batch_box_iou	0.01251265
10	train/batch_cls_loss	0.87550402
10	train/batch_box_loss	0.08191941
11	train/loss_step	2.83282471
11	train/lr	0.00030000
11	train/batch_acc	0.10000000
11	train/batch_box_iou	0.02419558
11	train/batch_cls_loss	0.51661468
11	train/batch_box_loss	0.07292026
12	train/loss_step	2.98163843
12	train/lr	0.00030000
12	train/batch_acc	0.71052632
12	train/batch_box_iou	0.01440998
12	train/batch_cls_loss	0.61767346
12	train/batch_box_loss	0.07855698
13	train/loss_step	2.67293835
13	train/lr	0.00030000
13	train/batch_acc	0.57142857
13	train/batch_box_iou	0.05371106
13	train/batch_cls_loss	0.47346401
13	train/batch_box_loss	0.06137930
14	train/loss_step	2.99030519
14	train/lr	0.00030000
14	train/batch_acc	0.15151515
14	train/batch_box_iou	0.01746462
14	train/batch_cls_loss	0.65127277
14	train/batch_box_loss	0.07479235
15	train/loss_step	3.26871109
15	train/lr	0.00030000
15	train/batch_acc	0.16279070
15	train/batch_box_iou	0.01681311
15	train/batch_cls_loss	0.93955886
15	train/batch_box_loss	0.07255565
16	train/loss_step	2.86989808
16	train/lr	0.00030000
16	train/batch_acc	0.28571429
16	train/batch_box_iou	0.01220658
16	train/batch_cls_loss	0.48539102
16	train/batch_box_loss	0.08178405
17	train/loss_step	2.76551986
17	train/lr	0.00030000
17	train/batch_acc	0.25806452
17	train/batch_box_iou	0.05180704
17	train/batch_cls_loss	0.55527610
17	train/batch_box_loss	0.06277156
18	train/loss_step	2.96914530
18	train/lr	0.00030000
18	train/batch_acc	0.00000000
18	train/batch_box_iou	0.00933476
18	train/batch_cls_loss	0.57008016
18	train/batch_box_loss	0.08354695
19	train/loss_step	2.75560760
19	train/lr	0.00030000
19	train/batch_acc	0.18750000
19	train/batch_box_iou	0.01661928
19	train/batch_cls_loss	0.44823357
19	train/batch_box_loss	0.06812252
20	train/loss_step	3.13527608
20	train/lr	0.00030000
20	train/batch_acc	0.17500000
20	train/batch_box_iou	0.01169810
20	train/batch_cls_loss	0.80833793
20	train/batch_box_loss	0.07006685
21	train/loss_step	2.78595209
21	train/lr	0.00030000
21	train/batch_acc	0.54166667
21	train/batch_box_iou	0.01437664
21	train/batch_cls_loss	0.46302894
21	train/batch_box_loss	0.07033529
22	train/loss_step	2.96510363
22	train/lr	0.00030000
22	train/batch_acc	0.50000000
22	train/batch_box_iou	0.01565100
22	train/batch_cls_loss	0.64558578
22	train/batch_box_loss	0.07016396
23	train/loss_step	2.70103121
23	train/lr	0.00030000
23	train/batch_acc	0.63157895
23	train/batch_box_iou	0.01496707
23	train/batch_cls_loss	0.40003043
23	train/batch_box_loss	0.06618701
24	train/loss_step	2.66746116
24	train/lr	0.00030000
24	train/batch_acc	0.40740741
24	train/batch_box_iou	0.06374122
24	train/batch_cls_loss	0.51229405
24	train/batch_box_loss	0.05652992
25	train/loss_step	2.82117033
25	train/lr	0.00030000
25	train/batch_acc	0.36666667
25	train/batch_box_iou	0.04015817
25	train/batch_cls_loss	0.58725339
25	train/batch_box_loss	0.06284666
26	train/loss_step	2.90241480
26	train/lr	0.00030000
26	train/batch_acc	0.18181818
26	train/batch_box_iou	0.02896526
26	train/batch_cls_loss	0.67093557
26	train/batch_box_loss	0.05788191
27	train/loss_step	2.69156623
27	train/lr	0.00030000
27	train/batch_acc	0.36363636
27	train/batch_box_iou	0.03343575
27	train/batch_cls_loss	0.46506876
27	train/batch_box_loss	0.05867380
28	train/loss_step	2.98768425
28	train/lr	0.00030000
28	train/batch_acc	0.42105263
28	train/batch_box_iou	0.01054341
28	train/batch_cls_loss	0.67238522
28	train/batch_box_loss	0.06727716
29	train/loss_step	2.81610012
29	train/lr	0.00030000
29	train/batch_acc	0.44736842
29	train/batch_box_iou	0.05151695
29	train/batch_cls_loss	0.63691199
29	train/batch_box_loss	0.05644439
30	train/loss_step	2.64885378
30	train/lr	0.00030000
30	train/batch_acc	0.36666667
30	train/batch_box_iou	0.06216591
30	train/batch_cls_loss	0.53159642
30	train/batch_box_loss	0.04831783
31	train/loss_step	2.65201378
31	train/lr	0.00030000
31	train/batch_acc	0.27586207
31	train/batch_box_iou	0.05498004
31	train/batch_cls_loss	0.55862927
31	train/batch_box_loss	0.04066890
32	train/loss_step	2.72019768
32	train/lr	0.00030000
32	train/batch_acc	0.11111111
32	train/batch_box_iou	0.01741965
32	train/batch_cls_loss	0.46679881
32	train/batch_box_loss	0.05764766
33	train/loss_step	2.91892767
33	train/lr	0.00030000
33	train/batch_acc	0.35135135
33	train/batch_box_iou	0.00723616
33	train/batch_cls_loss	0.67186809
33	train/batch_box_loss	0.05230640
34	train/loss_step	2.78758812
34	train/lr	0.00030000
34	train/batch_acc	0.03846154
34	train/batch_box_iou	0.02064988
34	train/batch_cls_loss	0.55153990
34	train/batch_box_loss	0.05546959
35	train/loss_step	2.50578165
35	train/lr	0.00030000
35	train/batch_acc	0.60000000
35	train/batch_box_iou	0.08513423
35	train/batch_cls_loss	0.47635287
35	train/batch_box_loss	0.03993944
36	train/loss_step	2.69423485
36	train/lr	0.00030000
36	train/batch_acc	0.26923077
36	train/batch_box_iou	0.02748912
36	train/batch_cls_loss	0.51214242
36	train/batch_box_loss	0.04741413
37	train/loss_step	2.84655523
37	train/lr	0.00030000
37	train/batch_acc	0.03448276
37	train/batch_box_iou	0.01266818
37	train/batch_cls_loss	0.62119675
37	train/batch_box_loss	0.05013898
38	train/loss_step	2.74621677
38	train/lr	0.00030000
38	train/batch_acc	0.19230769
38	train/batch_box_iou	0.02657225
38	train/batch_cls_loss	0.58175373
38	train/batch_box_loss	0.04352152
39	train/loss_step	2.80729437
39	train/lr	0.00030000
39	train/batch_acc	0.33333333
39	train/batch_box_iou	0.01036415
39	train/batch_cls_loss	0.53261101
39	train/batch_box_loss	0.05908231
40	train/loss_step	2.83351755
40	train/lr	0.00030000
40	train/batch_acc	0.55263158
40	train/batch_box_iou	0.03929799
40	train/batch_cls_loss	0.65695393
40	train/batch_box_loss	0.05103194
41	train/loss_step	2.73764610
41	train/lr	0.00030000
41	train/batch_acc	0.26923077
41	train/batch_box_iou	0.02233897
41	train/batch_cls_loss	0.52727187
41	train/batch_box_loss	0.05101046
42	train/loss_step	2.67731643
42	train/lr	0.00030000
42	train/batch_acc	0.32142857
42	train/batch_box_iou	0.02793567
42	train/batch_cls_loss	0.53479153
42	train/batch_box_loss	0.03967926
43	train/loss_step	2.65695429
43	train/lr	0.00030000
43	train/batch_acc	0.53333333
43	train/batch_box_iou	0.07050783
43	train/batch_cls_loss	0.52766263
43	train/batch_box_loss	0.05406144
44	train/loss_step	2.72819495
44	train/lr	0.00030000
44	train/batch_acc	0.00000000
44	train/batch_box_iou	0.00872191
44	train/batch_cls_loss	0.49200171
44	train/batch_box_loss	0.05072742
45	train/loss_step	2.89175844
45	train/lr	0.00030000
45	train/batch_acc	0.52173913
45	train/batch_box_iou	0.04452517
45	train/batch_cls_loss	0.71830535
45	train/batch_box_loss	0.05250066
46	train/loss_step	2.54144764
46	train/lr	0.00030000
46	train/batch_acc	0.41935484
46	train/batch_box_iou	0.10126714
46	train/batch_cls_loss	0.53977424
46	train/batch_box_loss	0.04084157
47	train/loss_step	2.58255672
47	train/lr	0.00030000
47	train/batch_acc	0.35294118
47	train/batch_box_iou	0.02068007
47	train/batch_cls_loss	0.41180924
47	train/batch_box_loss	0.04242151
48	train/loss_step	2.83710647
48	train/lr	0.00030000
48	train/batch_acc	0.71794872
48	train/batch_box_iou	0.02057053
48	train/batch_cls_loss	0.65200317
48	train/batch_box_loss	0.04524887
49	train/loss_step	2.54042625
49	train/lr	0.00030000
49	train/batch_acc	0.20833333
49	train/batch_box_iou	0.06191071
49	train/batch_cls_loss	0.51011378
49	train/batch_box_loss	0.03082678
50	train/loss_step	2.62081742
50	train/lr	0.00030000
50	train/batch_acc	0.56000000
50	train/batch_box_iou	0.03108945
50	train/batch_cls_loss	0.48467451
50	train/batch_box_loss	0.03966434
51	train/loss_step	2.91672039
51	train/lr	0.00030000
51	train/batch_acc	0.13888889
51	train/batch_box_iou	0.01777126
51	train/batch_cls_loss	0.68940580
51	train/batch_box_loss	0.05257139
52	train/loss_step	2.71763325
52	train/lr	0.00030000
52	train/batch_acc	0.08333333
52	train/batch_box_iou	0.02177745
52	train/batch_cls_loss	0.54794657
52	train/batch_box_loss	0.04264833
53	train/loss_step	2.88017702
53	train/lr	0.00030000
53	train/batch_acc	0.06060606
53	train/batch_box_iou	0.03064695
53	train/batch_cls_loss	0.67818022
53	train/batch_box_loss	0.05265815
54	train/loss_step	2.67339349
54	train/lr	0.00030000
54	train/batch_acc	0.86206897
54	train/batch_box_iou	0.01016898
54	train/batch_cls_loss	0.46412072
54	train/batch_box_loss	0.04592215
55	train/loss_step	2.80996156
55	train/lr	0.00030000
55	train/batch_acc	0.54545455
55	train/batch_box_iou	0.02840558
55	train/batch_cls_loss	0.59623986
55	train/batch_box_loss	0.05410659
56	train/loss_step	2.54100895
56	train/lr	0.00030000
56	train/batch_acc	0.06896552
56	train/batch_box_iou	0.09505905
56	train/batch_cls_loss	0.59810477
56	train/batch_box_loss	0.02660445
57	train/loss_step	2.64352345
57	train/lr	0.00030000
57	train/batch_acc	0.17647059
57	train/batch_box_iou	0.01492329
57	train/batch_cls_loss	0.43562919
57	train/batch_box_loss	0.04754815
58	train/loss_step	2.67289376
58	train/lr	0.00030000
58	train/batch_acc	0.38461538
58	train/batch_box_iou	0.03291726
58	train/batch_cls_loss	0.54291415
58	train/batch_box_loss	0.03916283
59	train/loss_step	2.56353474
59	train/lr	0.00030000
59	train/batch_acc	0.11764706
59	train/batch_box_iou	0.02515410
59	train/batch_cls_loss	0.42568758
59	train/batch_box_loss	0.03763109
60	train/loss_step	2.59449363
60	train/lr	0.00030000
60	train/batch_acc	0.40000000
60	train/batch_box_iou	0.04030564
60	train/batch_cls_loss	0.48314020
60	train/batch_box_loss	0.03839292
61	train/loss_step	2.66595650
61	train/lr	0.00030000
61	train/batch_acc	0.51851852
61	train/batch_box_iou	0.01376821
61	train/batch_cls_loss	0.49167827
61	train/batch_box_loss	0.04036292
62	train/loss_step	2.58604765
62	train/lr	0.00030000
62	train/batch_acc	0.35000000
62	train/batch_box_iou	0.01790138
62	train/batch_cls_loss	0.46639094
62	train/batch_box_loss	0.03109188
63	train/loss_step	2.80271912
63	train/lr	0.00030000
63	train/batch_acc	0.48837209
63	train/batch_box_iou	0.03129144
63	train/batch_cls_loss	0.65604085
63	train/batch_box_loss	0.04185222
64	train/loss_step	2.58695650
64	train/lr	0.00030000
64	train/batch_acc	0.57894737
64	train/batch_box_iou	0.07986017
64	train/batch_cls_loss	0.60897136
64	train/batch_box_loss	0.02754112
65	train/loss_step	2.55503249
65	train/lr	0.00030000
65	train/batch_acc	0.35714286
65	train/batch_box_iou	0.00720525
65	train/batch_cls_loss	0.38427326
65	train/batch_box_loss	0.03703395
66	train/loss_step	2.82635570
66	train/lr	0.00030000
66	train/batch_acc	0.67924528
66	train/batch_box_iou	0.06721482
66	train/batch_cls_loss	0.76663870
66	train/batch_box_loss	0.03882935
67	train/loss_step	2.68176436
67	train/lr	0.00030000
67	train/batch_acc	0.36666667
67	train/batch_box_iou	0.02651073
67	train/batch_cls_loss	0.56387377
67	train/batch_box_loss	0.03418240
68	train/loss_step	2.77135229
68	train/lr	0.00030000
68	train/batch_acc	0.45945946
68	train/batch_box_iou	0.03690058
68	train/batch_cls_loss	0.62734139
68	train/batch_box_loss	0.04356243
69	train/loss_step	2.55419064
69	train/lr	0.00030000
69	train/batch_acc	0.33333333
69	train/batch_box_iou	0.07527116
69	train/batch_cls_loss	0.56360447
69	train/batch_box_loss	0.02822565
70	train/loss_step	2.45374608
70	train/lr	0.00030000
70	train/batch_acc	0.18181818
70	train/batch_box_iou	0.07225784
70	train/batch_cls_loss	0.35795248
70	train/batch_box_loss	0.04806184
71	train/loss_step	2.62364864
71	train/lr	0.00030000
71	train/batch_acc	0.40000000
71	train/batch_box_iou	0.00157752
71	train/batch_cls_loss	0.43390977
71	train/batch_box_loss	0.03857879
72	train/loss_step	2.58083057
72	train/lr	0.00030000
72	train/batch_acc	0.17391304
72	train/batch_box_iou	0.04490414
72	train/batch_cls_loss	0.49416497
72	train/batch_box_loss	0.03529477
73	train/loss_step	2.50956988
73	train/lr	0.00030000
73	train/batch_acc	0.36842105
73	train/batch_box_iou	0.03244748
73	train/batch_cls_loss	0.43584567
73	train/batch_box_loss	0.02772382
74	train/loss_step	2.68163395
74	train/lr	0.00030000
74	train/batch_acc	0.29268293
74	train/batch_box_iou	0.08161986
74	train/batch_cls_loss	0.68484896
74	train/batch_box_loss	0.03200492
75	train/loss_step	2.75771427
75	train/lr	0.00030000
75	train/batch_acc	0.25806452
75	train/batch_box_iou	0.02286050
75	train/batch_cls_loss	0.58397281
75	train/batch_box_loss	0.04389251
76	train/loss_step	2.69948721
76	train/lr	0.00030000
76	train/batch_acc	0.44736842
76	train/batch_box_iou	0.05927571
76	train/batch_cls_loss	0.63121951
76	train/batch_box_loss	0.03736380
77	train/loss_step	2.47029209
77	train/lr	0.00030000
77	train/batch_acc	0.34615385
77	train/batch_box_iou	0.09007706
77	train/batch_cls_loss	0.52039909
77	train/batch_box_loss	0.02600942
78	train/loss_step	2.82125115
78	train/lr	0.00030000
78	train/batch_acc	0.53846154
78	train/batch_box_iou	0.05986267
78	train/batch_cls_loss	0.75849485
78	train/batch_box_loss	0.03649634
79	train/loss_step	2.65807819
79	train/lr	0.00030000
79	train/batch_acc	0.11111111
79	train/batch_box_iou	0.03036589
79	train/batch_cls_loss	0.55301809
79	train/batch_box_loss	0.03315840
80	train/loss_step	2.62055159
80	train/lr	0.00030000
80	train/batch_acc	0.37500000
80	train/batch_box_iou	0.00923744
80	train/batch_cls_loss	0.46068716
80	train/batch_box_loss	0.03566786
81	train/loss_step	2.68160939
81	train/lr	0.00030000
81	train/batch_acc	0.21428571
81	train/batch_box_iou	0.02908303
81	train/batch_cls_loss	0.56610137
81	train/batch_box_loss	0.03473480
82	train/loss_step	2.75453949
82	train/lr	0.00030000
82	train/batch_acc	0.30952381
82	train/batch_box_iou	0.04358926
82	train/batch_cls_loss	0.66361690
82	train/batch_box_loss	0.03562019
83	train/loss_step	2.55469942
83	train/lr	0.00030000
83	train/batch_acc	0.25000000
83	train/batch_box_iou	0.02941713
83	train/batch_cls_loss	0.46791056
83	train/batch_box_loss	0.02912463
84	train/loss_step	2.58143187
84	train/lr	0.00030000
84	train/batch_acc	0.51612903
84	train/batch_box_iou	0.04061056
84	train/batch_cls_loss	0.52484113
84	train/batch_box_loss	0.02756240
85	train/loss_step	2.57380676
85	train/lr	0.00030000
85	train/batch_acc	0.63636364
85	train/batch_box_iou	0.02823249
85	train/batch_cls_loss	0.48595387
85	train/batch_box_loss	0.02886356
86	train/loss_step	2.52328849
86	train/lr	0.00030000
86	train/batch_acc	0.64705882
86	train/batch_box_iou	0.06372214
86	train/batch_cls_loss	0.49591646
86	train/batch_box_loss	0.03096325
87	train/loss_step	2.57175350
87	train/lr	0.00030000
87	train/batch_acc	0.10526316
87	train/batch_box_iou	0.01489938
87	train/batch_cls_loss	0.45097002
87	train/batch_box_loss	0.03011647
88	train/loss_step	2.49888778
88	train/lr	0.00030000
88	train/batch_acc	0.40000000
88	train/batch_box_iou	0.04413740
88	train/batch_cls_loss	0.45337945
88	train/batch_box_loss	0.02675662
89	train/loss_step	2.23030543
89	train/lr	0.00030000
89	train/batch_acc	0.51612903
89	train/batch_box_iou	0.18724142
89	train/batch_cls_loss	0.51157367
89	train/batch_box_loss	0.01864291
90	train/loss_step	2.71934438
90	train/lr	0.00030000
90	train/batch_acc	0.52083333
90	train/batch_box_iou	0.06985481
90	train/batch_cls_loss	0.68793762
90	train/batch_box_loss	0.03422326
91	train/loss_step	2.54317474
91	train/lr	0.00030000
91	train/batch_acc	0.40000000
91	train/batch_box_iou	0.10838263
91	train/batch_cls_loss	0.65977055
91	train/batch_box_loss	0.02003391
92	train/loss_step	2.36352658
92	train/lr	0.00030000
92	train/batch_acc	0.29411765
92	train/batch_box_iou	0.08565537
92	train/batch_cls_loss	0.41480872
92	train/batch_box_loss	0.02400574
93	train/loss_step	2.39834833
93	train/lr	0.00030000
93	train/batch_acc	0.68421053
93	train/batch_box_iou	0.05289508
93	train/batch_cls_loss	0.38143748
93	train/batch_box_loss	0.02454019
94	train/loss_step	2.53474092
94	train/lr	0.00030000
94	train/batch_acc	0.40540541
94	train/batch_box_iou	0.07489603
94	train/batch_cls_loss	0.53577793
94	train/batch_box_loss	0.02975102
95	train/loss_step	2.66911316
95	train/lr	0.00030000
95	train/batch_acc	0.18181818
95	train/batch_box_iou	0.04939766
95	train/batch_cls_loss	0.63337499
95	train/batch_box_loss	0.02690667
96	train/loss_step	2.81253028
96	train/lr	0.00030000
96	train/batch_acc	0.25581395
96	train/batch_box_iou	0.03003350
96	train/batch_cls_loss	0.70795453
96	train/batch_box_loss	0.03292855
97	train/loss_step	2.65954208
97	train/lr	0.00030000
97	train/batch_acc	0.00000000
97	train/batch_box_iou	0.00854307
97	train/batch_cls_loss	0.50532830
97	train/batch_box_loss	0.03425997
98	train/loss_step	2.75576639
98	train/lr	0.00030000
98	train/batch_acc	0.28260870
98	train/batch_box_iou	0.05268260
98	train/batch_cls_loss	0.71907628
98	train/batch_box_loss	0.02841103
99	train/loss_step	2.60924959
99	train/lr	0.00030000
99	train/batch_acc	0.43478261
99	train/batch_box_iou	0.03966780
99	train/batch_cls_loss	0.52302611
99	train/batch_box_loss	0.03311183
100	train/loss_step	2.43708253
100	train/lr	0.00030000
100	train/batch_acc	0.64285714
100	train/batch_box_iou	0.06989216
100	train/batch_cls_loss	0.45148987
100	train/batch_box_loss	0.02507539
101	train/loss_step	2.62737179
101	train/lr	0.00030000
101	train/batch_acc	0.40540541
101	train/batch_box_iou	0.05377097
101	train/batch_cls_loss	0.57709563
101	train/batch_box_loss	0.03156361
102	train/loss_step	2.41505742
102	train/lr	0.00030000
102	train/batch_acc	0.50000000
102	train/batch_box_iou	0.03732277
102	train/batch_cls_loss	0.37623844
102	train/batch_box_loss	0.02269289
103	train/loss_step	2.80552816
103	train/lr	0.00030000
103	train/batch_acc	0.09375000
103	train/batch_box_iou	0.02128208
103	train/batch_cls_loss	0.66723955
103	train/batch_box_loss	0.03617058
104	train/loss_step	2.44896412
104	train/lr	0.00030000
104	train/batch_acc	0.73333333
104	train/batch_box_iou	0.02042446
104	train/batch_cls_loss	0.35584658
104	train/batch_box_loss	0.02679329
105	train/loss_step	2.55306816
105	train/lr	0.00030000
105	train/batch_acc	0.23529412
105	train/batch_box_iou	0.00881060
105	train/batch_cls_loss	0.42766005
105	train/batch_box_loss	0.02860583
106	train/loss_step	2.56027913
106	train/lr	0.00030000
106	train/batch_acc	0.53571429
106	train/batch_box_iou	0.03549480
106	train/batch_cls_loss	0.50734210
106	train/batch_box_loss	0.02478533
107	train/loss_step	2.37537837
107	train/lr	0.00030000
107	train/batch_acc	0.28571429
107	train/batch_box_iou	0.06967871
107	train/batch_cls_loss	0.39767152
107	train/batch_box_loss	0.02341286
108	train/loss_step	2.69244814
108	train/lr	0.00030000
108	train/batch_acc	0.10000000
108	train/batch_box_iou	0.03489927
108	train/batch_cls_loss	0.62337685
108	train/batch_box_loss	0.02777397
109	train/loss_step	2.70912385
109	train/lr	0.00030000
109	train/batch_acc	0.56250000
109	train/batch_box_iou	0.04593500
109	train/batch_cls_loss	0.65716171
109	train/batch_box_loss	0.02876644
110	train/loss_step	2.47779870
110	train/lr	0.00030000
110	train/batch_acc	0.26666667
110	train/batch_box_iou	0.04231063
110	train/batch_cls_loss	0.44684690
110	train/batch_box_loss	0.02311463
111	train/loss_step	2.56162882
111	train/lr	0.00030000
111	train/batch_acc	0.50000000
111	train/batch_box_iou	0.04121305
111	train/batch_cls_loss	0.53313291
111	train/batch_box_loss	0.02218438
112	train/loss_step	2.49167585
112	train/lr	0.00030000
112	train/batch_acc	0.40000000
112	train/batch_box_iou	0.04832902
112	train/batch_cls_loss	0.47449493
112	train/batch_box_loss	0.02276781
113	train/loss_step	2.55607533
113	train/lr	0.00030000
113	train/batch_acc	0.33333333
113	train/batch_box_iou	0.02463290
113	train/batch_cls_loss	0.49690562
113	train/batch_box_loss	0.02168712
114	train/loss_step	2.38843751
114	train/lr	0.00030000
114	train/batch_acc	0.69230769
114	train/batch_box_iou	0.07223319
114	train/batch_cls_loss	0.41240960
114	train/batch_box_loss	0.02409885
115	train/loss_step	2.60596657
115	train/lr	0.00030000
115	train/batch_acc	0.50000000
115	train/batch_box_iou	0.05172434
115	train/batch_cls_loss	0.56113279
115	train/batch_box_loss	0.02965649
116	train/loss_step	2.45491576
116	train/lr	0.00030000
116	train/batch_acc	0.48484848
116	train/batch_box_iou	0.09016136
116	train/batch_cls_loss	0.54278237
116	train/batch_box_loss	0.01849122
117	train/loss_step	2.79711199
117	train/lr	0.00030000
117	train/batch_acc	0.26829268
117	train/batch_box_iou	0.03021388
117	train/batch_cls_loss	0.71298587
117	train/batch_box_loss	0.02891076
118	train/loss_step	2.49217057
118	train/lr	0.00030000
118	train/batch_acc	0.60000000
118	train/batch_box_iou	0.04710206
118	train/batch_cls_loss	0.45156059
118	train/batch_box_loss	0.02696281
119	train/loss_step	2.48488760
119	train/lr	0.00030000
119	train/batch_acc	0.33333333
119	train/batch_box_iou	0.01284221
119	train/batch_cls_loss	0.35753980
119	train/batch_box_loss	0.03060644
120	train/loss_step	2.36072540
120	train/lr	0.00030000
120	train/batch_acc	0.25000000
120	train/batch_box_iou	0.09006821
120	train/batch_cls_loss	0.46451202
120	train/batch_box_loss	0.01526995
121	train/loss_step	2.43741775
121	train/lr	0.00030000
121	train/batch_acc	0.62500000
121	train/batch_box_iou	0.03408781
121	train/batch_cls_loss	0.37580323
121	train/batch_box_loss	0.02595803
122	train/loss_step	2.42320108
122	train/lr	0.00030000
122	train/batch_acc	0.21428571
122	train/batch_box_iou	0.02450363
122	train/batch_cls_loss	0.37503684
122	train/batch_box_loss	0.01943431
123	train/loss_step	2.49830770
123	train/lr	0.00030000
123	train/batch_acc	0.33333333
123	train/batch_box_iou	0.02280228
123	train/batch_cls_loss	0.43514633
123	train/batch_box_loss	0.02175318
124	train/loss_step	2.55311704
124	train/lr	0.00030000
124	train/batch_acc	0.47826087
124	train/batch_box_iou	0.00617614
124	train/batch_cls_loss	0.39975727
124	train/batch_box_loss	0.03314238
125	train/loss_step	2.63166142
125	train/lr	0.00030000
125	train/batch_acc	0.16129032
125	train/batch_box_iou	0.04012658
125	train/batch_cls_loss	0.58412302
125	train/batch_box_loss	0.02555832
126	train/loss_step	2.57928562
126	train/lr	0.00030000
126	train/batch_acc	0.33333333
126	train/batch_box_iou	0.01939820
126	train/batch_cls_loss	0.47685212
126	train/batch_box_loss	0.02824598
127	train/loss_step	2.58052397
127	train/lr	0.00030000
127	train/batch_acc	0.21621622
127	train/batch_box_iou	0.09536955
127	train/batch_cls_loss	0.66726565
127	train/batch_box_loss	0.02079948
128	train/loss_step	2.75499010
128	train/lr	0.00030000
128	train/batch_acc	0.17647059
128	train/batch_box_iou	0.01708059
128	train/batch_cls_loss	0.64936966
128	train/batch_box_loss	0.02795631
129	train/loss_step	2.49387908
129	train/lr	0.00030000
129	train/batch_acc	0.50000000
129	train/batch_box_iou	0.03593002
129	train/batch_cls_loss	0.41748053
129	train/batch_box_loss	0.02965174
130	train/loss_step	2.38007021
130	train/lr	0.00030000
130	train/batch_acc	0.06250000
130	train/batch_box_iou	0.06574323
130	train/batch_cls_loss	0.40052995
130	train/batch_box_loss	0.02220535
131	train/loss_step	2.53879666
131	train/lr	0.00030000
131	train/batch_acc	0.25000000
131	train/batch_box_iou	0.05311094
131	train/batch_cls_loss	0.50295448
131	train/batch_box_loss	0.02841283
132	train/loss_step	2.52974892
132	train/lr	0.00030000
132	train/batch_acc	0.39024390
132	train/batch_box_iou	0.13843818
132	train/batch_cls_loss	0.70476300
132	train/batch_box_loss	0.02037242
133	train/loss_step	2.52501941
133	train/lr	0.00030000
133	train/batch_acc	0.30000000
133	train/batch_box_iou	0.10547349
133	train/batch_cls_loss	0.59265518
133	train/batch_box_loss	0.02866225
134	train/loss_step	2.59336758
134	train/lr	0.00030000
134	train/batch_acc	0.45454545
134	train/batch_box_iou	0.02725882
134	train/batch_cls_loss	0.52328646
134	train/batch_box_loss	0.02491974
135	train/loss_step	2.58161664
135	train/lr	0.00030000
135	train/batch_acc	0.50000000
135	train/batch_box_iou	0.01483995
135	train/batch_cls_loss	0.48707926
135	train/batch_box_loss	0.02484345
136	train/loss_step	2.47977257
136	train/lr	0.00030000
136	train/batch_acc	0.31578947
136	train/batch_box_iou	0.02999640
136	train/batch_cls_loss	0.42303127
136	train/batch_box_loss	0.02334684
137	train/loss_step	2.43204355
137	train/lr	0.00030000
137	train/batch_acc	0.36363636
137	train/batch_box_iou	0.04015221
137	train/batch_cls_loss	0.38470852
137	train/batch_box_loss	0.02552789
138	train/loss_step	2.50162029
138	train/lr	0.00030000
138	train/batch_acc	0.46153846
138	train/batch_box_iou	0.02475090
138	train/batch_cls_loss	0.39454556
138	train/batch_box_loss	0.03131530
139	train/loss_step	2.37188125
139	train/lr	0.00030000
139	train/batch_acc	0.13333333
139	train/batch_box_iou	0.06402674
139	train/batch_cls_loss	0.38340592
139	train/batch_box_loss	0.02330575
140	train/loss_step	2.56302810
140	train/lr	0.00030000
140	train/batch_acc	0.50000000
140	train/batch_box_iou	0.01002695
140	train/batch_cls_loss	0.45308220
140	train/batch_box_loss	0.02599994
141	train/loss_step	2.52280164
141	train/lr	0.00030000
141	train/batch_acc	0.28571429
141	train/batch_box_iou	0.05480665
141	train/batch_cls_loss	0.51332510
141	train/batch_box_loss	0.02381797
142	train/loss_step	2.65755653
142	train/lr	0.00030000
142	train/batch_acc	0.38461538
142	train/batch_box_iou	0.03302775
142	train/batch_cls_loss	0.59002829
142	train/batch_box_loss	0.02671678
143	train/loss_step	2.64443874
143	train/lr	0.00030000
143	train/batch_acc	0.25000000
143	train/batch_box_iou	0.02535467
143	train/batch_cls_loss	0.57958448
143	train/batch_box_loss	0.02311272
144	train/loss_step	2.13999104
144	train/lr	0.00030000
144	train/batch_acc	0.40000000
144	train/batch_box_iou	0.15973639
144	train/batch_cls_loss	0.37654158
144	train/batch_box_loss	0.01658446
145	train/loss_step	2.56715441
145	train/lr	0.00030000
145	train/batch_acc	0.32142857
145	train/batch_box_iou	0.03531220
145	train/batch_cls_loss	0.50800234
145	train/batch_box_loss	0.02595531
146	train/loss_step	2.19052887
146	train/lr	0.00030000
146	train/batch_acc	0.18750000
146	train/batch_box_iou	0.12904994
146	train/batch_cls_loss	0.37894559
146	train/batch_box_loss	0.01393664
147	train/loss_step	2.49904776
147	train/lr	0.00030000
147	train/batch_acc	0.52000000
147	train/batch_box_iou	0.03436535
147	train/batch_cls_loss	0.45996112
147	train/batch_box_loss	0.02156347
148	train/loss_step	2.44756317
148	train/lr	0.00030000
148	train/batch_acc	0.29032258
148	train/batch_box_iou	0.12941934
148	train/batch_cls_loss	0.55950654
148	train/batch_box_loss	0.02937903
149	train/loss_step	2.55061245
149	train/lr	0.00030000
149	train/batch_acc	0.17391304
149	train/batch_box_iou	0.01589596
149	train/batch_cls_loss	0.47412798
149	train/batch_box_loss	0.02165526
150	train/loss_step	2.43768597
150	train/lr	0.00030000
150	train/batch_acc	0.27777778
150	train/batch_box_iou	0.03255046
150	train/batch_cls_loss	0.40340221
150	train/batch_box_loss	0.01987691
151	train/loss_step	2.54264402
151	train/lr	0.00030000
151	train/batch_acc	0.38461538
151	train/batch_box_iou	0.10036803
151	train/batch_cls_loss	0.64670765
151	train/batch_box_loss	0.01933449
152	train/loss_step	2.46568584
152	train/lr	0.00030000
152	train/batch_acc	0.09523810
152	train/batch_box_iou	0.03543853
152	train/batch_cls_loss	0.45006114
152	train/batch_box_loss	0.01730034
153	train/loss_step	2.49046326
153	train/lr	0.00030000
153	train/batch_acc	0.28571429
153	train/batch_box_iou	0.05183955
153	train/batch_cls_loss	0.48825109
153	train/batch_box_loss	0.02117823
154	train/loss_step	2.62990928
154	train/lr	0.00030000
154	train/batch_acc	0.25000000
154	train/batch_box_iou	0.03969854
154	train/batch_cls_loss	0.60640299
154	train/batch_box_loss	0.02058067
155	train/loss_step	2.65802717
155	train/lr	0.00030000
155	train/batch_acc	0.42857143
155	train/batch_box_iou	0.02800427
155	train/batch_cls_loss	0.59274322
155	train/batch_box_loss	0.02425850
156	train/loss_step	2.70219946
156	train/lr	0.00030000
156	train/batch_acc	0.13513514
156	train/batch_box_iou	0.02211063
156	train/batch_cls_loss	0.61287802
156	train/batch_box_loss	0.02670857
157	train/loss_step	2.63939619
157	train/lr	0.00030000
157	train/batch_acc	0.29411765
157	train/batch_box_iou	0.02886592
157	train/batch_cls_loss	0.56461579
157	train/batch_box_loss	0.02650247
158	train/loss_step	2.42505360
158	train/lr	0.00030000
158	train/batch_acc	0.41666667
158	train/batch_box_iou	0.04002176
158	train/batch_cls_loss	0.39294130
158	train/batch_box_loss	0.02243117
159	train/loss_step	2.41881561
159	train/lr	0.00030000
159	train/batch_acc	0.16666667
159	train/batch_box_iou	0.04769088
159	train/batch_cls_loss	0.40351802
159	train/batch_box_loss	0.02213586
160	train/loss_step	2.45208526
160	train/lr	0.00030000
160	train/batch_acc	0.16666667
160	train/batch_box_iou	0.03913014
160	train/batch_cls_loss	0.42654270
160	train/batch_box_loss	0.02076059
161	train/loss_step	2.64114904
161	train/lr	0.00030000
161	train/batch_acc	0.06250000
161	train/batch_box_iou	0.03012093
161	train/batch_cls_loss	0.58667839
161	train/batch_box_loss	0.02294250
162	train/loss_step	2.73701286
162	train/lr	0.00030000
162	train/batch_acc	0.28947368
162	train/batch_box_iou	0.03374651
162	train/batch_cls_loss	0.68592536
162	train/batch_box_loss	0.02371610
163	train/loss_step	2.45417118
163	train/lr	0.00030000
163	train/batch_acc	0.21739130
163	train/batch_box_iou	0.03480203
163	train/batch_cls_loss	0.41851187
163	train/batch_box_loss	0.02105265
164	train/loss_step	2.36457920
164	train/lr	0.00030000
164	train/batch_acc	0.56000000
164	train/batch_box_iou	0.08412516
164	train/batch_cls_loss	0.43893537
164	train/batch_box_loss	0.01877884
165	train/loss_step	2.47895813
165	train/lr	0.00030000
165	train/batch_acc	0.46428571
165	train/batch_box_iou	0.06614875
165	train/batch_cls_loss	0.51222920
165	train/batch_box_loss	0.01980531
166	train/loss_step	2.48643684
166	train/lr	0.00030000
166	train/batch_acc	0.55555556
166	train/batch_box_iou	0.03742580
166	train/batch_cls_loss	0.38105229
166	train/batch_box_loss	0.03604726
167	train/loss_step	2.42259192
167	train/lr	0.00030000
167	train/batch_acc	0.42857143
167	train/batch_box_iou	0.01938145
167	train/batch_cls_loss	0.36428404
167	train/batch_box_loss	0.01941415
168	train/loss_step	2.63055444
168	train/lr	0.00030000
168	train/batch_acc	0.03846154
168	train/batch_box_iou	0.03920492
168	train/batch_cls_loss	0.59284937
168	train/batch_box_loss	0.02322296
169	train/loss_step	2.60184574
169	train/lr	0.00030000
169	train/batch_acc	0.47058824
169	train/batch_box_iou	0.05098342
169	train/batch_cls_loss	0.57496536
169	train/batch_box_loss	0.02576947
170	train/loss_step	2.76292610
170	train/lr	0.00030000
170	train/batch_acc	0.33333333
170	train/batch_box_iou	0.08156658
170	train/batch_cls_loss	0.78753912
170	train/batch_box_loss	0.02770405
171	train/loss_step	2.58276033
171	train/lr	0.00030000
171	train/batch_acc	0.32558140
171	train/batch_box_iou	0.09104016
171	train/batch_cls_loss	0.68450648
171	train/batch_box_loss	0.01606682
172	train/loss_step	2.61466908
172	train/lr	0.00030000
172	train/batch_acc	0.24242424
172	train/batch_box_iou	0.05484318
172	train/batch_cls_loss	0.61563385
172	train/batch_box_loss	0.02174431
173	train/loss_step	2.61298656
173	train/lr	0.00030000
173	train/batch_acc	0.37500000
173	train/batch_box_iou	0.04028310
173	train/batch_cls_loss	0.58658385
173	train/batch_box_loss	0.02139377
174	train/loss_step	2.58366728
174	train/lr	0.00030000
174	train/batch_acc	0.22222222
174	train/batch_box_iou	0.04697014
174	train/batch_cls_loss	0.55594677
174	train/batch_box_loss	0.02433217
175	train/loss_step	2.60977030
175	train/lr	0.00030000
175	train/batch_acc	0.28125000
175	train/batch_box_iou	0.03796236
175	train/batch_cls_loss	0.57400006
175	train/batch_box_loss	0.02233901
176	train/loss_step	2.60546350
176	train/lr	0.00030000
176	train/batch_acc	0.28888889
176	train/batch_box_iou	0.11420312
176	train/batch_cls_loss	0.74399042
176	train/batch_box_loss	0.01797583
177	train/loss_step	2.80652595
177	train/lr	0.00030000
177	train/batch_acc	0.36538462
177	train/batch_box_iou	0.03396912
177	train/batch_cls_loss	0.75550568
177	train/batch_box_loss	0.02379170
178	train/loss_step	2.43232203
178	train/lr	0.00030000
178	train/batch_acc	0.36363636
178	train/batch_box_iou	0.05045929
178	train/batch_cls_loss	0.42499503
178	train/batch_box_loss	0.02164913
179	train/loss_step	2.45860338
179	train/lr	0.00030000
179	train/batch_acc	0.32258065
179	train/batch_box_iou	0.10640968
179	train/batch_cls_loss	0.57851076
179	train/batch_box_loss	0.01858239
180	train/loss_step	2.46264267
180	train/lr	0.00030000
180	train/batch_acc	0.37837838
180	train/batch_box_iou	0.08861125
180	train/batch_cls_loss	0.54142404
180	train/batch_box_loss	0.01968824
181	train/loss_step	3.33863831
181	train/lr	0.00030000
181	train/batch_acc	0.09803922
181	train/batch_box_iou	0.04942398
181	train/batch_cls_loss	1.32612729
181	train/batch_box_loss	0.02227177
182	train/loss_step	2.40102744
182	train/lr	0.00030000
182	train/batch_acc	0.61904762
182	train/batch_box_iou	0.02675226
182	train/batch_cls_loss	0.35895580
182	train/batch_box_loss	0.01911524
183	train/loss_step	2.57578397
183	train/lr	0.00030000
183	train/batch_acc	0.43243243
183	train/batch_box_iou	0.03342016
183	train/batch_cls_loss	0.52606106
183	train/batch_box_loss	0.02331263
184	train/loss_step	2.29113984
184	train/lr	0.00030000
184	train/batch_acc	0.33333333
184	train/batch_box_iou	0.11225861
184	train/batch_cls_loss	0.43973994
184	train/batch_box_loss	0.01518342
185	train/loss_step	2.47739863
185	train/lr	0.00030000
185	train/batch_acc	0.33333333
185	train/batch_box_iou	0.01635997
185	train/batch_cls_loss	0.38015702
185	train/batch_box_loss	0.02599231
186	train/loss_step	2.45069957
186	train/lr	0.00030000
186	train/batch_acc	0.41935484
186	train/batch_box_iou	0.09711361
186	train/batch_cls_loss	0.55537784
186	train/batch_box_loss	0.01790980
187	train/loss_step	2.56859326
187	train/lr	0.00030000
187	train/batch_acc	0.32142857
187	train/batch_box_iou	0.04675166
187	train/batch_cls_loss	0.54463732
187	train/batch_box_loss	0.02349187
188	train/loss_step	2.34676123
188	train/lr	0.00030000
188	train/batch_acc	0.51851852
188	train/batch_box_iou	0.08647696
188	train/batch_cls_loss	0.43603063
188	train/batch_box_loss	0.01673689
189	train/loss_step	2.48142958
189	train/lr	0.00030000
189	train/batch_acc	0.50000000
189	train/batch_box_iou	0.03259651
189	train/batch_cls_loss	0.41889209
189	train/batch_box_loss	0.02554610
190	train/loss_step	2.62503767
190	train/lr	0.00030000
190	train/batch_acc	0.27586207
190	train/batch_box_iou	0.03366862
190	train/batch_cls_loss	0.57569230
190	train/batch_box_loss	0.02333651
191	train/loss_step	2.48084164
191	train/lr	0.00030000
191	train/batch_acc	0.55882353
191	train/batch_box_iou	0.08034873
191	train/batch_cls_loss	0.53676057
191	train/batch_box_loss	0.02095570
192	train/loss_step	2.53424263
192	train/lr	0.00030000
192	train/batch_acc	0.45945946
192	train/batch_box_iou	0.13214713
192	train/batch_cls_loss	0.66626561
192	train/batch_box_loss	0.02645424
193	train/loss_step	2.46937037
193	train/lr	0.00030000
193	train/batch_acc	0.45454545
193	train/batch_box_iou	0.07637253
193	train/batch_cls_loss	0.51252180
193	train/batch_box_loss	0.02191874
194	train/loss_step	2.38622737
194	train/lr	0.00030000
194	train/batch_acc	0.30769231
194	train/batch_box_iou	0.03171838
194	train/batch_cls_loss	0.33683878
194	train/batch_box_loss	0.02256508
195	train/loss_step	2.66232753
195	train/lr	0.00030000
195	train/batch_acc	0.30303030
195	train/batch_box_iou	0.03462008
195	train/batch_cls_loss	0.61631656
195	train/batch_box_loss	0.02305025
196	train/loss_step	2.43865871
196	train/lr	0.00030000
196	train/batch_acc	0.56666667
196	train/batch_box_iou	0.03980631
196	train/batch_cls_loss	0.39901370
196	train/batch_box_loss	0.02385150
197	train/loss_step	2.49447417
197	train/lr	0.00030000
197	train/batch_acc	0.73333333
197	train/batch_box_iou	0.03011913
197	train/batch_cls_loss	0.43876690
197	train/batch_box_loss	0.02318911
198	train/loss_step	2.32958841
198	train/lr	0.00030000
198	train/batch_acc	0.65714286
198	train/batch_box_iou	0.10688642
198	train/batch_cls_loss	0.42392361
198	train/batch_box_loss	0.02388749
199	train/loss_step	2.44620514
199	train/lr	0.00030000
199	train/batch_acc	0.66666667
199	train/batch_box_iou	0.01681606
199	train/batch_cls_loss	0.37529808
199	train/batch_box_loss	0.02090784
200	train/loss_step	2.49262285
200	train/lr	0.00030000
200	train/batch_acc	0.30000000
200	train/batch_box_iou	0.03315888
200	train/batch_cls_loss	0.46475667
200	train/batch_box_loss	0.01883678
201	train/loss_step	2.42944717
201	train/lr	0.00030000
201	train/batch_acc	0.33333333
201	train/batch_box_iou	0.10087683
201	train/batch_cls_loss	0.52685046
201	train/batch_box_loss	0.02087008
202	train/loss_step	2.43384647
202	train/lr	0.00030000
202	train/batch_acc	0.35714286
202	train/batch_box_iou	0.02730886
202	train/batch_cls_loss	0.36300993
202	train/batch_box_loss	0.02509086
203	train/loss_step	2.45523500
203	train/lr	0.00030000
203	train/batch_acc	0.42307692
203	train/batch_box_iou	0.06650479
203	train/batch_cls_loss	0.48117048
203	train/batch_box_loss	0.02141481
204	train/loss_step	2.47681379
204	train/lr	0.00030000
204	train/batch_acc	0.12500000
204	train/batch_box_iou	0.05516859
204	train/batch_cls_loss	0.46857738
204	train/batch_box_loss	0.02371472
205	train/loss_step	2.63677549
205	train/lr	0.00030000
205	train/batch_acc	0.48571429
205	train/batch_box_iou	0.03329624
205	train/batch_cls_loss	0.59077048
205	train/batch_box_loss	0.02251950
206	train/loss_step	2.40789866
206	train/lr	0.00030000
206	train/batch_acc	0.76923077
206	train/batch_box_iou	0.02982684
206	train/batch_cls_loss	0.35510013
206	train/batch_box_loss	0.02249042
207	train/loss_step	2.84768510
207	train/lr	0.00030000
207	train/batch_acc	0.23404255
207	train/batch_box_iou	0.02378831
207	train/batch_cls_loss	0.77287143
207	train/batch_box_loss	0.02447807
208	train/loss_step	2.25157595
208	train/lr	0.00030000
208	train/batch_acc	0.60000000
208	train/batch_box_iou	0.14797871
208	train/batch_cls_loss	0.42863965
208	train/batch_box_loss	0.02377874
209	train/loss_step	2.31417179
209	train/lr	0.00030000
209	train/batch_acc	0.28571429
209	train/batch_box_iou	0.07989135
209	train/batch_cls_loss	0.39624178
209	train/batch_box_loss	0.01554254
210	train/loss_step	2.50560331
210	train/lr	0.00030000
210	train/batch_acc	0.31034483
210	train/batch_box_iou	0.07467583
210	train/batch_cls_loss	0.56058627
210	train/batch_box_loss	0.01887373
211	train/loss_step	2.31851506
211	train/lr	0.00030000
211	train/batch_acc	0.32258065
211	train/batch_box_iou	0.14905636
211	train/batch_cls_loss	0.50891620
211	train/batch_box_loss	0.02154234
212	train/loss_step	2.51246071
212	train/lr	0.00030000
212	train/batch_acc	0.48148148
212	train/batch_box_iou	0.03725518
212	train/batch_cls_loss	0.46853274
212	train/batch_box_loss	0.02368766
213	train/loss_step	2.40191698
213	train/lr	0.00030000
213	train/batch_acc	0.37500000
213	train/batch_box_iou	0.12463480
213	train/batch_cls_loss	0.55978072
213	train/batch_box_loss	0.01828118
214	train/loss_step	2.47393918
214	train/lr	0.00030000
214	train/batch_acc	0.36363636
214	train/batch_box_iou	0.09507953
214	train/batch_cls_loss	0.57005000
214	train/batch_box_loss	0.01880967
215	train/loss_step	2.42276978
215	train/lr	0.00030000
215	train/batch_acc	0.26315789
215	train/batch_box_iou	0.07238165
215	train/batch_cls_loss	0.46497795
215	train/batch_box_loss	0.02051102
216	train/loss_step	2.43041325
216	train/lr	0.00030000
216	train/batch_acc	0.00000000
216	train/batch_box_iou	0.04016085
216	train/batch_cls_loss	0.38589597
216	train/batch_box_loss	0.02496782
217	train/loss_step	2.52678943
217	train/lr	0.00030000
217	train/batch_acc	0.66666667
217	train/batch_box_iou	0.01582150
217	train/batch_cls_loss	0.41318935
217	train/batch_box_loss	0.02904863
218	train/loss_step	2.36017370
218	train/lr	0.00030000
218	train/batch_acc	0.33333333
218	train/batch_box_iou	0.04120011
218	train/batch_cls_loss	0.36280540
218	train/batch_box_loss	0.01595372
219	train/loss_step	2.73610091
219	train/lr	0.00030000
219	train/batch_acc	0.34375000
219	train/batch_box_iou	0.01106456
219	train/batch_cls_loss	0.63245118
219	train/batch_box_loss	0.02515578
220	train/loss_step	2.76746106
220	train/lr	0.00030000
220	train/batch_acc	0.25925926
220	train/batch_box_iou	0.02314359
220	train/batch_cls_loss	0.65150714
220	train/batch_box_loss	0.03244823
221	train/loss_step	2.46906710
221	train/lr	0.00030000
221	train/batch_acc	0.36363636
221	train/batch_box_iou	0.04795435
221	train/batch_cls_loss	0.46954483
221	train/batch_box_loss	0.01908623
222	train/loss_step	2.51580453
222	train/lr	0.00030000
222	train/batch_acc	0.41935484
222	train/batch_box_iou	0.03843751
222	train/batch_cls_loss	0.48367053
222	train/batch_box_loss	0.02180180
223	train/loss_step	2.50731945
223	train/lr	0.00030000
223	train/batch_acc	0.34782609
223	train/batch_box_iou	0.02425798
223	train/batch_cls_loss	0.43341011
223	train/batch_box_loss	0.02448508
224	train/loss_step	2.48360157
224	train/lr	0.00030000
224	train/batch_acc	0.52000000
224	train/batch_box_iou	0.03867812
224	train/batch_cls_loss	0.44007286
224	train/batch_box_loss	0.02417701
225	train/loss_step	2.38000298
225	train/lr	0.00030000
225	train/batch_acc	0.32258065
225	train/batch_box_iou	0.12252010
225	train/batch_cls_loss	0.49903384
225	train/batch_box_loss	0.02520187
226	train/loss_step	2.47942472
226	train/lr	0.00030000
226	train/batch_acc	0.83333333
226	train/batch_box_iou	0.02374332
226	train/batch_cls_loss	0.41195980
226	train/batch_box_loss	0.02299033
227	train/loss_step	2.62784576
227	train/lr	0.00030000
227	train/batch_acc	0.33333333
227	train/batch_box_iou	0.04868617
227	train/batch_cls_loss	0.59827626
227	train/batch_box_loss	0.02538834
228	train/loss_step	2.37416935
228	train/lr	0.00030000
228	train/batch_acc	0.48484848
228	train/batch_box_iou	0.10174005
228	train/batch_cls_loss	0.49535865
228	train/batch_box_loss	0.01645817
229	train/loss_step	2.58215165
229	train/lr	0.00030000
229	train/batch_acc	0.34375000
229	train/batch_box_iou	0.08808291
229	train/batch_cls_loss	0.65771079
229	train/batch_box_loss	0.02012135
230	train/loss_step	2.48699903
230	train/lr	0.00030000
230	train/batch_acc	0.09090909
230	train/batch_box_iou	0.07019599
230	train/batch_cls_loss	0.51949215
230	train/batch_box_loss	0.02157980
231	train/loss_step	2.29422235
231	train/lr	0.00030000
231	train/batch_acc	0.21052632
231	train/batch_box_iou	0.08502195
231	train/batch_cls_loss	0.40872473
231	train/batch_box_loss	0.01110832
232	train/loss_step	2.62460089
232	train/lr	0.00030000
232	train/batch_acc	0.13333333
232	train/batch_box_iou	0.05663604
232	train/batch_cls_loss	0.60125107
232	train/batch_box_loss	0.02732439
233	train/loss_step	2.50380993
233	train/lr	0.00030000
233	train/batch_acc	0.43333333
233	train/batch_box_iou	0.04981286
233	train/batch_cls_loss	0.50085986
233	train/batch_box_loss	0.02051516
234	train/loss_step	2.62911916
234	train/lr	0.00030000
234	train/batch_acc	0.40000000
234	train/batch_box_iou	0.06341179
234	train/batch_cls_loss	0.64704895
234	train/batch_box_loss	0.02177876
235	train/loss_step	2.57164240
235	train/lr	0.00030000
235	train/batch_acc	0.33333333
235	train/batch_box_iou	0.04285862
235	train/batch_cls_loss	0.57559836
235	train/batch_box_loss	0.01635222
236	train/loss_step	2.47637224
236	train/lr	0.00030000
236	train/batch_acc	0.71428571
236	train/batch_box_iou	0.03677747
236	train/batch_cls_loss	0.44290459
236	train/batch_box_loss	0.02140456
237	train/loss_step	2.67204070
237	train/lr	0.00030000
237	train/batch_acc	0.28571429
237	train/batch_box_iou	0.03818301
237	train/batch_cls_loss	0.63275683
237	train/batch_box_loss	0.02313000
238	train/loss_step	2.29211998
238	train/lr	0.00030000
238	train/batch_acc	0.29166667
238	train/batch_box_iou	0.10807043
238	train/batch_cls_loss	0.42988235
238	train/batch_box_loss	0.01567569
239	train/loss_step	2.57508612
239	train/lr	0.00030000
239	train/batch_acc	0.29032258
239	train/batch_box_iou	0.03379688
239	train/batch_cls_loss	0.51770377
239	train/batch_box_loss	0.02499525
240	train/loss_step	2.71922255
240	train/lr	0.00030000
240	train/batch_acc	0.27272727
240	train/batch_box_iou	0.02265817
240	train/batch_cls_loss	0.63233745
240	train/batch_box_loss	0.02644028
241	train/loss_step	2.43975902
241	train/lr	0.00030000
241	train/batch_acc	0.13636364
241	train/batch_box_iou	0.05050487
241	train/batch_cls_loss	0.47368953
241	train/batch_box_loss	0.01341585
242	train/loss_step	2.46369362
242	train/lr	0.00030000
242	train/batch_acc	0.56410256
242	train/batch_box_iou	0.10950142
242	train/batch_cls_loss	0.57938242
242	train/batch_box_loss	0.02066278
243	train/loss_step	2.27317929
243	train/lr	0.00030000
243	train/batch_acc	0.39130435
243	train/batch_box_iou	0.11919783
243	train/batch_cls_loss	0.41203052
243	train/batch_box_loss	0.01990890
244	train/loss_step	2.76902246
244	train/lr	0.00030000
244	train/batch_acc	0.33333333
244	train/batch_box_iou	0.03887045
244	train/batch_cls_loss	0.71853143
244	train/batch_box_loss	0.02564640
245	train/loss_step	2.32484293
245	train/lr	0.00030000
245	train/batch_acc	0.68965517
245	train/batch_box_iou	0.11808696
245	train/batch_cls_loss	0.43597624
245	train/batch_box_loss	0.02500812
246	train/loss_step	2.85911012
246	train/lr	0.00030000
246	train/batch_acc	0.23255814
246	train/batch_box_iou	0.04918954
246	train/batch_cls_loss	0.82180893
246	train/batch_box_loss	0.02713606
247	train/loss_step	2.61919546
247	train/lr	0.00030000
247	train/batch_acc	0.37037037
247	train/batch_box_iou	0.01052355
247	train/batch_cls_loss	0.49484438
247	train/batch_box_loss	0.02907964
248	train/loss_step	2.33255005
248	train/lr	0.00030000
248	train/batch_acc	0.60000000
248	train/batch_box_iou	0.04998201
248	train/batch_cls_loss	0.33284080
248	train/batch_box_loss	0.01993466
249	train/loss_step	2.62783623
249	train/lr	0.00030000
249	train/batch_acc	0.50000000
249	train/batch_box_iou	0.03854651
249	train/batch_cls_loss	0.58112293
249	train/batch_box_loss	0.02476129
250	train/loss_step	2.26417232
250	train/lr	0.00030000
250	train/batch_acc	0.73333333
250	train/batch_box_iou	0.12818520
250	train/batch_cls_loss	0.42714041
250	train/batch_box_loss	0.01868048
251	train/loss_step	2.35559011
251	train/lr	0.00030000
251	train/batch_acc	0.72222222
251	train/batch_box_iou	0.04558867
251	train/batch_cls_loss	0.34206581
251	train/batch_box_loss	0.02094035
252	train/loss_step	2.45828581
252	train/lr	0.00030000
252	train/batch_acc	0.61538462
252	train/batch_box_iou	0.04727242
252	train/batch_cls_loss	0.42176655
252	train/batch_box_loss	0.02621283
253	train/loss_step	2.62325048
253	train/lr	0.00030000
253	train/batch_acc	0.48780488
253	train/batch_box_iou	0.03030378
253	train/batch_cls_loss	0.53440750
253	train/batch_box_loss	0.02989008
254	train/loss_step	2.46015191
254	train/lr	0.00030000
254	train/batch_acc	0.42500000
254	train/batch_box_iou	0.10393007
254	train/batch_cls_loss	0.59153473
254	train/batch_box_loss	0.01529546
255	train/loss_step	2.63791299
255	train/lr	0.00030000
255	train/batch_acc	0.39393939
255	train/batch_box_iou	0.01961578
255	train/batch_cls_loss	0.56779075
255	train/batch_box_loss	0.02187076
256	train/loss_step	2.77141905
256	train/lr	0.00030000
256	train/batch_acc	0.35416667
256	train/batch_box_iou	0.04265087
256	train/batch_cls_loss	0.75006211
256	train/batch_box_loss	0.02133171
257	train/loss_step	2.59756398
257	train/lr	0.00030000
257	train/batch_acc	0.46153846
257	train/batch_box_iou	0.03461455
257	train/batch_cls_loss	0.57514560
257	train/batch_box_loss	0.01832951
258	train/loss_step	2.32155418
258	train/lr	0.00030000
258	train/batch_acc	0.30769231
258	train/batch_box_iou	0.05690858
258	train/batch_cls_loss	0.34995216
258	train/batch_box_loss	0.01708382
259	train/loss_step	2.41419172
259	train/lr	0.00030000
259	train/batch_acc	0.58823529
259	train/batch_box_iou	0.08611192
259	train/batch_cls_loss	0.47790626
259	train/batch_box_loss	0.02170183
260	train/loss_step	2.45609808
260	train/lr	0.00030000
260	train/batch_acc	0.41666667
260	train/batch_box_iou	0.06557037
260	train/batch_cls_loss	0.47060955
260	train/batch_box_loss	0.02332583
261	train/loss_step	2.35030556
261	train/lr	0.00030000
261	train/batch_acc	0.41176471
261	train/batch_box_iou	0.06120295
261	train/batch_cls_loss	0.40110356
261	train/batch_box_loss	0.01432160
262	train/loss_step	2.42930031
262	train/lr	0.00030000
262	train/batch_acc	0.37500000
262	train/batch_box_iou	0.10592489
262	train/batch_cls_loss	0.55215669
262	train/batch_box_loss	0.01779866
263	train/loss_step	2.03916740
263	train/lr	0.00030000
263	train/batch_acc	0.40000000
263	train/batch_box_iou	0.17501721
263	train/batch_cls_loss	0.34855294
263	train/batch_box_loss	0.00812976
264	train/loss_step	2.22934437
264	train/lr	0.00030000
264	train/batch_acc	0.30769231
264	train/batch_box_iou	0.09867001
264	train/batch_cls_loss	0.34523958
264	train/batch_box_loss	0.01628893
265	train/loss_step	2.26709628
265	train/lr	0.00030000
265	train/batch_acc	0.50000000
265	train/batch_box_iou	0.08071914
265	train/batch_cls_loss	0.33322260
265	train/batch_box_loss	0.01906240
266	train/loss_step	2.47132516
266	train/lr	0.00030000
266	train/batch_acc	0.35714286
266	train/batch_box_iou	0.05867815
266	train/batch_cls_loss	0.49042469
266	train/batch_box_loss	0.01965135
267	train/loss_step	2.59328914
267	train/lr	0.00030000
267	train/batch_acc	0.43181818
267	train/batch_box_iou	0.07121688
267	train/batch_cls_loss	0.62419587
267	train/batch_box_loss	0.02230541
268	train/loss_step	2.94657493
268	train/lr	0.00030000
268	train/batch_acc	0.16666667
268	train/batch_box_iou	0.01749529
268	train/batch_cls_loss	0.85748696
268	train/batch_box_loss	0.02481569
269	train/loss_step	2.52994204
269	train/lr	0.00030000
269	train/batch_acc	0.42857143
269	train/batch_box_iou	0.06700055
269	train/batch_cls_loss	0.56882471
269	train/batch_box_loss	0.01902371
270	train/loss_step	2.53336811
270	train/lr	0.00030000
270	train/batch_acc	0.59259259
270	train/batch_box_iou	0.03581790
270	train/batch_cls_loss	0.48008120
270	train/batch_box_loss	0.02498455
271	train/loss_step	2.66199851
271	train/lr	0.00030000
271	train/batch_acc	0.44117647
271	train/batch_box_iou	0.02118132
271	train/batch_cls_loss	0.59110123
271	train/batch_box_loss	0.02265198
272	train/loss_step	2.53699136
272	train/lr	0.00030000
272	train/batch_acc	0.38461538
272	train/batch_box_iou	0.01857694
272	train/batch_cls_loss	0.46585268
272	train/batch_box_loss	0.02165850
273	train/loss_step	2.55121207
273	train/lr	0.00030000
273	train/batch_acc	0.40000000
273	train/batch_box_iou	0.09954152
273	train/batch_cls_loss	0.65053356
273	train/batch_box_loss	0.01995232
274	train/loss_step	2.68073893
274	train/lr	0.00030000
274	train/batch_acc	0.38636364
274	train/batch_box_iou	0.03471101
274	train/batch_cls_loss	0.65180576
274	train/batch_box_loss	0.01967105
275	train/loss_step	2.27608871
275	train/lr	0.00030000
275	train/batch_acc	0.14285714
275	train/batch_box_iou	0.10574552
275	train/batch_cls_loss	0.40290779
275	train/batch_box_loss	0.01693443
276	train/loss_step	2.62374449
276	train/lr	0.00030000
276	train/batch_acc	0.31250000
276	train/batch_box_iou	0.03975143
276	train/batch_cls_loss	0.61549932
276	train/batch_box_loss	0.01754960
277	train/loss_step	2.46725368
277	train/lr	0.00030000
277	train/batch_acc	0.65517241
277	train/batch_box_iou	0.03115800
277	train/batch_cls_loss	0.42654184
277	train/batch_box_loss	0.02060558
278	train/loss_step	2.42392373
278	train/lr	0.00030000
278	train/batch_acc	0.44444444
278	train/batch_box_iou	0.05828873
278	train/batch_cls_loss	0.44404829
278	train/batch_box_loss	0.01929061
279	train/loss_step	2.30712295
279	train/lr	0.00030000
279	train/batch_acc	0.42857143
279	train/batch_box_iou	0.04974314
279	train/batch_cls_loss	0.32410923
279	train/batch_box_loss	0.01649998
280	train/loss_step	2.35083342
280	train/lr	0.00030000
280	train/batch_acc	0.38461538
280	train/batch_box_iou	0.04551348
280	train/batch_cls_loss	0.35484093
280	train/batch_box_loss	0.01740390
281	train/loss_step	2.40453172
281	train/lr	0.00030000
281	train/batch_acc	0.57142857
281	train/batch_box_iou	0.09793925
281	train/batch_cls_loss	0.52227575
281	train/batch_box_loss	0.01562688
282	train/loss_step	2.45620489
282	train/lr	0.00030000
282	train/batch_acc	0.50000000
282	train/batch_box_iou	0.10744896
282	train/batch_cls_loss	0.57944584
282	train/batch_box_loss	0.01833140
283	train/loss_step	2.45100403
283	train/lr	0.00030000
283	train/batch_acc	0.57142857
283	train/batch_box_iou	0.04100486
283	train/batch_cls_loss	0.41333133
283	train/batch_box_loss	0.02393649
284	train/loss_step	2.43732429
284	train/lr	0.00030000
284	train/batch_acc	0.27272727
284	train/batch_box_iou	0.05318107
284	train/batch_cls_loss	0.44875455
284	train/batch_box_loss	0.01898635
285	train/loss_step	2.43088341
285	train/lr	0.00030000
285	train/batch_acc	0.29629630
285	train/batch_box_iou	0.08407587
285	train/batch_cls_loss	0.51931912
285	train/batch_box_loss	0.01594321
286	train/loss_step	2.54318714
286	train/lr	0.00030000
286	train/batch_acc	0.24000000
286	train/batch_box_iou	0.03687952
286	train/batch_cls_loss	0.51124716
286	train/batch_box_loss	0.02113981
287	train/loss_step	2.50442505
287	train/lr	0.00030000
287	train/batch_acc	0.41463415
287	train/batch_box_iou	0.10015047
287	train/batch_cls_loss	0.60553509
287	train/batch_box_loss	0.01983820
288	train/loss_step	2.30120134
288	train/lr	0.00030000
288	train/batch_acc	0.08333333
288	train/batch_box_iou	0.10111831
288	train/batch_cls_loss	0.38177350
288	train/batch_box_loss	0.02433292
289	train/loss_step	2.55244923
289	train/lr	0.00030000
289	train/batch_acc	0.10526316
289	train/batch_box_iou	0.01278511
289	train/batch_cls_loss	0.46802014
289	train/batch_box_loss	0.02199986
290	train/loss_step	2.54316711
290	train/lr	0.00030000
290	train/batch_acc	0.57500000
290	train/batch_box_iou	0.09724156
290	train/batch_cls_loss	0.61629951
290	train/batch_box_loss	0.02427014
291	train/loss_step	2.32633615
291	train/lr	0.00030000
291	train/batch_acc	0.46153846
291	train/batch_box_iou	0.12292164
291	train/batch_cls_loss	0.47587487
291	train/batch_box_loss	0.01926091
292	train/loss_step	2.64419365
292	train/lr	0.00030000
292	train/batch_acc	0.48484848
292	train/batch_box_iou	0.01201698
292	train/batch_cls_loss	0.52128738
292	train/batch_box_loss	0.02938802
293	train/loss_step	2.46779275
293	train/lr	0.00030000
293	train/batch_acc	0.48000000
293	train/batch_box_iou	0.07276978
293	train/batch_cls_loss	0.51035583
293	train/batch_box_loss	0.02059527
294	train/loss_step	2.45178843
294	train/lr	0.00030000
294	train/batch_acc	0.47222222
294	train/batch_box_iou	0.12209085
294	train/batch_cls_loss	0.59409106
294	train/batch_box_loss	0.02037582
295	train/loss_step	2.63265514
295	train/lr	0.00030000
295	train/batch_acc	0.57500000
295	train/batch_box_iou	0.03001971
295	train/batch_cls_loss	0.55202949
295	train/batch_box_loss	0.02813299
296	train/loss_step	2.54299212
296	train/lr	0.00030000
296	train/batch_acc	0.50000000
296	train/batch_box_iou	0.05856123
296	train/batch_cls_loss	0.57122576
296	train/batch_box_loss	0.01777775
297	train/loss_step	2.44108391
297	train/lr	0.00030000
297	train/batch_acc	0.41176471
297	train/batch_box_iou	0.02208191
297	train/batch_cls_loss	0.35832119
297	train/batch_box_loss	0.02538530
298	train/loss_step	2.51795745
298	train/lr	0.00030000
298	train/batch_acc	0.51351351
298	train/batch_box_iou	0.04587705
298	train/batch_cls_loss	0.50476682
298	train/batch_box_loss	0.02098894
299	train/loss_step	2.51441002
299	train/lr	0.00030000
299	train/batch_acc	0.18181818
299	train/batch_box_iou	0.06644540
299	train/batch_cls_loss	0.54817975
299	train/batch_box_loss	0.01982420
300	train/loss_step	2.30355239
300	train/lr	0.00030000
300	train/batch_acc	0.35714286
300	train/batch_box_iou	0.06599935
300	train/batch_cls_loss	0.34165984
300	train/batch_box_loss	0.01877826
301	train/loss_step	2.48624945
301	train/lr	0.00030000
301	train/batch_acc	0.50000000
301	train/batch_box_iou	0.08239619
301	train/batch_cls_loss	0.56339955
301	train/batch_box_loss	0.01752846
302	train/loss_step	2.48326135
302	train/lr	0.00030000
302	train/batch_acc	0.48275862
302	train/batch_box_iou	0.04072428
302	train/batch_cls_loss	0.44874758
302	train/batch_box_loss	0.02319245
303	train/loss_step	2.32475495
303	train/lr	0.00030000
303	train/batch_acc	0.60000000
303	train/batch_box_iou	0.08502352
303	train/batch_cls_loss	0.41759536
303	train/batch_box_loss	0.01544133
304	train/loss_step	2.47131777
304	train/lr	0.00030000
304	train/batch_acc	0.24137931
304	train/batch_box_iou	0.08839869
304	train/batch_cls_loss	0.54861665
304	train/batch_box_loss	0.01989970
305	train/loss_step	2.64243221
305	train/lr	0.00030000
305	train/batch_acc	0.26666667
305	train/batch_box_iou	0.02952268
305	train/batch_cls_loss	0.58623600
305	train/batch_box_loss	0.02304829
306	train/loss_step	2.43192339
306	train/lr	0.00030000
306	train/batch_acc	0.27777778
306	train/batch_box_iou	0.05510435
306	train/batch_cls_loss	0.44483885
306	train/batch_box_loss	0.01945868
307	train/loss_step	2.52922416
307	train/lr	0.00030000
307	train/batch_acc	0.42857143
307	train/batch_box_iou	0.03630627
307	train/batch_cls_loss	0.45951596
307	train/batch_box_loss	0.02846415
308	train/loss_step	2.42773199
308	train/lr	0.00030000
308	train/batch_acc	0.45454545
308	train/batch_box_iou	0.02790675
308	train/batch_cls_loss	0.34748861
308	train/batch_box_loss	0.02721140
309	train/loss_step	2.49048066
309	train/lr	0.00030000
309	train/batch_acc	0.00000000
309	train/batch_box_iou	0.02761305
309	train/batch_cls_loss	0.47107518
309	train/batch_box_loss	0.01492632
310	train/loss_step	2.60510516
310	train/lr	0.00030000
310	train/batch_acc	0.44000000
310	train/batch_box_iou	0.09460265
310	train/batch_cls_loss	0.68219757
310	train/batch_box_loss	0.02242258
311	train/loss_step	2.46146011
311	train/lr	0.00030000
311	train/batch_acc	0.78571429
311	train/batch_box_iou	0.01671925
311	train/batch_cls_loss	0.35767913
311	train/batch_box_loss	0.02744391
312	train/loss_step	2.54082060
312	train/lr	0.00030000
312	train/batch_acc	0.36666667
312	train/batch_box_iou	0.02504459
312	train/batch_cls_loss	0.47272772
312	train/batch_box_loss	0.02363638
313	train/loss_step	2.62261581
313	train/lr	0.00030000
313	train/batch_acc	0.57500000
313	train/batch_box_iou	0.02574719
313	train/batch_cls_loss	0.54600972
313	train/batch_box_loss	0.02562007
314	train/loss_step	2.26014829
314	train/lr	0.00030000
314	train/batch_acc	0.44736842
314	train/batch_box_iou	0.23091818
314	train/batch_cls_loss	0.63050073
314	train/batch_box_loss	0.01829679
315	train/loss_step	2.70955229
315	train/lr	0.00030000
315	train/batch_acc	0.31250000
315	train/batch_box_iou	0.01390431
315	train/batch_cls_loss	0.59581196
315	train/batch_box_loss	0.02830981
316	train/loss_step	2.68641257
316	train/lr	0.00030000
316	train/batch_acc	0.33333333
316	train/batch_box_iou	0.04410441
316	train/batch_cls_loss	0.64784712
316	train/batch_box_loss	0.02535484
317	train/loss_step	2.55365705
317	train/lr	0.00030000
317	train/batch_acc	0.25714286
317	train/batch_box_iou	0.05841184
317	train/batch_cls_loss	0.57294554
317	train/batch_box_loss	0.01950706
318	train/loss_step	2.34677792
318	train/lr	0.00030000
318	train/batch_acc	0.30434783
318	train/batch_box_iou	0.11671272
318	train/batch_cls_loss	0.49190027
318	train/batch_box_loss	0.01766063
319	train/loss_step	2.43822050
319	train/lr	0.00030000
319	train/batch_acc	0.39393939
319	train/batch_box_iou	0.12697691
319	train/batch_cls_loss	0.59853101
319	train/batch_box_loss	0.01872866
320	train/loss_step	2.78492951
320	train/lr	0.00030000
320	train/batch_acc	0.33333333
320	train/batch_box_iou	0.05811323
320	train/batch_cls_loss	0.79613656
320	train/batch_box_loss	0.02100389
321	train/loss_step	2.49916124
321	train/lr	0.00030000
321	train/batch_acc	0.64705882
321	train/batch_box_iou	0.02099879
321	train/batch_cls_loss	0.41108781
321	train/batch_box_loss	0.02601418
322	train/loss_step	2.46609521
322	train/lr	0.00030000
322	train/batch_acc	0.40000000
322	train/batch_box_iou	0.02876808
322	train/batch_cls_loss	0.41956741
322	train/batch_box_loss	0.02081278
323	train/loss_step	2.44361305
323	train/lr	0.00030000
323	train/batch_acc	0.45833333
323	train/batch_box_iou	0.05683310
323	train/batch_cls_loss	0.46198598
323	train/batch_box_loss	0.01905862
324	train/loss_step	2.60585713
324	train/lr	0.00030000
324	train/batch_acc	0.12000000
324	train/batch_box_iou	0.03227526
324	train/batch_cls_loss	0.54854590
324	train/batch_box_loss	0.02437235
325	train/loss_step	2.56643295
325	train/lr	0.00030000
325	train/batch_acc	0.37837838
325	train/batch_box_iou	0.06651215
325	train/batch_cls_loss	0.57194233
325	train/batch_box_loss	0.02550297
326	train/loss_step	2.50236940
326	train/lr	0.00030000
326	train/batch_acc	0.63157895
326	train/batch_box_iou	0.00571319
326	train/batch_cls_loss	0.37456691
326	train/batch_box_loss	0.02784577
327	train/loss_step	2.57893825
327	train/lr	0.00030000
327	train/batch_acc	0.23529412
327	train/batch_box_iou	0.05826627
327	train/batch_cls_loss	0.60584921
327	train/batch_box_loss	0.01792431
328	train/loss_step	2.35942578
328	train/lr	0.00030000
328	train/batch_acc	0.28571429
328	train/batch_box_iou	0.04610293
328	train/batch_cls_loss	0.34102011
328	train/batch_box_loss	0.02212232
329	train/loss_step	2.42877793
329	train/lr	0.00030000
329	train/batch_acc	0.60714286
329	train/batch_box_iou	0.05349987
329	train/batch_cls_loss	0.45175618
329	train/batch_box_loss	0.01680432
330	train/loss_step	2.64357090
330	train/lr	0.00030000
330	train/batch_acc	0.23333333
330	train/batch_box_iou	0.04440595
330	train/batch_cls_loss	0.59446758
330	train/batch_box_loss	0.02758302
331	train/loss_step	2.61418223
331	train/lr	0.00030000
331	train/batch_acc	0.00000000
331	train/batch_box_iou	0.08049237
331	train/batch_cls_loss	0.68038642
331	train/batch_box_loss	0.01895612
332	train/loss_step	2.43179989
332	train/lr	0.00030000
332	train/batch_acc	0.54545455
332	train/batch_box_iou	0.08424370
332	train/batch_cls_loss	0.51454616
332	train/batch_box_loss	0.01714822
333	train/loss_step	2.30828142
333	train/lr	0.00030000
333	train/batch_acc	0.35294118
333	train/batch_box_iou	0.04895809
333	train/batch_cls_loss	0.33899078
333	train/batch_box_loss	0.01344134
334	train/loss_step	2.72021031
334	train/lr	0.00030000
334	train/batch_acc	0.36842105
334	train/batch_box_iou	0.03540319
334	train/batch_cls_loss	0.68284106
334	train/batch_box_loss	0.02163514
335	train/loss_step	2.59114790
335	train/lr	0.00030000
335	train/batch_acc	0.53846154
335	train/batch_box_iou	0.02736964
335	train/batch_cls_loss	0.52618062
335	train/batch_box_loss	0.02394131
336	train/loss_step	2.46025181
336	train/lr	0.00030000
336	train/batch_acc	0.42307692
336	train/batch_box_iou	0.03878958
336	train/batch_cls_loss	0.43591094
336	train/batch_box_loss	0.02038399
337	train/loss_step	2.47863913
337	train/lr	0.00030000
337	train/batch_acc	0.45833333
337	train/batch_box_iou	0.02041668
337	train/batch_cls_loss	0.39813212
337	train/batch_box_loss	0.02426805
338	train/loss_step	2.55793667
338	train/lr	0.00030000
338	train/batch_acc	0.37037037
338	train/batch_box_iou	0.02655294
338	train/batch_cls_loss	0.50426233
338	train/batch_box_loss	0.02135604
339	train/loss_step	2.47899437
339	train/lr	0.00030000
339	train/batch_acc	0.52631579
339	train/batch_box_iou	0.08575407
339	train/batch_cls_loss	0.55297780
339	train/batch_box_loss	0.01950497
340	train/loss_step	2.33901024
340	train/lr	0.00030000
340	train/batch_acc	0.60606061
340	train/batch_box_iou	0.10170498
340	train/batch_cls_loss	0.46181777
340	train/batch_box_loss	0.01612050
341	train/loss_step	2.47149253
341	train/lr	0.00030000
341	train/batch_acc	0.20000000
341	train/batch_box_iou	0.04029001
341	train/batch_cls_loss	0.43885714
341	train/batch_box_loss	0.02264308
342	train/loss_step	2.37833548
342	train/lr	0.00030000
342	train/batch_acc	0.60714286
342	train/batch_box_iou	0.09961309
342	train/batch_cls_loss	0.48819685
342	train/batch_box_loss	0.01787295
343	train/loss_step	2.43149257
343	train/lr	0.00030000
343	train/batch_acc	0.22222222
343	train/batch_box_iou	0.06519709
343	train/batch_cls_loss	0.47266778
343	train/batch_box_loss	0.01784379
344	train/loss_step	2.58967710
344	train/lr	0.00030000
344	train/batch_acc	0.55000000
344	train/batch_box_iou	0.02313681
344	train/batch_cls_loss	0.50988245
344	train/batch_box_loss	0.02521365
345	train/loss_step	2.49431992
345	train/lr	0.00030000
345	train/batch_acc	0.22727273
345	train/batch_box_iou	0.03383340
345	train/batch_cls_loss	0.46860489
345	train/batch_box_loss	0.01867633
346	train/loss_step	2.66782236
346	train/lr	0.00030000
346	train/batch_acc	0.13636364
346	train/batch_box_iou	0.02585741
346	train/batch_cls_loss	0.56448483
346	train/batch_box_loss	0.03101045
347	train/loss_step	2.42484522
347	train/lr	0.00030000
347	train/batch_acc	0.32000000
347	train/batch_box_iou	0.07536898
347	train/batch_cls_loss	0.49481177
347	train/batch_box_loss	0.01615430
348	train/loss_step	2.64056158
348	train/lr	0.00030000
348	train/batch_acc	0.03703704
348	train/batch_box_iou	0.02661079
348	train/batch_cls_loss	0.56897128
348	train/batch_box_loss	0.02496235
349	train/loss_step	2.44848537
349	train/lr	0.00030000
349	train/batch_acc	0.41666667
349	train/batch_box_iou	0.05729958
349	train/batch_cls_loss	0.45752242
349	train/batch_box_loss	0.02111242
350	train/loss_step	2.27744484
350	train/lr	0.00030000
350	train/batch_acc	0.43750000
350	train/batch_box_iou	0.09091339
350	train/batch_cls_loss	0.39771283
350	train/batch_box_loss	0.01231178
351	train/loss_step	2.33166337
351	train/lr	0.00030000
351	train/batch_acc	0.53125000
351	train/batch_box_iou	0.14349246
351	train/batch_cls_loss	0.53214568
351	train/batch_box_loss	0.01730053
352	train/loss_step	2.84351039
352	train/lr	0.00030000
352	train/batch_acc	0.22500000
352	train/batch_box_iou	0.05694440
352	train/batch_cls_loss	0.81433821
352	train/batch_box_loss	0.02861219
353	train/loss_step	2.68825293
353	train/lr	0.00030000
353	train/batch_acc	0.37500000
353	train/batch_box_iou	0.03025162
353	train/batch_cls_loss	0.62795913
353	train/batch_box_loss	0.02415940
354	train/loss_step	2.46635365
354	train/lr	0.00030000
354	train/batch_acc	0.52000000
354	train/batch_box_iou	0.03561651
354	train/batch_cls_loss	0.41890031
354	train/batch_box_loss	0.02373729
355	train/loss_step	2.50716758
355	train/lr	0.00030000
355	train/batch_acc	0.46666667
355	train/batch_box_iou	0.06674077
355	train/batch_cls_loss	0.53466731
355	train/batch_box_loss	0.02119636
356	train/loss_step	2.40425634
356	train/lr	0.00030000
356	train/batch_acc	0.47619048
356	train/batch_box_iou	0.05000139
356	train/batch_cls_loss	0.41197795
356	train/batch_box_loss	0.01845625
357	train/loss_step	2.36002398
357	train/lr	0.00030000
357	train/batch_acc	0.43333333
357	train/batch_box_iou	0.11337467
357	train/batch_cls_loss	0.52338052
357	train/batch_box_loss	0.01267854
358	train/loss_step	2.34390473
358	train/lr	0.00030000
358	train/batch_acc	0.75000000
358	train/batch_box_iou	0.08613021
358	train/batch_cls_loss	0.43223754
358	train/batch_box_loss	0.01678552
359	train/loss_step	2.28499317
359	train/lr	0.00030000
359	train/batch_acc	0.30769231
359	train/batch_box_iou	0.09635615
359	train/batch_cls_loss	0.39531583
359	train/batch_box_loss	0.01647794
360	train/loss_step	2.67038655
360	train/lr	0.00030000
360	train/batch_acc	0.64285714
360	train/batch_box_iou	0.08459473
360	train/batch_cls_loss	0.72531432
360	train/batch_box_loss	0.02285232
361	train/loss_step	2.41211987
361	train/lr	0.00030000
361	train/batch_acc	0.30434783
361	train/batch_box_iou	0.05654098
361	train/batch_cls_loss	0.43342578
361	train/batch_box_loss	0.01835520
362	train/loss_step	2.48499155
362	train/lr	0.00030000
362	train/batch_acc	0.42424242
362	train/batch_box_iou	0.06140968
362	train/batch_cls_loss	0.52151972
362	train/batch_box_loss	0.01725820
363	train/loss_step	2.70904160
363	train/lr	0.00030000
363	train/batch_acc	0.15625000
363	train/batch_box_iou	0.05192651
363	train/batch_cls_loss	0.70503217
363	train/batch_box_loss	0.02157246
364	train/loss_step	2.54571223
364	train/lr	0.00030000
364	train/batch_acc	0.44444444
364	train/batch_box_iou	0.04668592
364	train/batch_cls_loss	0.51250952
364	train/batch_box_loss	0.02531491
365	train/loss_step	2.25332046
365	train/lr	0.00030000
365	train/batch_acc	0.35294118
365	train/batch_box_iou	0.11027848
365	train/batch_cls_loss	0.36241767
365	train/batch_box_loss	0.02229196
366	train/loss_step	2.72027969
366	train/lr	0.00030000
366	train/batch_acc	0.38235294
366	train/batch_box_iou	0.02227635
366	train/batch_cls_loss	0.61790854
366	train/batch_box_loss	0.02938478
367	train/loss_step	2.43325901
367	train/lr	0.00030000
367	train/batch_acc	0.00000000
367	train/batch_box_iou	0.03346410
367	train/batch_cls_loss	0.37594020
367	train/batch_box_loss	0.02484938
368	train/loss_step	2.33353662
368	train/lr	0.00030000
368	train/batch_acc	0.28571429
368	train/batch_box_iou	0.05257050
368	train/batch_cls_loss	0.36693114
368	train/batch_box_loss	0.01434929
369	train/loss_step	2.39828777
369	train/lr	0.00030000
369	train/batch_acc	0.52380952
369	train/batch_box_iou	0.02600415
369	train/batch_cls_loss	0.35977140
369	train/batch_box_loss	0.01810494
370	train/loss_step	2.36071396
370	train/lr	0.00030000
370	train/batch_acc	0.25000000
370	train/batch_box_iou	0.04639250
370	train/batch_cls_loss	0.34784907
370	train/batch_box_loss	0.02112999
371	train/loss_step	2.28557205
371	train/lr	0.00030000
371	train/batch_acc	0.61538462
371	train/batch_box_iou	0.06629239
371	train/batch_cls_loss	0.35405225
371	train/batch_box_loss	0.01282090
372	train/loss_step	2.37007713
372	train/lr	0.00030000
372	train/batch_acc	0.33333333
372	train/batch_box_iou	0.03653302
372	train/batch_cls_loss	0.32798350
372	train/batch_box_loss	0.02303191
373	train/loss_step	2.18603206
373	train/lr	0.00030000
373	train/batch_acc	0.44000000
373	train/batch_box_iou	0.14421824
373	train/batch_cls_loss	0.40722543
373	train/batch_box_loss	0.01344861
374	train/loss_step	2.38315606
374	train/lr	0.00030000
374	train/batch_acc	0.33333333
374	train/batch_box_iou	0.06263744
374	train/batch_cls_loss	0.40766591
374	train/batch_box_loss	0.02015301
375	train/loss_step	2.26849413
375	train/lr	0.00030000
375	train/batch_acc	0.41176471
375	train/batch_box_iou	0.08478007
375	train/batch_cls_loss	0.36698484
375	train/batch_box_loss	0.01421391
376	train/loss_step	2.55327392
376	train/lr	0.00030000
376	train/batch_acc	0.11538462
376	train/batch_box_iou	0.04985738
376	train/batch_cls_loss	0.54902887
376	train/batch_box_loss	0.02079195
377	train/loss_step	2.60757399
377	train/lr	0.00030000
377	train/batch_acc	0.13793103
377	train/batch_box_iou	0.03429021
377	train/batch_cls_loss	0.56653702
377	train/batch_box_loss	0.02192346
378	train/loss_step	2.22357941
378	train/lr	0.00030000
378	train/batch_acc	0.27272727
378	train/batch_box_iou	0.09070532
378	train/batch_cls_loss	0.31173080
378	train/batch_box_loss	0.01865186
379	train/loss_step	2.53161192
379	train/lr	0.00030000
379	train/batch_acc	0.44000000
379	train/batch_box_iou	0.01845748
379	train/batch_cls_loss	0.44317895
379	train/batch_box_loss	0.02506961
380	train/loss_step	2.59290075
380	train/lr	0.00030000
380	train/batch_acc	0.12903226
380	train/batch_box_iou	0.03401906
380	train/batch_cls_loss	0.55635536
380	train/batch_box_loss	0.02091672
381	train/loss_step	2.65959787
381	train/lr	0.00030000
381	train/batch_acc	0.27272727
381	train/batch_box_iou	0.04426583
381	train/batch_cls_loss	0.63903356
381	train/batch_box_loss	0.02181916
382	train/loss_step	2.97428799
382	train/lr	0.00030000
382	train/batch_acc	0.15555556
382	train/batch_box_iou	0.07329897
382	train/batch_cls_loss	1.03522849
382	train/batch_box_loss	0.01713146
383	train/loss_step	2.55106163
383	train/lr	0.00030000
383	train/batch_acc	0.19230769
383	train/batch_box_iou	0.05331859
383	train/batch_cls_loss	0.55123860
383	train/batch_box_loss	0.02129206
384	train/loss_step	2.35907531
384	train/lr	0.00030000
384	train/batch_acc	0.32142857
384	train/batch_box_iou	0.12201901
384	train/batch_cls_loss	0.51157844
384	train/batch_box_loss	0.01830695
385	train/loss_step	2.48721981
385	train/lr	0.00030000
385	train/batch_acc	0.38709677
385	train/batch_box_iou	0.08481004
385	train/batch_cls_loss	0.55552417
385	train/batch_box_loss	0.02026314
386	train/loss_step	2.43308806
386	train/lr	0.00030000
386	train/batch_acc	0.11764706
386	train/batch_box_iou	0.02448307
386	train/batch_cls_loss	0.38429579
386	train/batch_box_loss	0.01955167
387	train/loss_step	2.26241112
387	train/lr	0.00030000
387	train/batch_acc	0.44444444
387	train/batch_box_iou	0.04939563
387	train/batch_cls_loss	0.27755854
387	train/batch_box_loss	0.01672877
388	train/loss_step	2.67535329
388	train/lr	0.00030000
388	train/batch_acc	0.26315789
388	train/batch_box_iou	0.03894200
388	train/batch_cls_loss	0.64825970
388	train/batch_box_loss	0.02099550
389	train/loss_step	2.36468387
389	train/lr	0.00030000
389	train/batch_acc	0.50000000
389	train/batch_box_iou	0.11378280
389	train/batch_cls_loss	0.50866723
389	train/batch_box_loss	0.01671644
390	train/loss_step	2.42254472
390	train/lr	0.00030000
390	train/batch_acc	0.15789474
390	train/batch_box_iou	0.03881159
390	train/batch_cls_loss	0.40990138
390	train/batch_box_loss	0.01805331
391	train/loss_step	2.43557715
391	train/lr	0.00030000
391	train/batch_acc	0.18750000
391	train/batch_box_iou	0.07820503
391	train/batch_cls_loss	0.49900797
391	train/batch_box_loss	0.01859587
392	train/loss_step	2.39810872
392	train/lr	0.00030000
392	train/batch_acc	0.26315789
392	train/batch_box_iou	0.05909960
392	train/batch_cls_loss	0.40823817
392	train/batch_box_loss	0.02161396
393	train/loss_step	2.59702992
393	train/lr	0.00030000
393	train/batch_acc	0.12903226
393	train/batch_box_iou	0.04761203
393	train/batch_cls_loss	0.57618392
393	train/batch_box_loss	0.02321402
394	train/loss_step	2.57874537
394	train/lr	0.00030000
394	train/batch_acc	0.32258065
394	train/batch_box_iou	0.08501387
394	train/batch_cls_loss	0.62449384
394	train/batch_box_loss	0.02485582
395	train/loss_step	2.38466811
395	train/lr	0.00030000
395	train/batch_acc	0.40909091
395	train/batch_box_iou	0.05670583
395	train/batch_cls_loss	0.41903219
395	train/batch_box_loss	0.01580952
396	train/loss_step	2.41357780
396	train/lr	0.00030000
396	train/batch_acc	0.23529412
396	train/batch_box_iou	0.02682111
396	train/batch_cls_loss	0.37435734
396	train/batch_box_loss	0.01857253
397	train/loss_step	2.45623493
397	train/lr	0.00030000
397	train/batch_acc	0.28571429
397	train/batch_box_iou	0.01013918
397	train/batch_cls_loss	0.33195582
397	train/batch_box_loss	0.02891151
398	train/loss_step	2.77691650
398	train/lr	0.00030000
398	train/batch_acc	0.09677419
398	train/batch_box_iou	0.03254348
398	train/batch_cls_loss	0.73122263
398	train/batch_box_loss	0.02215617
399	train/loss_step	2.24780345
399	train/lr	0.00030000
399	train/batch_acc	0.07692308
399	train/batch_box_iou	0.10170376
399	train/batch_cls_loss	0.39091212
399	train/batch_box_loss	0.01205978
400	train/loss_step	2.67351532
400	train/lr	0.00030000
400	train/batch_acc	0.26829268
400	train/batch_box_iou	0.02884484
400	train/batch_cls_loss	0.60548741
400	train/batch_box_loss	0.02514350
401	train/loss_step	2.48863888
401	train/lr	0.00030000
401	train/batch_acc	0.53333333
401	train/batch_box_iou	0.01717081
401	train/batch_cls_loss	0.41604602
401	train/batch_box_loss	0.02138686
402	train/loss_step	2.31986594
402	train/lr	0.00030000
402	train/batch_acc	0.28571429
402	train/batch_box_iou	0.05412335
402	train/batch_cls_loss	0.34648329
402	train/batch_box_loss	0.01632585
403	train/loss_step	2.53928471
403	train/lr	0.00030000
403	train/batch_acc	0.27777778
403	train/batch_box_iou	0.05568204
403	train/batch_cls_loss	0.55437309
403	train/batch_box_loss	0.01925516
404	train/loss_step	2.55908275
404	train/lr	0.00030000
404	train/batch_acc	0.19354839
404	train/batch_box_iou	0.07882053
404	train/batch_cls_loss	0.61274964
404	train/batch_box_loss	0.02079485
405	train/loss_step	2.42134666
405	train/lr	0.00030000
405	train/batch_acc	0.39130435
405	train/batch_box_iou	0.04539460
405	train/batch_cls_loss	0.40554756
405	train/batch_box_loss	0.02131764
406	train/loss_step	2.68346119
406	train/lr	0.00030000
406	train/batch_acc	0.25714286
406	train/batch_box_iou	0.02761651
406	train/batch_cls_loss	0.63829827
406	train/batch_box_loss	0.02007917
407	train/loss_step	2.56440020
407	train/lr	0.00030000
407	train/batch_acc	0.33333333
407	train/batch_box_iou	0.04792741
407	train/batch_cls_loss	0.54845750
407	train/batch_box_loss	0.02235947
408	train/loss_step	2.44709444
408	train/lr	0.00030000
408	train/batch_acc	0.28571429
408	train/batch_box_iou	0.03880091
408	train/batch_cls_loss	0.42818576
408	train/batch_box_loss	0.01930210
409	train/loss_step	2.47167492
409	train/lr	0.00030000
409	train/batch_acc	0.26923077
409	train/batch_box_iou	0.05866158
409	train/batch_cls_loss	0.48232552
409	train/batch_box_loss	0.02133452
410	train/loss_step	2.44560456
410	train/lr	0.00030000
410	train/batch_acc	0.46875000
410	train/batch_box_iou	0.09559074
410	train/batch_cls_loss	0.53483760
410	train/batch_box_loss	0.02038968
411	train/loss_step	2.29566908
411	train/lr	0.00030000
411	train/batch_acc	0.34615385
411	train/batch_box_iou	0.12706502
411	train/batch_cls_loss	0.46474132
411	train/batch_box_loss	0.01701155
412	train/loss_step	2.37074161
412	train/lr	0.00030000
412	train/batch_acc	0.18750000
412	train/batch_box_iou	0.05532081
412	train/batch_cls_loss	0.39596850
412	train/batch_box_loss	0.01708293
413	train/loss_step	3.00304985
413	train/lr	0.00030000
413	train/batch_acc	0.11627907
413	train/batch_box_iou	0.04784078
413	train/batch_cls_loss	0.98465180
413	train/batch_box_loss	0.02281592
414	train/loss_step	2.36934519
414	train/lr	0.00030000
414	train/batch_acc	0.29629630
414	train/batch_box_iou	0.12488660
414	train/batch_cls_loss	0.54931045
414	train/batch_box_loss	0.01396161
415	train/loss_step	2.43295836
415	train/lr	0.00030000
415	train/batch_acc	0.00000000
415	train/batch_box_iou	0.04301236
415	train/batch_cls_loss	0.41287166
415	train/batch_box_loss	0.02122230
416	train/loss_step	2.74292684
416	train/lr	0.00030000
416	train/batch_acc	0.47727273
416	train/batch_box_iou	0.04449640
416	train/batch_cls_loss	0.71998668
416	train/batch_box_loss	0.02238659
417	train/loss_step	2.42089987
417	train/lr	0.00030000
417	train/batch_acc	0.33333333
417	train/batch_box_iou	0.03382979
417	train/batch_cls_loss	0.36023682
417	train/batch_box_loss	0.02566455
418	train/loss_step	2.04378414
418	train/lr	0.00030000
418	train/batch_acc	0.57894737
418	train/batch_box_iou	0.19626740
418	train/batch_cls_loss	0.35381404
418	train/batch_box_loss	0.01650096
419	train/loss_step	2.51267862
419	train/lr	0.00030000
419	train/batch_acc	0.31428571
419	train/batch_box_iou	0.07276062
419	train/batch_cls_loss	0.56783879
419	train/batch_box_loss	0.01807223
420	train/loss_step	2.58136606
420	train/lr	0.00030000
420	train/batch_acc	0.04166667
420	train/batch_box_iou	0.03371168
420	train/batch_cls_loss	0.51847637
420	train/batch_box_loss	0.02606261
421	train/loss_step	2.47833967
421	train/lr	0.00030000
421	train/batch_acc	0.64444444
421	train/batch_box_iou	0.10837479
421	train/batch_cls_loss	0.58462274
421	train/batch_box_loss	0.02209330
422	train/loss_step	2.52588344
422	train/lr	0.00030000
422	train/batch_acc	0.37931034
422	train/batch_box_iou	0.04286445
422	train/batch_cls_loss	0.50333869
422	train/batch_box_loss	0.02165472
423	train/loss_step	2.65510321
423	train/lr	0.00030000
423	train/batch_acc	0.22222222
423	train/batch_box_iou	0.02725741
423	train/batch_cls_loss	0.61039257
423	train/batch_box_loss	0.01984509
424	train/loss_step	2.57217979
424	train/lr	0.00030000
424	train/batch_acc	0.32432432
424	train/batch_box_iou	0.06439935
424	train/batch_cls_loss	0.60194761
424	train/batch_box_loss	0.01980621
425	train/loss_step	2.48894072
425	train/lr	0.00030000
425	train/batch_acc	0.70454545
425	train/batch_box_iou	0.09881852
425	train/batch_cls_loss	0.58480430
425	train/batch_box_loss	0.02035472
426	train/loss_step	2.63267469
426	train/lr	0.00030000
426	train/batch_acc	0.25000000
426	train/batch_box_iou	0.01775872
426	train/batch_cls_loss	0.53817409
426	train/batch_box_loss	0.02600364
427	train/loss_step	2.39277077
427	train/lr	0.00030000
427	train/batch_acc	0.37037037
427	train/batch_box_iou	0.10121413
427	train/batch_cls_loss	0.50660735
427	train/batch_box_loss	0.01771833
428	train/loss_step	2.51393604
428	train/lr	0.00030000
428	train/batch_acc	0.44444444
428	train/batch_box_iou	0.04573970
428	train/batch_cls_loss	0.45629954
428	train/batch_box_loss	0.02982320
429	train/loss_step	2.60189962
429	train/lr	0.00030000
429	train/batch_acc	0.41463415
429	train/batch_box_iou	0.02467398
429	train/batch_cls_loss	0.52688384
429	train/batch_box_loss	0.02487274
430	train/loss_step	2.68058062
430	train/lr	0.00030000
430	train/batch_acc	0.52380952
430	train/batch_box_iou	0.02621646
430	train/batch_cls_loss	0.57985365
430	train/batch_box_loss	0.03063199
431	train/loss_step	2.32749605
431	train/lr	0.00030000
431	train/batch_acc	0.22222222
431	train/batch_box_iou	0.03374753
431	train/batch_cls_loss	0.31314248
431	train/batch_box_loss	0.01636976
432	train/loss_step	2.58862567
432	train/lr	0.00030000
432	train/batch_acc	0.13793103
432	train/batch_box_iou	0.04281548
432	train/batch_cls_loss	0.58801353
432	train/batch_box_loss	0.01724863
433	train/loss_step	2.39087439
433	train/lr	0.00030000
433	train/batch_acc	0.22222222
433	train/batch_box_iou	0.05754667
433	train/batch_cls_loss	0.41789824
433	train/batch_box_loss	0.01761388
434	train/loss_step	2.41570854
434	train/lr	0.00030000
434	train/batch_acc	0.30434783
434	train/batch_box_iou	0.08072233
434	train/batch_cls_loss	0.50395966
434	train/batch_box_loss	0.01463869
435	train/loss_step	2.51759481
435	train/lr	0.00030000
435	train/batch_acc	0.09677419
435	train/batch_box_iou	0.08970454
435	train/batch_cls_loss	0.61713004
435	train/batch_box_loss	0.01597474
436	train/loss_step	2.60945272
436	train/lr	0.00030000
436	train/batch_acc	0.39393939
436	train/batch_box_iou	0.02783317
436	train/batch_cls_loss	0.52809215
436	train/batch_box_loss	0.02740541
437	train/loss_step	2.50465035
437	train/lr	0.00030000
437	train/batch_acc	0.11538462
437	train/batch_box_iou	0.06725293
437	train/batch_cls_loss	0.53760540
437	train/batch_box_loss	0.02031016
438	train/loss_step	2.60299635
438	train/lr	0.00030000
438	train/batch_acc	0.42857143
438	train/batch_box_iou	0.03696146
438	train/batch_cls_loss	0.57400429
438	train/batch_box_loss	0.02058296
439	train/loss_step	2.35476422
439	train/lr	0.00030000
439	train/batch_acc	0.16666667
439	train/batch_box_iou	0.07464330
439	train/batch_cls_loss	0.41876692
439	train/batch_box_loss	0.01705680
440	train/loss_step	2.42089176
440	train/lr	0.00030000
440	train/batch_acc	0.28571429
440	train/batch_box_iou	0.07709480
440	train/batch_cls_loss	0.47204044
440	train/batch_box_loss	0.02060820
441	train/loss_step	2.47424126
441	train/lr	0.00030000
441	train/batch_acc	0.52941176
441	train/batch_box_iou	0.03734032
441	train/batch_cls_loss	0.44984698
441	train/batch_box_loss	0.01981501
442	train/loss_step	2.59695292
442	train/lr	0.00030000
442	train/batch_acc	0.38709677
442	train/batch_box_iou	0.03236600
442	train/batch_cls_loss	0.56500649
442	train/batch_box_loss	0.01933570
443	train/loss_step	2.68703079
443	train/lr	0.00030000
443	train/batch_acc	0.14285714
443	train/batch_box_iou	0.03053917
443	train/batch_cls_loss	0.61949265
443	train/batch_box_loss	0.02572328
444	train/loss_step	2.40584540
444	train/lr	0.00030000
444	train/batch_acc	0.09090909
444	train/batch_box_iou	0.01518484
444	train/batch_cls_loss	0.32941380
444	train/batch_box_loss	0.02136026
445	train/loss_step	2.35409260
445	train/lr	0.00030000
445	train/batch_acc	0.39393939
445	train/batch_box_iou	0.16094822
445	train/batch_cls_loss	0.60295653
445	train/batch_box_loss	0.01460648
446	train/loss_step	2.47049570
446	train/lr	0.00030000
446	train/batch_acc	0.40909091
446	train/batch_box_iou	0.02373088
446	train/batch_cls_loss	0.42290288
446	train/batch_box_loss	0.01901090
447	train/loss_step	2.58477855
447	train/lr	0.00030000
447	train/batch_acc	0.34375000
447	train/batch_box_iou	0.05401969
447	train/batch_cls_loss	0.59459209
447	train/batch_box_loss	0.01964517
448	train/loss_step	2.23256683
448	train/lr	0.00030000
448	train/batch_acc	0.44444444
448	train/batch_box_iou	0.06920451
448	train/batch_cls_loss	0.26461476
448	train/batch_box_loss	0.02127223
449	train/loss_step	2.47793269
449	train/lr	0.00030000
449	train/batch_acc	0.46341463
449	train/batch_box_iou	0.10058498
449	train/batch_cls_loss	0.59387243
449	train/batch_box_loss	0.01704606
450	train/loss_step	2.22337508
450	train/lr	0.00030000
450	train/batch_acc	0.25000000
450	train/batch_box_iou	0.11769895
450	train/batch_cls_loss	0.40003470
450	train/batch_box_loss	0.01174766
451	train/loss_step	2.42915297
451	train/lr	0.00030000
451	train/batch_acc	0.45833333
451	train/batch_box_iou	0.05671939
451	train/batch_cls_loss	0.43524370
451	train/batch_box_loss	0.02146962
452	train/loss_step	2.48409462
452	train/lr	0.00030000
452	train/batch_acc	0.73809524
452	train/batch_box_iou	0.10035644
452	train/batch_cls_loss	0.59376675
452	train/batch_box_loss	0.01820813
453	train/loss_step	2.50363898
453	train/lr	0.00030000
453	train/batch_acc	0.32000000
453	train/batch_box_iou	0.03916400
453	train/batch_cls_loss	0.45239297
453	train/batch_box_loss	0.02591480
454	train/loss_step	2.46388912
454	train/lr	0.00030000
454	train/batch_acc	0.18518519
454	train/batch_box_iou	0.10872211
454	train/batch_cls_loss	0.57312560
454	train/batch_box_loss	0.02164157
455	train/loss_step	2.68205738
455	train/lr	0.00030000
455	train/batch_acc	0.24324324
455	train/batch_box_iou	0.08464615
455	train/batch_cls_loss	0.74247557
455	train/batch_box_loss	0.02177481
456	train/loss_step	2.70520306
456	train/lr	0.00030000
456	train/batch_acc	0.22500000
456	train/batch_box_iou	0.02311753
456	train/batch_cls_loss	0.62887359
456	train/batch_box_loss	0.02451289
457	train/loss_step	2.52010345
457	train/lr	0.00030000
457	train/batch_acc	0.45833333
457	train/batch_box_iou	0.01587510
457	train/batch_cls_loss	0.45527384
457	train/batch_box_loss	0.01931596
458	train/loss_step	2.53547764
458	train/lr	0.00030000
458	train/batch_acc	0.38461538
458	train/batch_box_iou	0.02867881
458	train/batch_cls_loss	0.48407584
458	train/batch_box_loss	0.02175186
459	train/loss_step	2.33714032
459	train/lr	0.00030000
459	train/batch_acc	0.36363636
459	train/batch_box_iou	0.04006881
459	train/batch_cls_loss	0.29674578
459	train/batch_box_loss	0.02410645
460	train/loss_step	2.59684634
460	train/lr	0.00030000
460	train/batch_acc	0.27586207
460	train/batch_box_iou	0.02772665
460	train/batch_cls_loss	0.55235600
460	train/batch_box_loss	0.01998873
461	train/loss_step	2.28447437
461	train/lr	0.00030000
461	train/batch_acc	0.25000000
461	train/batch_box_iou	0.08213340
461	train/batch_cls_loss	0.37097424
461	train/batch_box_loss	0.01555342
462	train/loss_step	2.70068860
462	train/lr	0.00030000
462	train/batch_acc	0.16666667
462	train/batch_box_iou	0.08115592
462	train/batch_cls_loss	0.73918355
462	train/batch_box_loss	0.02476335
463	train/loss_step	2.47113562
463	train/lr	0.00030000
463	train/batch_acc	0.34482759
463	train/batch_box_iou	0.08253950
463	train/batch_cls_loss	0.55117452
463	train/batch_box_loss	0.01700799
464	train/loss_step	2.41675019
464	train/lr	0.00030000
464	train/batch_acc	0.40740741
464	train/batch_box_iou	0.09118100
464	train/batch_cls_loss	0.50237477
464	train/batch_box_loss	0.01934749
465	train/loss_step	2.51128983
465	train/lr	0.00030000
465	train/batch_acc	0.32142857
465	train/batch_box_iou	0.04884148
465	train/batch_cls_loss	0.52107000
465	train/batch_box_loss	0.01758055
466	train/loss_step	2.68228054
466	train/lr	0.00030000
466	train/batch_acc	0.28571429
466	train/batch_box_iou	0.01827565
466	train/batch_cls_loss	0.60221410
466	train/batch_box_loss	0.02332354
467	train/loss_step	2.60977030
467	train/lr	0.00030000
467	train/batch_acc	0.38297872
467	train/batch_box_iou	0.08536495
467	train/batch_cls_loss	0.66470367
467	train/batch_box_loss	0.02315933
468	train/loss_step	2.34528589
468	train/lr	0.00030000
468	train/batch_acc	0.41666667
468	train/batch_box_iou	0.16844937
468	train/batch_cls_loss	0.58157545
468	train/batch_box_loss	0.02012186
469	train/loss_step	2.62279439
469	train/lr	0.00030000
469	train/batch_acc	0.21428571
469	train/batch_box_iou	0.03016914
469	train/batch_cls_loss	0.54323864
469	train/batch_box_loss	0.02797880
470	train/loss_step	2.63072109
470	train/lr	0.00030000
470	train/batch_acc	0.27586207
470	train/batch_box_iou	0.05316104
470	train/batch_cls_loss	0.64321387
470	train/batch_box_loss	0.01876588
471	train/loss_step	2.43782735
471	train/lr	0.00030000
471	train/batch_acc	0.42105263
471	train/batch_box_iou	0.03399505
471	train/batch_cls_loss	0.39569533
471	train/batch_box_loss	0.02202441
472	train/loss_step	2.60613608
472	train/lr	0.00030000
472	train/batch_acc	0.36666667
472	train/batch_box_iou	0.02318523
472	train/batch_cls_loss	0.53563732
472	train/batch_box_loss	0.02337384
473	train/loss_step	2.56086183
473	train/lr	0.00030000
473	train/batch_acc	0.44000000
473	train/batch_box_iou	0.03151637
473	train/batch_cls_loss	0.52856106
473	train/batch_box_loss	0.01906672
474	train/loss_step	2.33526850
474	train/lr	0.00030000
474	train/batch_acc	0.33333333
474	train/batch_box_iou	0.07848993
474	train/batch_cls_loss	0.42841029
474	train/batch_box_loss	0.01276759
475	train/loss_step	3.12854433
475	train/lr	0.00030000
475	train/batch_acc	0.37500000
475	train/batch_box_iou	0.04559525
475	train/batch_cls_loss	1.10112751
475	train/batch_box_loss	0.02372145
476	train/loss_step	2.38261271
476	train/lr	0.00030000
476	train/batch_acc	0.45000000
476	train/batch_box_iou	0.03562784
476	train/batch_cls_loss	0.35891747
476	train/batch_box_loss	0.01899019
477	train/loss_step	2.69435573
477	train/lr	0.00030000
477	train/batch_acc	0.61702128
477	train/batch_box_iou	0.03354952
477	train/batch_cls_loss	0.64301872
477	train/batch_box_loss	0.02368720
478	train/loss_step	2.75973940
478	train/lr	0.00030000
478	train/batch_acc	0.44186047
478	train/batch_box_iou	0.02403939
478	train/batch_cls_loss	0.64571458
478	train/batch_box_loss	0.03242072
479	train/loss_step	2.57866669
479	train/lr	0.00030000
479	train/batch_acc	0.44736842
479	train/batch_box_iou	0.05384919
479	train/batch_cls_loss	0.59686828
479	train/batch_box_loss	0.01789940
480	train/loss_step	2.57107830
480	train/lr	0.00030000
480	train/batch_acc	0.13793103
480	train/batch_box_iou	0.04196332
480	train/batch_cls_loss	0.53375351
480	train/batch_box_loss	0.02425032
481	train/loss_step	2.34437990
481	train/lr	0.00030000
481	train/batch_acc	0.64000000
481	train/batch_box_iou	0.08513717
481	train/batch_cls_loss	0.43699354
481	train/batch_box_loss	0.01553217
482	train/loss_step	2.69259119
482	train/lr	0.00030000
482	train/batch_acc	0.33333333
482	train/batch_box_iou	0.04615514
482	train/batch_cls_loss	0.69152188
482	train/batch_box_loss	0.01867593
483	train/loss_step	2.53458405
483	train/lr	0.00030000
483	train/batch_acc	0.54166667
483	train/batch_box_iou	0.02429903
483	train/batch_cls_loss	0.41467950
483	train/batch_box_loss	0.03370049
484	train/loss_step	2.31586313
484	train/lr	0.00030000
484	train/batch_acc	0.58333333
484	train/batch_box_iou	0.11790710
484	train/batch_cls_loss	0.46787810
484	train/batch_box_loss	0.01675986
485	train/loss_step	2.48305249
485	train/lr	0.00030000
485	train/batch_acc	0.44000000
485	train/batch_box_iou	0.03751916
485	train/batch_cls_loss	0.45270985
485	train/batch_box_loss	0.02107619
486	train/loss_step	2.53648543
486	train/lr	0.00030000
486	train/batch_acc	0.56666667
486	train/batch_box_iou	0.02025048
486	train/batch_cls_loss	0.48265082
486	train/batch_box_loss	0.01886714
487	train/loss_step	2.46404886
487	train/lr	0.00030000
487	train/batch_acc	0.68965517
487	train/batch_box_iou	0.04278011
487	train/batch_cls_loss	0.42227733
487	train/batch_box_loss	0.02546634
488	train/loss_step	2.32342839
488	train/lr	0.00030000
488	train/batch_acc	0.31578947
488	train/batch_box_iou	0.09090212
488	train/batch_cls_loss	0.42355463
488	train/batch_box_loss	0.01633558
489	train/loss_step	2.64968824
489	train/lr	0.00030000
489	train/batch_acc	0.16129032
489	train/batch_box_iou	0.01852986
489	train/batch_cls_loss	0.59930909
489	train/batch_box_loss	0.01748774
490	train/loss_step	2.40794730
490	train/lr	0.00030000
490	train/batch_acc	0.26666667
490	train/batch_box_iou	0.03109443
490	train/batch_cls_loss	0.36714101
490	train/batch_box_loss	0.02059904
491	train/loss_step	2.50339508
491	train/lr	0.00030000
491	train/batch_acc	0.37931034
491	train/batch_box_iou	0.06684004
491	train/batch_cls_loss	0.55407315
491	train/batch_box_loss	0.01660043
492	train/loss_step	2.39184427
492	train/lr	0.00030000
492	train/batch_acc	0.50000000
492	train/batch_box_iou	0.05285031
492	train/batch_cls_loss	0.41438001
492	train/batch_box_loss	0.01663297
493	train/loss_step	2.31409025
493	train/lr	0.00030000
493	train/batch_acc	0.50000000
493	train/batch_box_iou	0.05213670
493	train/batch_cls_loss	0.33286697
493	train/batch_box_loss	0.01709937
494	train/loss_step	2.65225887
494	train/lr	0.00030000
494	train/batch_acc	0.24324324
494	train/batch_box_iou	0.05046085
494	train/batch_cls_loss	0.64834446
494	train/batch_box_loss	0.02096724
495	train/loss_step	2.51269388
495	train/lr	0.00030000
495	train/batch_acc	0.40625000
495	train/batch_box_iou	0.03288359
495	train/batch_cls_loss	0.48120546
495	train/batch_box_loss	0.01945112
496	train/loss_step	2.13531280
496	train/lr	0.00030000
496	train/batch_acc	0.09090909
496	train/batch_box_iou	0.14300148
496	train/batch_cls_loss	0.36161250
496	train/batch_box_loss	0.01194067
497	train/loss_step	2.53478217
497	train/lr	0.00030000
497	train/batch_acc	0.33333333
497	train/batch_box_iou	0.08740980
497	train/batch_cls_loss	0.64292753
497	train/batch_box_loss	0.01333486
498	train/loss_step	2.39804363
498	train/lr	0.00030000
498	train/batch_acc	0.00000000
498	train/batch_box_iou	0.05746760
498	train/batch_cls_loss	0.43646216
498	train/batch_box_loss	0.01530331
499	train/loss_step	2.42584229
499	train/lr	0.00030000
499	train/batch_acc	0.51612903
499	train/batch_box_iou	0.09238935
499	train/batch_cls_loss	0.52109945
499	train/batch_box_loss	0.01790429
500	train/loss_step	2.60830927
500	train/lr	0.00030000
500	train/batch_acc	0.43750000
500	train/batch_box_iou	0.04414810
500	train/batch_cls_loss	0.55316949
500	train/batch_box_loss	0.02868721
501	train/loss_step	2.59606576
501	train/lr	0.00030000
501	train/batch_acc	0.33333333
501	train/batch_box_iou	0.04162770
501	train/batch_cls_loss	0.56102514
501	train/batch_box_loss	0.02365919
502	train/loss_step	2.36116171
502	train/lr	0.00030000
502	train/batch_acc	0.45454545
502	train/batch_box_iou	0.06312020
502	train/batch_cls_loss	0.39007187
502	train/batch_box_loss	0.01946605
503	train/loss_step	2.64320970
503	train/lr	0.00030000
503	train/batch_acc	0.24000000
503	train/batch_box_iou	0.04551896
503	train/batch_cls_loss	0.53137076
503	train/batch_box_loss	0.04057536
504	train/loss_step	2.48975086
504	train/lr	0.00030000
504	train/batch_acc	0.46153846
504	train/batch_box_iou	0.03159248
504	train/batch_cls_loss	0.43236202
504	train/batch_box_loss	0.02411477
505	train/loss_step	2.55994129
505	train/lr	0.00030000
505	train/batch_acc	0.28125000
505	train/batch_box_iou	0.04800364
505	train/batch_cls_loss	0.56948149
505	train/batch_box_loss	0.01729343
506	train/loss_step	2.44405079
506	train/lr	0.00030000
506	train/batch_acc	0.57142857
506	train/batch_box_iou	0.02403245
506	train/batch_cls_loss	0.39304340
506	train/batch_box_loss	0.01981445
507	train/loss_step	2.81914949
507	train/lr	0.00030000
507	train/batch_acc	0.25531915
507	train/batch_box_iou	0.09627980
507	train/batch_cls_loss	0.92411023
507	train/batch_box_loss	0.01751980
508	train/loss_step	2.39856243
508	train/lr	0.00030000
508	train/batch_acc	0.54054054
508	train/batch_box_iou	0.07832467
508	train/batch_cls_loss	0.47198725
508	train/batch_box_loss	0.01664489
509	train/loss_step	2.40801620
509	train/lr	0.00030000
509	train/batch_acc	0.14285714
509	train/batch_box_iou	0.04021243
509	train/batch_cls_loss	0.35772794
509	train/batch_box_loss	0.02614264
510	train/loss_step	2.47677565
510	train/lr	0.00030000
510	train/batch_acc	0.52173913
510	train/batch_box_iou	0.03211882
510	train/batch_cls_loss	0.44643831
510	train/batch_box_loss	0.01891497
511	train/loss_step	2.43418193
511	train/lr	0.00030000
511	train/batch_acc	0.39285714
511	train/batch_box_iou	0.08009343
511	train/batch_cls_loss	0.52040029
511	train/batch_box_loss	0.01479370
512	train/loss_step	2.17418218
512	train/lr	0.00030000
512	train/batch_acc	0.33333333
512	train/batch_box_iou	0.10289095
512	train/batch_cls_loss	0.29333872
512	train/batch_box_loss	0.01732507
513	train/loss_step	2.34902906
513	train/lr	0.00030000
513	train/batch_acc	0.25000000
513	train/batch_box_iou	0.04523021
513	train/batch_cls_loss	0.36407024
513	train/batch_box_loss	0.01508385
514	train/loss_step	2.44076347
514	train/lr	0.00030000
514	train/batch_acc	0.28571429
514	train/batch_box_iou	0.03032797
514	train/batch_cls_loss	0.40952313
514	train/batch_box_loss	0.01837927
515	train/loss_step	2.37556601
515	train/lr	0.00030000
515	train/batch_acc	0.41176471
515	train/batch_box_iou	0.07357980
515	train/batch_cls_loss	0.43216547
515	train/batch_box_loss	0.01811201
516	train/loss_step	2.33650994
516	train/lr	0.00030000
516	train/batch_acc	0.33333333
516	train/batch_box_iou	0.03661271
516	train/batch_cls_loss	0.31872931
516	train/batch_box_loss	0.01820118
517	train/loss_step	2.39187765
517	train/lr	0.00030000
517	train/batch_acc	0.58333333
517	train/batch_box_iou	0.05685276
517	train/batch_cls_loss	0.41784745
517	train/batch_box_loss	0.01754713
518	train/loss_step	2.87698960
518	train/lr	0.00030000
518	train/batch_acc	0.27500000
518	train/batch_box_iou	0.02808410
518	train/batch_cls_loss	0.78375053
518	train/batch_box_loss	0.02988145
519	train/loss_step	2.56192684
519	train/lr	0.00030000
519	train/batch_acc	0.20000000
519	train/batch_box_iou	0.06975470
519	train/batch_cls_loss	0.57408303
519	train/batch_box_loss	0.02547064
520	train/loss_step	2.40293002
520	train/lr	0.00030000
520	train/batch_acc	0.29166667
520	train/batch_box_iou	0.08472943
520	train/batch_cls_loss	0.49954480
520	train/batch_box_loss	0.01456883
521	train/loss_step	2.46070504
521	train/lr	0.00030000
521	train/batch_acc	0.45945946
521	train/batch_box_iou	0.11382576
521	train/batch_cls_loss	0.60345149
521	train/batch_box_loss	0.01698099
522	train/loss_step	2.68449140
522	train/lr	0.00030000
522	train/batch_acc	0.22580645
522	train/batch_box_iou	0.02208931
522	train/batch_cls_loss	0.61771774
522	train/batch_box_loss	0.02219046
523	train/loss_step	2.31344485
523	train/lr	0.00030000
523	train/batch_acc	0.57142857
523	train/batch_box_iou	0.05108254
523	train/batch_cls_loss	0.32337362
523	train/batch_box_loss	0.01844727
524	train/loss_step	2.36645889
524	train/lr	0.00030000
524	train/batch_acc	0.38461538
524	train/batch_box_iou	0.07688489
524	train/batch_cls_loss	0.45830011
524	train/batch_box_loss	0.01238570
525	train/loss_step	2.43854761
525	train/lr	0.00030000
525	train/batch_acc	0.22727273
525	train/batch_box_iou	0.04837596
525	train/batch_cls_loss	0.43471298
525	train/batch_box_loss	0.02011734
526	train/loss_step	2.58813715
526	train/lr	0.00030000
526	train/batch_acc	0.45238095
526	train/batch_box_iou	0.07207067
526	train/batch_cls_loss	0.61242741
526	train/batch_box_loss	0.02397018
527	train/loss_step	2.51749945
527	train/lr	0.00030000
527	train/batch_acc	0.27272727
527	train/batch_box_iou	0.08124820
527	train/batch_cls_loss	0.59556890
527	train/batch_box_loss	0.01688541
528	train/loss_step	2.31945109
528	train/lr	0.00030000
528	train/batch_acc	0.61904762
528	train/batch_box_iou	0.07238115
528	train/batch_cls_loss	0.37551892
528	train/batch_box_loss	0.01773891
529	train/loss_step	2.20644522
529	train/lr	0.00030000
529	train/batch_acc	0.39130435
529	train/batch_box_iou	0.12008284
529	train/batch_cls_loss	0.36133271
529	train/batch_box_loss	0.01705564
530	train/loss_step	2.51836777
530	train/lr	0.00030000
530	train/batch_acc	0.24000000
530	train/batch_box_iou	0.03789331
530	train/batch_cls_loss	0.49435189
530	train/batch_box_loss	0.01996052
531	train/loss_step	2.37930655
531	train/lr	0.00030000
531	train/batch_acc	0.21428571
531	train/batch_box_iou	0.05179701
531	train/batch_cls_loss	0.38982850
531	train/batch_box_loss	0.01861442
532	train/loss_step	2.36279011
532	train/lr	0.00030000
532	train/batch_acc	0.12500000
532	train/batch_box_iou	0.08916119
532	train/batch_cls_loss	0.44418484
532	train/batch_box_loss	0.01938554
533	train/loss_step	2.39193368
533	train/lr	0.00030000
533	train/batch_acc	0.58823529
533	train/batch_box_iou	0.02962327
533	train/batch_cls_loss	0.33698156
533	train/batch_box_loss	0.02283974
534	train/loss_step	2.48440838
534	train/lr	0.00030000
534	train/batch_acc	0.19230769
534	train/batch_box_iou	0.08073916
534	train/batch_cls_loss	0.56317699
534	train/batch_box_loss	0.01654195
535	train/loss_step	2.33840251
535	train/lr	0.00030000
535	train/batch_acc	0.38888889
535	train/batch_box_iou	0.06514364
535	train/batch_cls_loss	0.38844150
535	train/batch_box_loss	0.01604966
536	train/loss_step	2.46129322
536	train/lr	0.00030000
536	train/batch_acc	0.60869565
536	train/batch_box_iou	0.01284426
536	train/batch_cls_loss	0.36682245
536	train/batch_box_loss	0.02403188
537	train/loss_step	2.21461391
537	train/lr	0.00030000
537	train/batch_acc	0.61538462
537	train/batch_box_iou	0.11016887
537	train/batch_cls_loss	0.35993633
537	train/batch_box_loss	0.01500304
538	train/loss_step	2.29485011
538	train/lr	0.00030000
538	train/batch_acc	0.37037037
538	train/batch_box_iou	0.15984261
538	train/batch_cls_loss	0.51751089
538	train/batch_box_loss	0.01940489
539	train/loss_step	2.68574357
539	train/lr	0.00030000
539	train/batch_acc	0.60869565
539	train/batch_box_iou	0.03096331
539	train/batch_cls_loss	0.61756778
539	train/batch_box_loss	0.02602049
540	train/loss_step	2.45832634
540	train/lr	0.00030000
540	train/batch_acc	0.38888889
540	train/batch_box_iou	0.01153751
540	train/batch_cls_loss	0.37677598
540	train/batch_box_loss	0.02092506
541	train/loss_step	2.56652880
541	train/lr	0.00030000
541	train/batch_acc	0.12903226
541	train/batch_box_iou	0.05575455
541	train/batch_cls_loss	0.58115697
541	train/batch_box_loss	0.01937615
542	train/loss_step	2.41715765
542	train/lr	0.00030000
542	train/batch_acc	0.31250000
542	train/batch_box_iou	0.04228712
542	train/batch_cls_loss	0.39324039
542	train/batch_box_loss	0.02169832
543	train/loss_step	2.46379900
543	train/lr	0.00030000
543	train/batch_acc	0.33333333
543	train/batch_box_iou	0.06414352
543	train/batch_cls_loss	0.49886438
543	train/batch_box_loss	0.01864431
544	train/loss_step	2.77670503
544	train/lr	0.00030000
544	train/batch_acc	0.16666667
544	train/batch_box_iou	0.02277347
544	train/batch_cls_loss	0.69721949
544	train/batch_box_loss	0.02500648
545	train/loss_step	2.74109864
545	train/lr	0.00030000
545	train/batch_acc	0.09090909
545	train/batch_box_iou	0.05672689
545	train/batch_cls_loss	0.73648524
545	train/batch_box_loss	0.02361344
546	train/loss_step	2.39850926
546	train/lr	0.00030000
546	train/batch_acc	0.45454545
546	train/batch_box_iou	0.13979702
546	train/batch_cls_loss	0.60300386
546	train/batch_box_loss	0.01501991
547	train/loss_step	2.58055782
547	train/lr	0.00030000
547	train/batch_acc	0.36585366
547	train/batch_box_iou	0.08711603
547	train/batch_cls_loss	0.65831530
547	train/batch_box_loss	0.01929491
548	train/loss_step	2.24401140
548	train/lr	0.00030000
548	train/batch_acc	0.14285714
548	train/batch_box_iou	0.10949595
548	train/batch_cls_loss	0.38854313
548	train/batch_box_loss	0.01489204
549	train/loss_step	2.52569437
549	train/lr	0.00030000
549	train/batch_acc	0.22727273
549	train/batch_box_iou	0.04810195
549	train/batch_cls_loss	0.51660842
549	train/batch_box_loss	0.02105795
550	train/loss_step	2.64936495
550	train/lr	0.00030000
550	train/batch_acc	0.33333333
550	train/batch_box_iou	0.02757558
550	train/batch_cls_loss	0.58782142
550	train/batch_box_loss	0.02333891
551	train/loss_step	2.44583464
551	train/lr	0.00030000
551	train/batch_acc	0.37500000
551	train/batch_box_iou	0.09647503
551	train/batch_cls_loss	0.55169582
551	train/batch_box_loss	0.01741774
552	train/loss_step	2.40334415
552	train/lr	0.00030000
552	train/batch_acc	0.50000000
552	train/batch_box_iou	0.05611372
552	train/batch_cls_loss	0.44479007
552	train/batch_box_loss	0.01415630
553	train/loss_step	2.49478006
553	train/lr	0.00030000
553	train/batch_acc	0.39130435
553	train/batch_box_iou	0.03020420
553	train/batch_cls_loss	0.44441086
553	train/batch_box_loss	0.02215554
554	train/loss_step	2.30699444
554	train/lr	0.00030000
554	train/batch_acc	0.26086957
554	train/batch_box_iou	0.12418474
554	train/batch_cls_loss	0.47769469
554	train/batch_box_loss	0.01553387
555	train/loss_step	2.45263290
555	train/lr	0.00030000
555	train/batch_acc	0.25000000
555	train/batch_box_iou	0.05984551
555	train/batch_cls_loss	0.50758016
555	train/batch_box_loss	0.01294876
556	train/loss_step	2.61247873
556	train/lr	0.00030000
556	train/batch_acc	0.13333333
556	train/batch_box_iou	0.05072613
556	train/batch_cls_loss	0.61121690
556	train/batch_box_loss	0.02054280
557	train/loss_step	2.49219537
557	train/lr	0.00030000
557	train/batch_acc	0.35000000
557	train/batch_box_iou	0.04353163
557	train/batch_cls_loss	0.46336770
557	train/batch_box_loss	0.02317819
558	train/loss_step	2.59719300
558	train/lr	0.00030000
558	train/batch_acc	0.40000000
558	train/batch_box_iou	0.08114523
558	train/batch_cls_loss	0.64664453
558	train/batch_box_loss	0.02256778
559	train/loss_step	2.39383292
559	train/lr	0.00030000
559	train/batch_acc	0.53333333
559	train/batch_box_iou	0.07237653
559	train/batch_cls_loss	0.46266350
559	train/batch_box_loss	0.01518452
560	train/loss_step	2.41559410
560	train/lr	0.00030000
560	train/batch_acc	0.53125000
560	train/batch_box_iou	0.07498225
560	train/batch_cls_loss	0.48314252
560	train/batch_box_loss	0.01648322
561	train/loss_step	2.40321636
561	train/lr	0.00030000
561	train/batch_acc	0.16666667
561	train/batch_box_iou	0.06956917
561	train/batch_cls_loss	0.42739844
561	train/batch_box_loss	0.02299127
562	train/loss_step	2.58752227
562	train/lr	0.00030000
562	train/batch_acc	0.33333333
562	train/batch_box_iou	0.05214375
562	train/batch_cls_loss	0.61784500
562	train/batch_box_loss	0.01479295
563	train/loss_step	2.57947016
563	train/lr	0.00030000
563	train/batch_acc	0.37142857
563	train/batch_box_iou	0.04303108
563	train/batch_cls_loss	0.55024898
563	train/batch_box_loss	0.02305670
564	train/loss_step	2.38144112
564	train/lr	0.00030000
564	train/batch_acc	0.29411765
564	train/batch_box_iou	0.05122815
564	train/batch_cls_loss	0.39897084
564	train/batch_box_loss	0.01698531
565	train/loss_step	2.37732911
565	train/lr	0.00030000
565	train/batch_acc	0.43478261
565	train/batch_box_iou	0.08894054
565	train/batch_cls_loss	0.45048237
565	train/batch_box_loss	0.02094558
566	train/loss_step	2.38936067
566	train/lr	0.00030000
566	train/batch_acc	0.24000000
566	train/batch_box_iou	0.08457491
566	train/batch_cls_loss	0.48213097
566	train/batch_box_loss	0.01527593
567	train/loss_step	2.58765888
567	train/lr	0.00030000
567	train/batch_acc	0.51111111
567	train/batch_box_iou	0.07733298
567	train/batch_cls_loss	0.64635557
567	train/batch_box_loss	0.01919387
568	train/loss_step	2.37077618
568	train/lr	0.00030000
568	train/batch_acc	0.37500000
568	train/batch_box_iou	0.13468152
568	train/batch_cls_loss	0.55645353
568	train/batch_box_loss	0.01673711
569	train/loss_step	2.45914555
569	train/lr	0.00030000
569	train/batch_acc	0.29166667
569	train/batch_box_iou	0.05812037
569	train/batch_cls_loss	0.47950491
569	train/batch_box_loss	0.01917625
570	train/loss_step	2.51170039
570	train/lr	0.00030000
570	train/batch_acc	0.43333333
570	train/batch_box_iou	0.05646688
570	train/batch_cls_loss	0.50210822
570	train/batch_box_loss	0.02450519
571	train/loss_step	2.52342272
571	train/lr	0.00030000
571	train/batch_acc	0.31818182
571	train/batch_box_iou	0.04379779
571	train/batch_cls_loss	0.46407217
571	train/batch_box_loss	0.02938922
572	train/loss_step	2.60794258
572	train/lr	0.00030000
572	train/batch_acc	0.19230769
572	train/batch_box_iou	0.03421168
572	train/batch_cls_loss	0.53531587
572	train/batch_box_loss	0.02821002
573	train/loss_step	2.28120828
573	train/lr	0.00030000
573	train/batch_acc	0.47826087
573	train/batch_box_iou	0.11407470
573	train/batch_cls_loss	0.44736597
573	train/batch_box_loss	0.01239835
574	train/loss_step	2.81877041
574	train/lr	0.00030000
574	train/batch_acc	0.20000000
574	train/batch_box_iou	0.03971219
574	train/batch_cls_loss	0.75873220
574	train/batch_box_loss	0.02789250
575	train/loss_step	2.29726768
575	train/lr	0.00030000
575	train/batch_acc	0.05882353
575	train/batch_box_iou	0.07956415
575	train/batch_cls_loss	0.37615383
575	train/batch_box_loss	0.01604844
576	train/loss_step	2.31227136
576	train/lr	0.00030000
576	train/batch_acc	0.38888889
576	train/batch_box_iou	0.07727406
576	train/batch_cls_loss	0.37481430
576	train/batch_box_loss	0.01840103
577	train/loss_step	2.54242873
577	train/lr	0.00030000
577	train/batch_acc	0.55000000
577	train/batch_box_iou	0.07274894
577	train/batch_cls_loss	0.58523756
577	train/batch_box_loss	0.02053781
578	train/loss_step	2.52001143
578	train/lr	0.00030000
578	train/batch_acc	0.16666667
578	train/batch_box_iou	0.04153460
578	train/batch_cls_loss	0.50751078
578	train/batch_box_loss	0.01911396
579	train/loss_step	2.39004946
579	train/lr	0.00030000
579	train/batch_acc	0.31818182
579	train/batch_box_iou	0.05789851
579	train/batch_cls_loss	0.41865599
579	train/batch_box_loss	0.01743809
580	train/loss_step	2.58012128
580	train/lr	0.00030000
580	train/batch_acc	0.26923077
580	train/batch_box_iou	0.05948860
580	train/batch_cls_loss	0.57332784
580	train/batch_box_loss	0.02515411
581	train/loss_step	2.48055911
581	train/lr	0.00030000
581	train/batch_acc	0.11764706
581	train/batch_box_iou	0.03607268
581	train/batch_cls_loss	0.43437201
581	train/batch_box_loss	0.02366649
582	train/loss_step	2.42808247
582	train/lr	0.00030000
582	train/batch_acc	0.37931034
582	train/batch_box_iou	0.05902689
582	train/batch_cls_loss	0.45026138
582	train/batch_box_loss	0.01917496
583	train/loss_step	2.42862034
583	train/lr	0.00030000
583	train/batch_acc	0.36363636
583	train/batch_box_iou	0.07506077
583	train/batch_cls_loss	0.48754644
583	train/batch_box_loss	0.01823909
584	train/loss_step	2.38319373
584	train/lr	0.00030000
584	train/batch_acc	0.23529412
584	train/batch_box_iou	0.06545622
584	train/batch_cls_loss	0.41939083
584	train/batch_box_loss	0.01894307
585	train/loss_step	2.89043212
585	train/lr	0.00030000
585	train/batch_acc	0.30303030
585	train/batch_box_iou	0.02312803
585	train/batch_cls_loss	0.78957993
585	train/batch_box_loss	0.02942164
586	train/loss_step	2.41899800
586	train/lr	0.00030000
586	train/batch_acc	0.52173913
586	train/batch_box_iou	0.05141935
586	train/batch_cls_loss	0.43430045
586	train/batch_box_loss	0.01750727
587	train/loss_step	2.42533588
587	train/lr	0.00030000
587	train/batch_acc	0.64285714
587	train/batch_box_iou	0.03604444
587	train/batch_cls_loss	0.41532791
587	train/batch_box_loss	0.01641935
588	train/loss_step	2.38292217
588	train/lr	0.00030000
588	train/batch_acc	0.38461538
588	train/batch_box_iou	0.07031940
588	train/batch_cls_loss	0.44300348
588	train/batch_box_loss	0.01611151
589	train/loss_step	2.34641171
589	train/lr	0.00030000
589	train/batch_acc	0.35000000
589	train/batch_box_iou	0.09586158
589	train/batch_cls_loss	0.47164214
589	train/batch_box_loss	0.01329857
590	train/loss_step	2.49682450
590	train/lr	0.00030000
590	train/batch_acc	0.45454545
590	train/batch_box_iou	0.06447559
590	train/batch_cls_loss	0.54271841
590	train/batch_box_loss	0.01661145
591	train/loss_step	2.45691562
591	train/lr	0.00030000
591	train/batch_acc	0.44000000
591	train/batch_box_iou	0.03362118
591	train/batch_cls_loss	0.44156078
591	train/batch_box_loss	0.01651945
592	train/loss_step	2.59411836
592	train/lr	0.00030000
592	train/batch_acc	0.37209302
592	train/batch_box_iou	0.07244382
592	train/batch_cls_loss	0.65430129
592	train/batch_box_loss	0.01694097
593	train/loss_step	2.45646358
593	train/lr	0.00030000
593	train/batch_acc	0.50000000
593	train/batch_box_iou	0.08684683
593	train/batch_cls_loss	0.54646516
593	train/batch_box_loss	0.01673842
594	train/loss_step	2.77428341
594	train/lr	0.00030000
594	train/batch_acc	0.32142857
594	train/batch_box_iou	0.03329228
594	train/batch_cls_loss	0.73099625
594	train/batch_box_loss	0.02197432
595	train/loss_step	2.58857512
595	train/lr	0.00030000
595	train/batch_acc	0.51351351
595	train/batch_box_iou	0.02855771
595	train/batch_cls_loss	0.53283268
595	train/batch_box_loss	0.02257159
596	train/loss_step	2.34857821
596	train/lr	0.00030000
596	train/batch_acc	0.30000000
596	train/batch_box_iou	0.13485540
596	train/batch_cls_loss	0.53347766
596	train/batch_box_loss	0.01696228
597	train/loss_step	2.36346340
597	train/lr	0.00030000
597	train/batch_acc	0.53846154
597	train/batch_box_iou	0.09896746
597	train/batch_cls_loss	0.48440042
597	train/batch_box_loss	0.01539957
598	train/loss_step	2.50461578
598	train/lr	0.00030000
598	train/batch_acc	0.61538462
598	train/batch_box_iou	0.03561423
598	train/batch_cls_loss	0.46221703
598	train/batch_box_loss	0.02272543
599	train/loss_step	2.37811089
599	train/lr	0.00030000
599	train/batch_acc	0.27272727
599	train/batch_box_iou	0.04570615
599	train/batch_cls_loss	0.38311636
599	train/batch_box_loss	0.01728138
600	train/loss_step	2.58303881
600	train/lr	0.00030000
600	train/batch_acc	0.50000000
600	train/batch_box_iou	0.06032877
600	train/batch_cls_loss	0.59411389
600	train/batch_box_loss	0.02191649
601	train/loss_step	2.51623440
601	train/lr	0.00030000
601	train/batch_acc	0.32142857
601	train/batch_box_iou	0.03129561
601	train/batch_cls_loss	0.47108224
601	train/batch_box_loss	0.02154869
602	train/loss_step	2.25277662
602	train/lr	0.00030000
602	train/batch_acc	0.38095238
602	train/batch_box_iou	0.09956585
602	train/batch_cls_loss	0.40053728
602	train/batch_box_loss	0.01027423
603	train/loss_step	2.74665356
603	train/lr	0.00030000
603	train/batch_acc	0.42857143
603	train/batch_box_iou	0.01920376
603	train/batch_cls_loss	0.66618156
603	train/batch_box_loss	0.02377588
604	train/loss_step	2.54388285
604	train/lr	0.00030000
604	train/batch_acc	0.52631579
604	train/batch_box_iou	0.06533292
604	train/batch_cls_loss	0.54706329
604	train/batch_box_loss	0.02549705
605	train/loss_step	2.39743137
605	train/lr	0.00030000
605	train/batch_acc	0.22222222
605	train/batch_box_iou	0.05050835
605	train/batch_cls_loss	0.40230006
605	train/batch_box_loss	0.01922960
606	train/loss_step	2.73052359
606	train/lr	0.00030000
606	train/batch_acc	0.43396226
606	train/batch_box_iou	0.06551836
606	train/batch_cls_loss	0.77016306
606	train/batch_box_loss	0.01827949
607	train/loss_step	2.38103247
607	train/lr	0.00030000
607	train/batch_acc	0.11764706
607	train/batch_box_iou	0.06710567
607	train/batch_cls_loss	0.43942741
607	train/batch_box_loss	0.01516328
608	train/loss_step	2.59134483
608	train/lr	0.00030000
608	train/batch_acc	0.16216216
608	train/batch_box_iou	0.11975611
608	train/batch_cls_loss	0.73813266
608	train/batch_box_loss	0.01854490
609	train/loss_step	2.27823734
609	train/lr	0.00030000
609	train/batch_acc	0.50000000
609	train/batch_box_iou	0.07857701
609	train/batch_cls_loss	0.38022476
609	train/batch_box_loss	0.01103336
610	train/loss_step	2.52899647
610	train/lr	0.00030000
610	train/batch_acc	0.38461538
610	train/batch_box_iou	0.14110270
610	train/batch_cls_loss	0.74092913
610	train/batch_box_loss	0.01405452
611	train/loss_step	2.31067896
611	train/lr	0.00030000
611	train/batch_acc	0.31578947
611	train/batch_box_iou	0.08605034
611	train/batch_cls_loss	0.38964081
611	train/batch_box_loss	0.01862774
612	train/loss_step	2.45857215
612	train/lr	0.00030000
612	train/batch_acc	0.41666667
612	train/batch_box_iou	0.06753893
612	train/batch_cls_loss	0.47855073
612	train/batch_box_loss	0.02301984
613	train/loss_step	2.45097136
613	train/lr	0.00030000
613	train/batch_acc	0.39130435
613	train/batch_box_iou	0.03324320
613	train/batch_cls_loss	0.41250622
613	train/batch_box_loss	0.02099030
614	train/loss_step	2.57025957
614	train/lr	0.00030000
614	train/batch_acc	0.36363636
614	train/batch_box_iou	0.10601196
614	train/batch_cls_loss	0.68826944
614	train/batch_box_loss	0.01880281
615	train/loss_step	2.83698273
615	train/lr	0.00030000
615	train/batch_acc	0.22448980
615	train/batch_box_iou	0.08415872
615	train/batch_cls_loss	0.90383613
615	train/batch_box_loss	0.02029283
616	train/loss_step	2.14603829
616	train/lr	0.00030000
616	train/batch_acc	0.52380952
616	train/batch_box_iou	0.15243033
616	train/batch_cls_loss	0.35043377
616	train/batch_box_loss	0.02009303
617	train/loss_step	2.40459585
617	train/lr	0.00030000
617	train/batch_acc	0.78947368
617	train/batch_box_iou	0.01308932
617	train/batch_cls_loss	0.33778071
617	train/batch_box_loss	0.01859874
618	train/loss_step	2.38742018
618	train/lr	0.00030000
618	train/batch_acc	0.30000000
618	train/batch_box_iou	0.04242564
618	train/batch_cls_loss	0.40072852
618	train/batch_box_loss	0.01430856
619	train/loss_step	2.47641230
619	train/lr	0.00030000
619	train/batch_acc	0.54761905
619	train/batch_box_iou	0.12766837
619	train/batch_cls_loss	0.62799788
619	train/batch_box_loss	0.02075025
620	train/loss_step	2.51143837
620	train/lr	0.00030000
620	train/batch_acc	0.59259259
620	train/batch_box_iou	0.02766354
620	train/batch_cls_loss	0.43933976
620	train/batch_box_loss	0.02548511
621	train/loss_step	2.24367213
621	train/lr	0.00030000
621	train/batch_acc	0.15384615
621	train/batch_box_iou	0.10826881
621	train/batch_cls_loss	0.37470049
621	train/batch_box_loss	0.01710187
622	train/loss_step	2.50843501
622	train/lr	0.00030000
622	train/batch_acc	0.27777778
622	train/batch_box_iou	0.09835701
622	train/batch_cls_loss	0.62137955
622	train/batch_box_loss	0.01675389
623	train/loss_step	2.78336406
623	train/lr	0.00030000
623	train/batch_acc	0.21951220
623	train/batch_box_iou	0.03707629
623	train/batch_cls_loss	0.72726405
623	train/batch_box_loss	0.02605052
624	train/loss_step	2.39733839
624	train/lr	0.00030000
624	train/batch_acc	0.60869565
624	train/batch_box_iou	0.02766233
624	train/batch_cls_loss	0.35868511
624	train/batch_box_loss	0.01879560
625	train/loss_step	2.42527080
625	train/lr	0.00030000
625	train/batch_acc	0.55813953
625	train/batch_box_iou	0.10686886
625	train/batch_cls_loss	0.53572488
625	train/batch_box_loss	0.02065674
626	train/loss_step	2.37497044
626	train/lr	0.00030000
626	train/batch_acc	0.30434783
626	train/batch_box_iou	0.07710058
626	train/batch_cls_loss	0.45373404
626	train/batch_box_loss	0.01508748
627	train/loss_step	2.42930841
627	train/lr	0.00030000
627	train/batch_acc	0.08695652
627	train/batch_box_iou	0.09285266
627	train/batch_cls_loss	0.52167273
627	train/batch_box_loss	0.01866818
628	train/loss_step	2.33687234
628	train/lr	0.00030000
628	train/batch_acc	0.38461538
628	train/batch_box_iou	0.09365989
628	train/batch_cls_loss	0.44456351
628	train/batch_box_loss	0.01592571
629	train/loss_step	2.63195610
629	train/lr	0.00030000
629	train/batch_acc	0.24242424
629	train/batch_box_iou	0.04519462
629	train/batch_cls_loss	0.59549499
629	train/batch_box_loss	0.02537008
630	train/loss_step	2.41340971
630	train/lr	0.00030000
630	train/batch_acc	0.09090909
630	train/batch_box_iou	0.03581987
630	train/batch_cls_loss	0.40022716
630	train/batch_box_loss	0.01696447
631	train/loss_step	2.03750277
631	train/lr	0.00030000
631	train/batch_acc	0.44444444
631	train/batch_box_iou	0.20118394
631	train/batch_cls_loss	0.38134384
631	train/batch_box_loss	0.01170535
632	train/loss_step	2.46409988
632	train/lr	0.00030000
632	train/batch_acc	0.41379310
632	train/batch_box_iou	0.05477473
632	train/batch_cls_loss	0.49633563
632	train/batch_box_loss	0.01546274
633	train/loss_step	2.57222748
633	train/lr	0.00030000
633	train/batch_acc	0.32000000
633	train/batch_box_iou	0.02286291
633	train/batch_cls_loss	0.50658506
633	train/batch_box_loss	0.02227365
634	train/loss_step	2.51318502
634	train/lr	0.00030000
634	train/batch_acc	0.22222222
634	train/batch_box_iou	0.04894275
634	train/batch_cls_loss	0.52448928
634	train/batch_box_loss	0.01731627
635	train/loss_step	2.54242086
635	train/lr	0.00030000
635	train/batch_acc	0.58823529
635	train/batch_box_iou	0.03588978
635	train/batch_cls_loss	0.50600076
635	train/batch_box_loss	0.02163993
636	train/loss_step	2.55292988
636	train/lr	0.00030000
636	train/batch_acc	0.10000000
636	train/batch_box_iou	0.05640230
636	train/batch_cls_loss	0.59375566
636	train/batch_box_loss	0.01439575
637	train/loss_step	2.58850145
637	train/lr	0.00030000
637	train/batch_acc	0.48717949
637	train/batch_box_iou	0.03073414
637	train/batch_cls_loss	0.55155063
637	train/batch_box_loss	0.01968379
638	train/loss_step	2.45336652
638	train/lr	0.00030000
638	train/batch_acc	0.44000000
638	train/batch_box_iou	0.10659958
638	train/batch_cls_loss	0.59069574
638	train/batch_box_loss	0.01517399
639	train/loss_step	2.61066413
639	train/lr	0.00030000
639	train/batch_acc	0.32352941
639	train/batch_box_iou	0.04570771
639	train/batch_cls_loss	0.59562391
639	train/batch_box_loss	0.02129112
640	train/loss_step	2.68285227
640	train/lr	0.00030000
640	train/batch_acc	0.27777778
640	train/batch_box_iou	0.03102614
640	train/batch_cls_loss	0.60999846
640	train/batch_box_loss	0.02698119
641	train/loss_step	2.43266106
641	train/lr	0.00030000
641	train/batch_acc	0.45833333
641	train/batch_box_iou	0.07936838
641	train/batch_cls_loss	0.49317119
641	train/batch_box_loss	0.01964534
642	train/loss_step	2.34278846
642	train/lr	0.00030000
642	train/batch_acc	0.31578947
642	train/batch_box_iou	0.07419515
642	train/batch_cls_loss	0.40624323
642	train/batch_box_loss	0.01698711
643	train/loss_step	2.55456471
643	train/lr	0.00030000
643	train/batch_acc	0.59090909
643	train/batch_box_iou	0.07259975
643	train/batch_cls_loss	0.58219993
643	train/batch_box_loss	0.02351287
644	train/loss_step	2.47703791
644	train/lr	0.00030000
644	train/batch_acc	0.57142857
644	train/batch_box_iou	0.05769194
644	train/batch_cls_loss	0.49890667
644	train/batch_box_loss	0.01870300
645	train/loss_step	2.63207006
645	train/lr	0.00030000
645	train/batch_acc	0.15555556
645	train/batch_box_iou	0.09596907
645	train/batch_cls_loss	0.73940760
645	train/batch_box_loss	0.01692013
646	train/loss_step	2.53818870
646	train/lr	0.00030000
646	train/batch_acc	0.25000000
646	train/batch_box_iou	0.04521835
646	train/batch_cls_loss	0.53501278
646	train/batch_box_loss	0.01872251
647	train/loss_step	2.47031641
647	train/lr	0.00030000
647	train/batch_acc	0.63265306
647	train/batch_box_iou	0.12372376
647	train/batch_cls_loss	0.64024192
647	train/batch_box_loss	0.01550441
648	train/loss_step	2.53057384
648	train/lr	0.00030000
648	train/batch_acc	0.35294118
648	train/batch_box_iou	0.06511864
648	train/batch_cls_loss	0.56280702
648	train/batch_box_loss	0.01960083
649	train/loss_step	2.50750589
649	train/lr	0.00030000
649	train/batch_acc	0.64285714
649	train/batch_box_iou	0.02349305
649	train/batch_cls_loss	0.42246109
649	train/batch_box_loss	0.02640617
650	train/loss_step	2.59664035
650	train/lr	0.00030000
650	train/batch_acc	0.13636364
650	train/batch_box_iou	0.01194349
650	train/batch_cls_loss	0.47402737
650	train/batch_box_loss	0.02930002
651	train/loss_step	2.66976523
651	train/lr	0.00030000
651	train/batch_acc	0.37209302
651	train/batch_box_iou	0.09849746
651	train/batch_cls_loss	0.76157135
651	train/batch_box_loss	0.02103776
652	train/loss_step	2.41513109
652	train/lr	0.00030000
652	train/batch_acc	0.74285714
652	train/batch_box_iou	0.06160627
652	train/batch_cls_loss	0.43571085
652	train/batch_box_loss	0.02052655
653	train/loss_step	2.51481748
653	train/lr	0.00030000
653	train/batch_acc	0.51351351
653	train/batch_box_iou	0.04233046
653	train/batch_cls_loss	0.49259442
653	train/batch_box_loss	0.02137680
654	train/loss_step	2.41773224
654	train/lr	0.00030000
654	train/batch_acc	0.31578947
654	train/batch_box_iou	0.05115348
654	train/batch_cls_loss	0.41640359
654	train/batch_box_loss	0.02072714
655	train/loss_step	2.55890322
655	train/lr	0.00030000
655	train/batch_acc	0.27272727
655	train/batch_box_iou	0.02402805
655	train/batch_cls_loss	0.50288320
655	train/batch_box_loss	0.02081526
656	train/loss_step	2.35635185
656	train/lr	0.00030000
656	train/batch_acc	0.33333333
656	train/batch_box_iou	0.03489264
656	train/batch_cls_loss	0.34293658
656	train/batch_box_loss	0.01664010
657	train/loss_step	2.37761855
657	train/lr	0.00030000
657	train/batch_acc	0.67567568
657	train/batch_box_iou	0.10796506
657	train/batch_cls_loss	0.49156201
657	train/batch_box_loss	0.02039732
658	train/loss_step	2.34979105
658	train/lr	0.00030000
658	train/batch_acc	0.48000000
658	train/batch_box_iou	0.08403650
658	train/batch_cls_loss	0.44361788
658	train/batch_box_loss	0.01484924
659	train/loss_step	2.44291425
659	train/lr	0.00030000
659	train/batch_acc	0.31578947
659	train/batch_box_iou	0.05622366
659	train/batch_cls_loss	0.47052026
659	train/batch_box_loss	0.01696824
660	train/loss_step	2.29626179
660	train/lr	0.00030000
660	train/batch_acc	0.64705882
660	train/batch_box_iou	0.03303838
660	train/batch_cls_loss	0.27431691
660	train/batch_box_loss	0.01760432
661	train/loss_step	2.30177808
661	train/lr	0.00030000
661	train/batch_acc	0.78571429
661	train/batch_box_iou	0.05824462
661	train/batch_cls_loss	0.33961344
661	train/batch_box_loss	0.01573077
662	train/loss_step	2.47082138
662	train/lr	0.00030000
662	train/batch_acc	0.78125000
662	train/batch_box_iou	0.03309979
662	train/batch_cls_loss	0.43473643
662	train/batch_box_loss	0.02045693
663	train/loss_step	2.53352952
663	train/lr	0.00030000
663	train/batch_acc	0.17647059
663	train/batch_box_iou	0.02662653
663	train/batch_cls_loss	0.45901746
663	train/batch_box_loss	0.02555301
664	train/loss_step	2.29488111
664	train/lr	0.00030000
664	train/batch_acc	0.62962963
664	train/batch_box_iou	0.06539330
664	train/batch_cls_loss	0.33400637
664	train/batch_box_loss	0.01833229
665	train/loss_step	2.41813254
665	train/lr	0.00030000
665	train/batch_acc	0.45454545
665	train/batch_box_iou	0.03869891
665	train/batch_cls_loss	0.39281258
665	train/batch_box_loss	0.02054358
666	train/loss_step	2.27631974
666	train/lr	0.00030000
666	train/batch_acc	0.36363636
666	train/batch_box_iou	0.06103492
666	train/batch_cls_loss	0.30089560
666	train/batch_box_loss	0.01949880
667	train/loss_step	2.46431351
667	train/lr	0.00030000
667	train/batch_acc	0.56666667
667	train/batch_box_iou	0.03135247
667	train/batch_cls_loss	0.41888958
667	train/batch_box_loss	0.02162577
668	train/loss_step	2.25965166
668	train/lr	0.00030000
668	train/batch_acc	0.38888889
668	train/batch_box_iou	0.09853358
668	train/batch_cls_loss	0.37005061
668	train/batch_box_loss	0.01733362
669	train/loss_step	2.26115322
669	train/lr	0.00030000
669	train/batch_acc	0.61764706
669	train/batch_box_iou	0.12334362
669	train/batch_cls_loss	0.38919744
669	train/batch_box_loss	0.02372861
670	train/loss_step	2.44391727
670	train/lr	0.00030000
670	train/batch_acc	0.36666667
670	train/batch_box_iou	0.12085201
670	train/batch_cls_loss	0.54028541
670	train/batch_box_loss	0.02906720
671	train/loss_step	2.55051088
671	train/lr	0.00030000
671	train/batch_acc	0.17857143
671	train/batch_box_iou	0.06299817
671	train/batch_cls_loss	0.57923341
671	train/batch_box_loss	0.01945477
672	train/loss_step	2.53172970
672	train/lr	0.00030000
672	train/batch_acc	0.41176471
672	train/batch_box_iou	0.09675522
672	train/batch_cls_loss	0.63262486
672	train/batch_box_loss	0.01852303
673	train/loss_step	2.65621328
673	train/lr	0.00030000
673	train/batch_acc	0.18518519
673	train/batch_box_iou	0.03348354
673	train/batch_cls_loss	0.59456015
673	train/batch_box_loss	0.02572402
674	train/loss_step	2.61043596
674	train/lr	0.00030000
674	train/batch_acc	0.40000000
674	train/batch_box_iou	0.02449719
674	train/batch_cls_loss	0.54663599
674	train/batch_box_loss	0.02255890
675	train/loss_step	2.48703194
675	train/lr	0.00030000
675	train/batch_acc	0.09090909
675	train/batch_box_iou	0.04978314
675	train/batch_cls_loss	0.50217134
675	train/batch_box_loss	0.01688534
676	train/loss_step	2.74632382
676	train/lr	0.00030000
676	train/batch_acc	0.22222222
676	train/batch_box_iou	0.05609499
676	train/batch_cls_loss	0.75531054
676	train/batch_box_loss	0.02064065
677	train/loss_step	2.37254333
677	train/lr	0.00030000
677	train/batch_acc	0.33333333
677	train/batch_box_iou	0.01940251
677	train/batch_cls_loss	0.32772630
677	train/batch_box_loss	0.01672439
678	train/loss_step	2.45435095
678	train/lr	0.00030000
678	train/batch_acc	0.41176471
678	train/batch_box_iou	0.11119726
678	train/batch_cls_loss	0.60535520
678	train/batch_box_loss	0.01427806
679	train/loss_step	2.51639700
679	train/lr	0.00030000
679	train/batch_acc	0.43750000
679	train/batch_box_iou	0.04870887
679	train/batch_cls_loss	0.50297374
679	train/batch_box_loss	0.02216820
680	train/loss_step	2.45221734
680	train/lr	0.00030000
680	train/batch_acc	0.33333333
680	train/batch_box_iou	0.03450993
680	train/batch_cls_loss	0.42198110
680	train/batch_box_loss	0.01985125
681	train/loss_step	2.34934807
681	train/lr	0.00030000
681	train/batch_acc	0.21052632
681	train/batch_box_iou	0.09657595
681	train/batch_cls_loss	0.46536016
681	train/batch_box_loss	0.01542797
682	train/loss_step	2.23280811
682	train/lr	0.00030000
682	train/batch_acc	0.11111111
682	train/batch_box_iou	0.08137962
682	train/batch_cls_loss	0.31363773
682	train/batch_box_loss	0.01638592
683	train/loss_step	2.61641359
683	train/lr	0.00030000
683	train/batch_acc	0.18918919
683	train/batch_box_iou	0.07003785
683	train/batch_cls_loss	0.65476722
683	train/batch_box_loss	0.02034442
