{
  "loss": 2.3150143070497373,
  "acc": 0.21014492753623187,
  "box_iou": 0.037859605517292366,
  "map50": 0.0,
  "map50_95": 0.0,
  "precision": 0.0,
  "recall": 0.0,
  "params_m": 0.007849,
  "gflops": 0.081138176,
  "fps": 117.63014874357047
}