{
  "loss": 2.1189514588618623,
  "acc": 0.2318840579710145,
  "box_iou": 0.045735689696680376,
  "map50": 0.0,
  "map50_95": 0.0,
  "precision": 0.0,
  "recall": 0.0,
  "params_m": 0.018281,
  "gflops": 0.162249216,
  "fps": 127.17920309056827
}