{
  "loss": 0.9392543519708143,
  "acc": 0.3307644882860666,
  "box_iou": 0.09963809188562858,
  "map50": 0.0038077078291583653,
  "map50_95": 0.0005568714485756724,
  "precision": 0.05796904541065928,
  "recall": 0.01717685428652757,
  "params_m": 0.018347,
  "gflops": 0.16225024,
  "fps": 0.0
}