step	tag	value
1	train/loss_step	3.05231905
1	train/lr	0.00030000
1	train/batch_acc	0.24260355
1	train/batch_box_iou	0.01928251
1	train/batch_cls_loss	0.62702513
1	train/batch_box_loss	0.09277175
2	train/loss_step	2.98339581
2	train/lr	0.00030000
2	train/batch_acc	0.32527473
2	train/batch_box_iou	0.02015512
2	train/batch_cls_loss	0.56771868
2	train/batch_box_loss	0.09119748
3	train/loss_step	2.93561077
3	train/lr	0.00030000
3	train/batch_acc	0.31971154
3	train/batch_box_iou	0.02191840
3	train/batch_cls_loss	0.53945184
3	train/batch_box_loss	0.08799913
4	train/loss_step	2.95748472
4	train/lr	0.00030000
4	train/batch_acc	0.37723214
4	train/batch_box_iou	0.01618702
4	train/batch_cls_loss	0.54232872
4	train/batch_box_loss	0.08950600
5	train/loss_step	2.91242290
5	train/lr	0.00030000
5	train/batch_acc	0.38901602
5	train/batch_box_iou	0.02326575
5	train/batch_cls_loss	0.53591567
5	train/batch_box_loss	0.08460775
6	train/loss_step	2.91572261
6	train/lr	0.00030000
6	train/batch_acc	0.35604396
6	train/batch_box_iou	0.02497799
6	train/batch_cls_loss	0.55691463
6	train/batch_box_loss	0.08175280
7	train/loss_step	2.96043754
7	train/lr	0.00030000
7	train/batch_acc	0.42028986
7	train/batch_box_iou	0.01728272
7	train/batch_cls_loss	0.56410778
7	train/batch_box_loss	0.08617903
8	train/loss_step	2.88282156
8	train/lr	0.00030000
8	train/batch_acc	0.37612613
8	train/batch_box_iou	0.02554081
8	train/batch_cls_loss	0.54013371
8	train/batch_box_loss	0.07875393
9	train/loss_step	2.90059900
9	train/lr	0.00030000
9	train/batch_acc	0.36794582
9	train/batch_box_iou	0.01756597
9	train/batch_cls_loss	0.53135693
9	train/batch_box_loss	0.08087482
10	train/loss_step	2.90374231
10	train/lr	0.00030000
10	train/batch_acc	0.48637317
10	train/batch_box_iou	0.01997919
10	train/batch_cls_loss	0.54443729
10	train/batch_box_loss	0.07985270
11	train/loss_step	2.88536406
11	train/lr	0.00030000
11	train/batch_acc	0.38364780
11	train/batch_box_iou	0.02220342
11	train/batch_cls_loss	0.54474282
11	train/batch_box_loss	0.07700562
12	train/loss_step	2.86068296
12	train/lr	0.00030000
12	train/batch_acc	0.47252747
12	train/batch_box_iou	0.02163460
12	train/batch_cls_loss	0.51424986
12	train/batch_box_loss	0.07794048
13	train/loss_step	2.83962870
13	train/lr	0.00030000
13	train/batch_acc	0.34745763
13	train/batch_box_iou	0.02809161
13	train/batch_cls_loss	0.53885543
13	train/batch_box_loss	0.07139127
14	train/loss_step	2.87290502
14	train/lr	0.00030000
14	train/batch_acc	0.37735849
14	train/batch_box_iou	0.02468030
14	train/batch_cls_loss	0.54235530
14	train/batch_box_loss	0.07598208
15	train/loss_step	2.85680699
15	train/lr	0.00030000
15	train/batch_acc	0.42826552
15	train/batch_box_iou	0.02076465
15	train/batch_cls_loss	0.51891392
15	train/batch_box_loss	0.07588448
16	train/loss_step	2.83865929
16	train/lr	0.00030000
16	train/batch_acc	0.41044776
16	train/batch_box_iou	0.01670260
16	train/batch_cls_loss	0.48077628
16	train/batch_box_loss	0.07825763
17	train/loss_step	2.83197761
17	train/lr	0.00030000
17	train/batch_acc	0.39508929
17	train/batch_box_iou	0.02212873
17	train/batch_cls_loss	0.51286244
17	train/batch_box_loss	0.07267451
18	train/loss_step	2.80337858
18	train/lr	0.00030000
18	train/batch_acc	0.45514223
18	train/batch_box_iou	0.02290857
18	train/batch_cls_loss	0.49839821
18	train/batch_box_loss	0.07015950
19	train/loss_step	2.81572819
19	train/lr	0.00030000
19	train/batch_acc	0.42058166
19	train/batch_box_iou	0.02167059
19	train/batch_cls_loss	0.51281619
19	train/batch_box_loss	0.06925062
20	train/loss_step	2.75532460
20	train/lr	0.00030000
20	train/batch_acc	0.39798489
20	train/batch_box_iou	0.02723684
20	train/batch_cls_loss	0.47186834
20	train/batch_box_loss	0.06758597
21	train/loss_step	2.80237341
21	train/lr	0.00030000
21	train/batch_acc	0.40000000
21	train/batch_box_iou	0.02259627
21	train/batch_cls_loss	0.49988452
21	train/batch_box_loss	0.06953631
22	train/loss_step	2.78227568
22	train/lr	0.00030000
22	train/batch_acc	0.48111332
22	train/batch_box_iou	0.02606522
22	train/batch_cls_loss	0.50871146
22	train/batch_box_loss	0.06513894
23	train/loss_step	2.79139376
23	train/lr	0.00030000
23	train/batch_acc	0.40845070
23	train/batch_box_iou	0.02165812
23	train/batch_cls_loss	0.49646315
23	train/batch_box_loss	0.06764940
24	train/loss_step	2.77485657
24	train/lr	0.00030000
24	train/batch_acc	0.38784067
24	train/batch_box_iou	0.02920608
24	train/batch_cls_loss	0.51969492
24	train/batch_box_loss	0.06271477
25	train/loss_step	2.76142502
25	train/lr	0.00030000
25	train/batch_acc	0.44276458
25	train/batch_box_iou	0.03523503
25	train/batch_cls_loss	0.51519847
25	train/batch_box_loss	0.06333930
26	train/loss_step	2.84861326
26	train/lr	0.00030000
26	train/batch_acc	0.38869258
26	train/batch_box_iou	0.02396250
26	train/batch_cls_loss	0.57865608
26	train/batch_box_loss	0.06357644
27	train/loss_step	2.78450108
27	train/lr	0.00030000
27	train/batch_acc	0.43682310
27	train/batch_box_iou	0.03490756
27	train/batch_cls_loss	0.55372179
27	train/batch_box_loss	0.06011891
28	train/loss_step	2.68328190
28	train/lr	0.00030000
28	train/batch_acc	0.42751843
28	train/batch_box_iou	0.03312095
28	train/batch_cls_loss	0.46567142
28	train/batch_box_loss	0.05677046
29	train/loss_step	2.72787714
29	train/lr	0.00030000
29	train/batch_acc	0.48520710
29	train/batch_box_iou	0.03439828
29	train/batch_cls_loss	0.52264535
29	train/batch_box_loss	0.05480564
30	train/loss_step	2.73994040
30	train/lr	0.00030000
30	train/batch_acc	0.45140389
30	train/batch_box_iou	0.02434924
30	train/batch_cls_loss	0.48816842
30	train/batch_box_loss	0.06009408
31	train/loss_step	2.74416828
31	train/lr	0.00030000
31	train/batch_acc	0.38979118
31	train/batch_box_iou	0.02236709
31	train/batch_cls_loss	0.49771026
31	train/batch_box_loss	0.05823845
32	train/loss_step	2.74804306
32	train/lr	0.00030000
32	train/batch_acc	0.34338747
32	train/batch_box_iou	0.02175690
32	train/batch_cls_loss	0.50335854
32	train/batch_box_loss	0.05763963
33	train/loss_step	2.66618514
33	train/lr	0.00030000
33	train/batch_acc	0.50859951
33	train/batch_box_iou	0.02694867
33	train/batch_cls_loss	0.44294453
33	train/batch_box_loss	0.05542761
34	train/loss_step	2.68740988
34	train/lr	0.00030000
34	train/batch_acc	0.45576923
34	train/batch_box_iou	0.04352183
34	train/batch_cls_loss	0.52301663
34	train/batch_box_loss	0.05028737
35	train/loss_step	2.71137786
35	train/lr	0.00030000
35	train/batch_acc	0.47522523
35	train/batch_box_iou	0.02708935
35	train/batch_cls_loss	0.49877244
35	train/batch_box_loss	0.05335681
36	train/loss_step	2.69834971
36	train/lr	0.00030000
36	train/batch_acc	0.47169811
36	train/batch_box_iou	0.04090927
36	train/batch_cls_loss	0.53563708
36	train/batch_box_loss	0.04890626
37	train/loss_step	2.65405345
37	train/lr	0.00030000
37	train/batch_acc	0.44103774
37	train/batch_box_iou	0.03429369
37	train/batch_cls_loss	0.48200020
37	train/batch_box_loss	0.04812814
38	train/loss_step	2.63041830
38	train/lr	0.00030000
38	train/batch_acc	0.47785548
38	train/batch_box_iou	0.03212252
38	train/batch_cls_loss	0.45810583
38	train/batch_box_loss	0.04731152
39	train/loss_step	2.65499926
39	train/lr	0.00030000
39	train/batch_acc	0.53004292
39	train/batch_box_iou	0.03564928
39	train/batch_cls_loss	0.49083912
39	train/batch_box_loss	0.04709173
40	train/loss_step	2.63712502
40	train/lr	0.00030000
40	train/batch_acc	0.45702306
40	train/batch_box_iou	0.04240068
40	train/batch_cls_loss	0.50178683
40	train/batch_box_loss	0.04402788
41	train/loss_step	2.63897085
41	train/lr	0.00030000
41	train/batch_acc	0.42720764
41	train/batch_box_iou	0.03688464
41	train/batch_cls_loss	0.47793758
41	train/batch_box_loss	0.04696052
42	train/loss_step	2.65789080
42	train/lr	0.00030000
42	train/batch_acc	0.44000000
42	train/batch_box_iou	0.03035136
42	train/batch_cls_loss	0.49206525
42	train/batch_box_loss	0.04530565
43	train/loss_step	2.60257196
43	train/lr	0.00030000
43	train/batch_acc	0.45905707
43	train/batch_box_iou	0.03600952
43	train/batch_cls_loss	0.45513678
43	train/batch_box_loss	0.04389084
44	train/loss_step	2.61222672
44	train/lr	0.00030000
44	train/batch_acc	0.43645084
44	train/batch_box_iou	0.03604504
44	train/batch_cls_loss	0.46878183
44	train/batch_box_loss	0.04310698
45	train/loss_step	2.58220959
45	train/lr	0.00030000
45	train/batch_acc	0.42191781
45	train/batch_box_iou	0.03354230
45	train/batch_cls_loss	0.44647217
45	train/batch_box_loss	0.04056442
46	train/loss_step	2.58729434
46	train/lr	0.00030000
46	train/batch_acc	0.43243243
46	train/batch_box_iou	0.04243441
46	train/batch_cls_loss	0.47697109
46	train/batch_box_loss	0.03903840
47	train/loss_step	2.56149745
47	train/lr	0.00030000
47	train/batch_acc	0.43083900
47	train/batch_box_iou	0.05173488
47	train/batch_cls_loss	0.48020881
47	train/batch_box_loss	0.03695167
48	train/loss_step	2.68213296
48	train/lr	0.00030000
48	train/batch_acc	0.50000000
48	train/batch_box_iou	0.02243744
48	train/batch_cls_loss	0.50690258
48	train/batch_box_loss	0.04402106
1	train/loss_epoch	2.78026566
1	train/epoch_acc	0.41848512
1	train/epoch_box_iou	0.02798973
1	val/loss	2.69960228
1	val/acc	0.35809647
1	val/box_iou	0.03720650
1	val/mAP	0.00021272
1	val/mAP50_95	0.00002662
1	val/precision	0.00315700
1	val/recall	0.00314733
1	train/early_stop_loss	2.69960228
49	train/loss_step	2.55293131
49	train/lr	0.00030000
49	train/batch_acc	0.43825666
49	train/batch_box_iou	0.04616097
49	train/batch_cls_loss	0.46529460
49	train/batch_box_loss	0.03599172
50	train/loss_step	2.51908016
50	train/lr	0.00030000
50	train/batch_acc	0.46171171
50	train/batch_box_iou	0.05460082
50	train/batch_cls_loss	0.45598358
50	train/batch_box_loss	0.03445962
51	train/loss_step	2.59191847
51	train/lr	0.00030000
51	train/batch_acc	0.53634578
51	train/batch_box_iou	0.03663808
51	train/batch_cls_loss	0.47508126
51	train/batch_box_loss	0.03802267
52	train/loss_step	2.51704836
52	train/lr	0.00030000
52	train/batch_acc	0.51473923
52	train/batch_box_iou	0.04600888
52	train/batch_cls_loss	0.44174427
52	train/batch_box_loss	0.03346437
53	train/loss_step	2.58787942
53	train/lr	0.00030000
53	train/batch_acc	0.40163934
53	train/batch_box_iou	0.04041772
53	train/batch_cls_loss	0.49893087
53	train/batch_box_loss	0.03395681
54	train/loss_step	2.52109766
54	train/lr	0.00030000
54	train/batch_acc	0.45432692
54	train/batch_box_iou	0.04328505
54	train/batch_cls_loss	0.44189754
54	train/batch_box_loss	0.03315408
55	train/loss_step	2.58245802
55	train/lr	0.00030000
55	train/batch_acc	0.46252677
55	train/batch_box_iou	0.02981719
55	train/batch_cls_loss	0.47554767
55	train/batch_box_loss	0.03330893
56	train/loss_step	2.53465557
56	train/lr	0.00030000
56	train/batch_acc	0.45911950
56	train/batch_box_iou	0.04597615
56	train/batch_cls_loss	0.46158203
56	train/batch_box_loss	0.03300515
57	train/loss_step	2.53614807
57	train/lr	0.00030000
57	train/batch_acc	0.38461538
57	train/batch_box_iou	0.04575623
57	train/batch_cls_loss	0.46988642
57	train/batch_box_loss	0.03155485
58	train/loss_step	2.48856544
58	train/lr	0.00030000
58	train/batch_acc	0.36997319
58	train/batch_box_iou	0.05188533
58	train/batch_cls_loss	0.44115409
58	train/batch_box_loss	0.03023637
59	train/loss_step	2.51496601
59	train/lr	0.00030000
59	train/batch_acc	0.50313152
59	train/batch_box_iou	0.04747986
59	train/batch_cls_loss	0.46069849
59	train/batch_box_loss	0.02984545
60	train/loss_step	2.57507539
60	train/lr	0.00030000
60	train/batch_acc	0.33924612
60	train/batch_box_iou	0.03557434
60	train/batch_cls_loss	0.48679686
60	train/batch_box_loss	0.03188543
61	train/loss_step	2.53000617
61	train/lr	0.00030000
61	train/batch_acc	0.45161290
61	train/batch_box_iou	0.05168638
61	train/batch_cls_loss	0.48435134
61	train/batch_box_loss	0.02980552
62	train/loss_step	2.49490356
62	train/lr	0.00030000
62	train/batch_acc	0.49099099
62	train/batch_box_iou	0.04521791
62	train/batch_cls_loss	0.43537107
62	train/batch_box_loss	0.02999364
63	train/loss_step	2.54414582
63	train/lr	0.00030000
63	train/batch_acc	0.51195219
63	train/batch_box_iou	0.03858197
63	train/batch_cls_loss	0.46651596
63	train/batch_box_loss	0.03095876
64	train/loss_step	2.50866318
64	train/lr	0.00030000
64	train/batch_acc	0.39508929
64	train/batch_box_iou	0.05181457
64	train/batch_cls_loss	0.47286502
64	train/batch_box_loss	0.02788545
65	train/loss_step	2.49955273
65	train/lr	0.00030000
65	train/batch_acc	0.42080378
65	train/batch_box_iou	0.04867924
65	train/batch_cls_loss	0.45997101
65	train/batch_box_loss	0.02738803
66	train/loss_step	2.51187181
66	train/lr	0.00030000
66	train/batch_acc	0.53103448
66	train/batch_box_iou	0.03826296
66	train/batch_cls_loss	0.44511843
66	train/batch_box_loss	0.02865587
67	train/loss_step	2.49652457
67	train/lr	0.00030000
67	train/batch_acc	0.48283262
67	train/batch_box_iou	0.05275293
67	train/batch_cls_loss	0.46016872
67	train/batch_box_loss	0.02837233
68	train/loss_step	2.53173089
68	train/lr	0.00030000
68	train/batch_acc	0.41050119
68	train/batch_box_iou	0.03880775
68	train/batch_cls_loss	0.46610001
68	train/batch_box_loss	0.02864928
69	train/loss_step	2.50701237
69	train/lr	0.00030000
69	train/batch_acc	0.43423800
69	train/batch_box_iou	0.05069696
69	train/batch_cls_loss	0.47553691
69	train/batch_box_loss	0.02657390
70	train/loss_step	2.55486846
70	train/lr	0.00030000
70	train/batch_acc	0.43227092
70	train/batch_box_iou	0.05588831
70	train/batch_cls_loss	0.53754479
70	train/batch_box_loss	0.02582004
71	train/loss_step	2.49570298
71	train/lr	0.00030000
71	train/batch_acc	0.45370370
71	train/batch_box_iou	0.04343090
71	train/batch_cls_loss	0.44709009
71	train/batch_box_loss	0.02709496
72	train/loss_step	2.43675685
72	train/lr	0.00030000
72	train/batch_acc	0.49764151
72	train/batch_box_iou	0.06433552
72	train/batch_cls_loss	0.45150599
72	train/batch_box_loss	0.02278438
73	train/loss_step	2.46224999
73	train/lr	0.00030000
73	train/batch_acc	0.50340136
73	train/batch_box_iou	0.05130188
73	train/batch_cls_loss	0.43875641
73	train/batch_box_loss	0.02521949
74	train/loss_step	2.53235316
74	train/lr	0.00030000
74	train/batch_acc	0.47504990
74	train/batch_box_iou	0.04021920
74	train/batch_cls_loss	0.48168105
74	train/batch_box_loss	0.02622209
75	train/loss_step	2.48995757
75	train/lr	0.00030000
75	train/batch_acc	0.40657084
75	train/batch_box_iou	0.06384704
75	train/batch_cls_loss	0.49748617
75	train/batch_box_loss	0.02403309
76	train/loss_step	2.44906044
76	train/lr	0.00030000
76	train/batch_acc	0.55133929
76	train/batch_box_iou	0.04981857
76	train/batch_cls_loss	0.42600358
76	train/batch_box_loss	0.02453881
77	train/loss_step	2.51653123
77	train/lr	0.00030000
77	train/batch_acc	0.48043478
77	train/batch_box_iou	0.03965980
77	train/batch_cls_loss	0.46731248
77	train/batch_box_loss	0.02570768
78	train/loss_step	2.49955034
78	train/lr	0.00030000
78	train/batch_acc	0.43340381
78	train/batch_box_iou	0.05393689
78	train/batch_cls_loss	0.47807050
78	train/batch_box_loss	0.02587071
79	train/loss_step	2.49868631
79	train/lr	0.00030000
79	train/batch_acc	0.42528736
79	train/batch_box_iou	0.04495692
79	train/batch_cls_loss	0.46367812
79	train/batch_box_loss	0.02498441
80	train/loss_step	2.46020269
80	train/lr	0.00030000
80	train/batch_acc	0.45859873
80	train/batch_box_iou	0.06511328
80	train/batch_cls_loss	0.47270572
80	train/batch_box_loss	0.02354475
81	train/loss_step	2.40343595
81	train/lr	0.00030000
81	train/batch_acc	0.55361050
81	train/batch_box_iou	0.06147670
81	train/batch_cls_loss	0.40993813
81	train/batch_box_loss	0.02329023
82	train/loss_step	2.44113231
82	train/lr	0.00030000
82	train/batch_acc	0.52422907
82	train/batch_box_iou	0.05605268
82	train/batch_cls_loss	0.43771866
82	train/batch_box_loss	0.02310380
83	train/loss_step	2.44034743
83	train/lr	0.00030000
83	train/batch_acc	0.49671772
83	train/batch_box_iou	0.06157421
83	train/batch_cls_loss	0.44749478
83	train/batch_box_loss	0.02320023
84	train/loss_step	2.44352913
84	train/lr	0.00030000
84	train/batch_acc	0.49668874
84	train/batch_box_iou	0.05798056
84	train/batch_cls_loss	0.44393623
84	train/batch_box_loss	0.02311081
85	train/loss_step	2.38160396
85	train/lr	0.00030000
85	train/batch_acc	0.53041363
85	train/batch_box_iou	0.06590880
85	train/batch_cls_loss	0.40029454
85	train/batch_box_loss	0.02262539
86	train/loss_step	2.44093800
86	train/lr	0.00030000
86	train/batch_acc	0.48984199
86	train/batch_box_iou	0.05066497
86	train/batch_cls_loss	0.42807239
86	train/batch_box_loss	0.02283911
87	train/loss_step	2.47024488
87	train/lr	0.00030000
87	train/batch_acc	0.44711538
87	train/batch_box_iou	0.04556438
87	train/batch_cls_loss	0.43880439
87	train/batch_box_loss	0.02451389
88	train/loss_step	2.45912194
88	train/lr	0.00030000
88	train/batch_acc	0.47235023
88	train/batch_box_iou	0.04697701
88	train/batch_cls_loss	0.43590468
88	train/batch_box_loss	0.02343428
89	train/loss_step	2.49110126
89	train/lr	0.00030000
89	train/batch_acc	0.45790554
89	train/batch_box_iou	0.06155341
89	train/batch_cls_loss	0.49268913
89	train/batch_box_loss	0.02430378
90	train/loss_step	2.52525544
90	train/lr	0.00030000
90	train/batch_acc	0.39461883
90	train/batch_box_iou	0.04107266
90	train/batch_cls_loss	0.48980665
90	train/batch_box_loss	0.02351883
91	train/loss_step	2.49897647
91	train/lr	0.00030000
91	train/batch_acc	0.49902153
91	train/batch_box_iou	0.05321193
91	train/batch_cls_loss	0.48535702
91	train/batch_box_loss	0.02400864
92	train/loss_step	2.47883034
92	train/lr	0.00030000
92	train/batch_acc	0.52531646
92	train/batch_box_iou	0.04294194
92	train/batch_cls_loss	0.44321805
92	train/batch_box_loss	0.02429922
93	train/loss_step	2.41978121
93	train/lr	0.00030000
93	train/batch_acc	0.50961538
93	train/batch_box_iou	0.05160750
93	train/batch_cls_loss	0.40875518
93	train/batch_box_loss	0.02284822
94	train/loss_step	2.49009228
94	train/lr	0.00030000
94	train/batch_acc	0.43897216
94	train/batch_box_iou	0.05067595
94	train/batch_cls_loss	0.47829631
94	train/batch_box_loss	0.02262959
95	train/loss_step	2.50220799
95	train/lr	0.00030000
95	train/batch_acc	0.35991379
95	train/batch_box_iou	0.04804926
95	train/batch_cls_loss	0.48335171
95	train/batch_box_loss	0.02299095
96	train/loss_step	2.62363768
96	train/lr	0.00030000
96	train/batch_acc	0.26315789
96	train/batch_box_iou	0.01549522
96	train/batch_cls_loss	0.53893530
96	train/batch_box_loss	0.02313856
2	train/loss_epoch	2.49983798
2	train/epoch_acc	0.46329611
2	train/epoch_box_iou	0.04902589
2	val/loss	2.52324814
2	val/acc	0.41332903
2	val/box_iou	0.05663029
2	val/mAP	0.00040690
2	val/mAP50_95	0.00005953
2	val/precision	0.01388037
2	val/recall	0.00744715
2	train/early_stop_loss	2.52324814
97	train/loss_step	2.42880249
97	train/lr	0.00030000
97	train/batch_acc	0.47630332
97	train/batch_box_iou	0.05423867
97	train/batch_cls_loss	0.42139560
97	train/batch_box_loss	0.02317688
98	train/loss_step	2.44691586
98	train/lr	0.00030000
98	train/batch_acc	0.47945205
98	train/batch_box_iou	0.04831265
98	train/batch_cls_loss	0.43340346
98	train/batch_box_loss	0.02202756
99	train/loss_step	2.40379119
99	train/lr	0.00030000
99	train/batch_acc	0.57177033
99	train/batch_box_iou	0.06266677
99	train/batch_cls_loss	0.41444206
99	train/batch_box_loss	0.02293652
100	train/loss_step	2.44433188
100	train/lr	0.00030000
100	train/batch_acc	0.46666667
100	train/batch_box_iou	0.06643747
100	train/batch_cls_loss	0.46910855
100	train/batch_box_loss	0.02161965
101	train/loss_step	2.47483826
101	train/lr	0.00030000
101	train/batch_acc	0.46621622
101	train/batch_box_iou	0.04444306
101	train/batch_cls_loss	0.44811067
101	train/batch_box_loss	0.02312274
102	train/loss_step	2.44049835
102	train/lr	0.00030000
102	train/batch_acc	0.47345133
102	train/batch_box_iou	0.06813902
102	train/batch_cls_loss	0.46725589
102	train/batch_box_loss	0.02190410
103	train/loss_step	2.42689633
103	train/lr	0.00030000
103	train/batch_acc	0.38726790
103	train/batch_box_iou	0.05826981
103	train/batch_cls_loss	0.42745101
103	train/batch_box_loss	0.02319699
104	train/loss_step	2.42804790
104	train/lr	0.00030000
104	train/batch_acc	0.45885287
104	train/batch_box_iou	0.05690543
104	train/batch_cls_loss	0.43082821
104	train/batch_box_loss	0.02220611
105	train/loss_step	2.44097424
105	train/lr	0.00030000
105	train/batch_acc	0.51446281
105	train/batch_box_iou	0.06097360
105	train/batch_cls_loss	0.44531685
105	train/batch_box_loss	0.02352092
106	train/loss_step	2.48429847
106	train/lr	0.00030000
106	train/batch_acc	0.48897796
106	train/batch_box_iou	0.05606399
106	train/batch_cls_loss	0.47927716
106	train/batch_box_loss	0.02342986
107	train/loss_step	2.51939058
107	train/lr	0.00030000
107	train/batch_acc	0.45593870
107	train/batch_box_iou	0.04902084
107	train/batch_cls_loss	0.50135303
107	train/batch_box_loss	0.02321585
108	train/loss_step	2.43416548
108	train/lr	0.00030000
108	train/batch_acc	0.41686747
108	train/batch_box_iou	0.05535312
108	train/batch_cls_loss	0.43667608
108	train/batch_box_loss	0.02163911
109	train/loss_step	2.42678165
109	train/lr	0.00030000
109	train/batch_acc	0.44168734
109	train/batch_box_iou	0.05748102
109	train/batch_cls_loss	0.43076044
109	train/batch_box_loss	0.02219668
110	train/loss_step	2.43538022
110	train/lr	0.00030000
110	train/batch_acc	0.40097800
110	train/batch_box_iou	0.05108463
110	train/batch_cls_loss	0.42594555
110	train/batch_box_loss	0.02232078
111	train/loss_step	2.47819805
111	train/lr	0.00030000
111	train/batch_acc	0.42068966
111	train/batch_box_iou	0.05816298
111	train/batch_cls_loss	0.48308975
111	train/batch_box_loss	0.02228684
112	train/loss_step	2.42812300
112	train/lr	0.00030000
112	train/batch_acc	0.48831776
112	train/batch_box_iou	0.04905708
112	train/batch_cls_loss	0.41615582
112	train/batch_box_loss	0.02201624
113	train/loss_step	2.42506003
113	train/lr	0.00030000
113	train/batch_acc	0.50348028
113	train/batch_box_iou	0.04914233
113	train/batch_cls_loss	0.41832381
113	train/batch_box_loss	0.02100418
114	train/loss_step	2.44778037
114	train/lr	0.00030000
114	train/batch_acc	0.49539595
114	train/batch_box_iou	0.06928751
114	train/batch_cls_loss	0.48322052
114	train/batch_box_loss	0.02062700
115	train/loss_step	2.44621253
115	train/lr	0.00030000
115	train/batch_acc	0.45511482
115	train/batch_box_iou	0.06377039
115	train/batch_cls_loss	0.46476471
115	train/batch_box_loss	0.02179772
116	train/loss_step	2.41763830
116	train/lr	0.00030000
116	train/batch_acc	0.44705882
116	train/batch_box_iou	0.06556928
116	train/batch_cls_loss	0.43750358
116	train/batch_box_loss	0.02225468
117	train/loss_step	2.45517445
117	train/lr	0.00030000
117	train/batch_acc	0.48684211
117	train/batch_box_iou	0.04506800
117	train/batch_cls_loss	0.43135554
117	train/batch_box_loss	0.02279098
118	train/loss_step	2.43710756
118	train/lr	0.00030000
118	train/batch_acc	0.45140389
118	train/batch_box_iou	0.05794494
118	train/batch_cls_loss	0.45371753
118	train/batch_box_loss	0.01985598
119	train/loss_step	2.42835355
119	train/lr	0.00030000
119	train/batch_acc	0.45851528
119	train/batch_box_iou	0.06412149
119	train/batch_cls_loss	0.45237619
119	train/batch_box_loss	0.02084406
120	train/loss_step	2.51852322
120	train/lr	0.00030000
120	train/batch_acc	0.43962264
120	train/batch_box_iou	0.04197404
120	train/batch_cls_loss	0.49223578
120	train/batch_box_loss	0.02204711
121	train/loss_step	2.44173026
121	train/lr	0.00030000
121	train/batch_acc	0.41071429
121	train/batch_box_iou	0.04701347
121	train/batch_cls_loss	0.42736113
121	train/batch_box_loss	0.02167921
122	train/loss_step	2.45235181
122	train/lr	0.00030000
122	train/batch_acc	0.42824074
122	train/batch_box_iou	0.05008421
122	train/batch_cls_loss	0.44557834
122	train/batch_box_loss	0.02138838
123	train/loss_step	2.42417407
123	train/lr	0.00030000
123	train/batch_acc	0.45940594
123	train/batch_box_iou	0.07684757
123	train/batch_cls_loss	0.47278190
123	train/batch_box_loss	0.02101747
124	train/loss_step	2.44187856
124	train/lr	0.00030000
124	train/batch_acc	0.46817248
124	train/batch_box_iou	0.06131129
124	train/batch_cls_loss	0.45927447
124	train/batch_box_loss	0.02104535
125	train/loss_step	2.48917747
125	train/lr	0.00030000
125	train/batch_acc	0.47890295
125	train/batch_box_iou	0.05352426
125	train/batch_cls_loss	0.47850972
125	train/batch_box_loss	0.02354324
126	train/loss_step	2.41626835
126	train/lr	0.00030000
126	train/batch_acc	0.50896861
126	train/batch_box_iou	0.05857974
126	train/batch_cls_loss	0.43052366
126	train/batch_box_loss	0.02058083
127	train/loss_step	2.43624735
127	train/lr	0.00030000
127	train/batch_acc	0.44444444
127	train/batch_box_iou	0.05113374
127	train/batch_cls_loss	0.42567474
127	train/batch_box_loss	0.02256799
128	train/loss_step	2.41001701
128	train/lr	0.00030000
128	train/batch_acc	0.50672646
128	train/batch_box_iou	0.05960830
128	train/batch_cls_loss	0.42551619
128	train/batch_box_loss	0.02074351
129	train/loss_step	2.49928880
129	train/lr	0.00030000
129	train/batch_acc	0.49701789
129	train/batch_box_iou	0.05197441
129	train/batch_cls_loss	0.49029171
129	train/batch_box_loss	0.02258918
130	train/loss_step	2.45268822
130	train/lr	0.00030000
130	train/batch_acc	0.42270531
130	train/batch_box_iou	0.04769918
130	train/batch_cls_loss	0.43899038
130	train/batch_box_loss	0.02181922
131	train/loss_step	2.46005082
131	train/lr	0.00030000
131	train/batch_acc	0.52475248
131	train/batch_box_iou	0.05024499
131	train/batch_cls_loss	0.45181474
131	train/batch_box_loss	0.02174520
132	train/loss_step	2.49493742
132	train/lr	0.00030000
132	train/batch_acc	0.51039698
132	train/batch_box_iou	0.05511478
132	train/batch_cls_loss	0.49368650
132	train/batch_box_loss	0.02229613
133	train/loss_step	2.39177155
133	train/lr	0.00030000
133	train/batch_acc	0.42533937
133	train/batch_box_iou	0.07742421
133	train/batch_cls_loss	0.44786844
133	train/batch_box_loss	0.01975033
134	train/loss_step	2.38511324
134	train/lr	0.00030000
134	train/batch_acc	0.50303030
134	train/batch_box_iou	0.07786956
134	train/batch_cls_loss	0.44326305
134	train/batch_box_loss	0.01951787
135	train/loss_step	2.40028262
135	train/lr	0.00030000
135	train/batch_acc	0.56599553
135	train/batch_box_iou	0.05964994
135	train/batch_cls_loss	0.42044154
135	train/batch_box_loss	0.01982820
136	train/loss_step	2.35592484
136	train/lr	0.00030000
136	train/batch_acc	0.53141361
136	train/batch_box_iou	0.05754476
136	train/batch_cls_loss	0.36721757
136	train/batch_box_loss	0.02075938
137	train/loss_step	2.41852379
137	train/lr	0.00030000
137	train/batch_acc	0.51198257
137	train/batch_box_iou	0.05313737
137	train/batch_cls_loss	0.41183653
137	train/batch_box_loss	0.02259241
138	train/loss_step	2.38778019
138	train/lr	0.00030000
138	train/batch_acc	0.49888143
138	train/batch_box_iou	0.07062522
138	train/batch_cls_loss	0.42105043
138	train/batch_box_loss	0.02159603
139	train/loss_step	2.38156414
139	train/lr	0.00030000
139	train/batch_acc	0.50985222
139	train/batch_box_iou	0.05108018
139	train/batch_cls_loss	0.37427336
139	train/batch_box_loss	0.02189023
140	train/loss_step	2.44735861
140	train/lr	0.00030000
140	train/batch_acc	0.48747592
140	train/batch_box_iou	0.07363511
140	train/batch_cls_loss	0.49080104
140	train/batch_box_loss	0.02076553
141	train/loss_step	2.47641802
141	train/lr	0.00030000
141	train/batch_acc	0.41733871
141	train/batch_box_iou	0.06954190
141	train/batch_cls_loss	0.51271582
141	train/batch_box_loss	0.02055721
142	train/loss_step	2.42296433
142	train/lr	0.00030000
142	train/batch_acc	0.48734177
142	train/batch_box_iou	0.06106181
142	train/batch_cls_loss	0.43781805
142	train/batch_box_loss	0.02145398
143	train/loss_step	2.39044404
143	train/lr	0.00030000
143	train/batch_acc	0.48484848
143	train/batch_box_iou	0.06904154
143	train/batch_cls_loss	0.42852417
143	train/batch_box_loss	0.02000060
144	train/loss_step	2.17182851
144	train/lr	0.00030000
144	train/batch_acc	0.22727273
144	train/batch_box_iou	0.17150265
144	train/batch_cls_loss	0.42484817
144	train/batch_box_loss	0.01799713
3	train/loss_epoch	2.43957984
3	train/epoch_acc	0.47357600
3	train/epoch_box_iou	0.05856938
3	val/loss	2.46503251
3	val/acc	0.47642119
3	val/box_iou	0.06056719
3	val/mAP	0.00132072
3	val/mAP50_95	0.00019437
3	val/precision	0.01483127
3	val/recall	0.01107706
3	train/early_stop_loss	2.46503251
145	train/loss_step	2.39049435
145	train/lr	0.00030000
145	train/batch_acc	0.59908884
145	train/batch_box_iou	0.05593954
145	train/batch_cls_loss	0.40469036
145	train/batch_box_loss	0.01953662
146	train/loss_step	2.38348961
146	train/lr	0.00030000
146	train/batch_acc	0.41898148
146	train/batch_box_iou	0.06987011
146	train/batch_cls_loss	0.42080253
146	train/batch_box_loss	0.02048543
147	train/loss_step	2.48280358
147	train/lr	0.00030000
147	train/batch_acc	0.40277778
147	train/batch_box_iou	0.04952043
147	train/batch_cls_loss	0.47057471
147	train/batch_box_loss	0.02225394
148	train/loss_step	2.42691422
148	train/lr	0.00030000
148	train/batch_acc	0.39761905
148	train/batch_box_iou	0.05335928
148	train/batch_cls_loss	0.42778015
148	train/batch_box_loss	0.02117051
149	train/loss_step	2.38421631
149	train/lr	0.00030000
149	train/batch_acc	0.40101523
149	train/batch_box_iou	0.06143396
149	train/batch_cls_loss	0.40508804
149	train/batch_box_loss	0.02039927
150	train/loss_step	2.40266109
150	train/lr	0.00030000
150	train/batch_acc	0.50593824
150	train/batch_box_iou	0.05054552
150	train/batch_cls_loss	0.40009791
150	train/batch_box_loss	0.02073083
151	train/loss_step	2.45612001
151	train/lr	0.00030000
151	train/batch_acc	0.40136054
151	train/batch_box_iou	0.04550743
151	train/batch_cls_loss	0.43776172
151	train/batch_box_loss	0.02187464
152	train/loss_step	2.40671706
152	train/lr	0.00030000
152	train/batch_acc	0.38795181
152	train/batch_box_iou	0.06142290
152	train/batch_cls_loss	0.41938496
152	train/batch_box_loss	0.02203557
153	train/loss_step	2.40924072
153	train/lr	0.00030000
153	train/batch_acc	0.42032333
153	train/batch_box_iou	0.06287166
153	train/batch_cls_loss	0.42961431
153	train/batch_box_loss	0.02107396
154	train/loss_step	2.39997315
154	train/lr	0.00030000
154	train/batch_acc	0.44806517
154	train/batch_box_iou	0.07212727
154	train/batch_cls_loss	0.43672866
154	train/batch_box_loss	0.02149983
155	train/loss_step	2.39551663
155	train/lr	0.00030000
155	train/batch_acc	0.46170678
155	train/batch_box_iou	0.07524520
155	train/batch_cls_loss	0.43584269
155	train/batch_box_loss	0.02203287
156	train/loss_step	2.45628691
156	train/lr	0.00030000
156	train/batch_acc	0.39386792
156	train/batch_box_iou	0.04572468
156	train/batch_cls_loss	0.43378082
156	train/batch_box_loss	0.02279111
157	train/loss_step	2.38748240
157	train/lr	0.00030000
157	train/batch_acc	0.48477752
157	train/batch_box_iou	0.06567346
157	train/batch_cls_loss	0.41462964
157	train/batch_box_loss	0.02083994
158	train/loss_step	2.40780091
158	train/lr	0.00030000
158	train/batch_acc	0.48712446
158	train/batch_box_iou	0.07063162
158	train/batch_cls_loss	0.44158790
158	train/batch_box_loss	0.02149525
159	train/loss_step	2.35024023
159	train/lr	0.00030000
159	train/batch_acc	0.45852535
159	train/batch_box_iou	0.08889756
159	train/batch_cls_loss	0.42473531
159	train/batch_box_loss	0.02066002
160	train/loss_step	2.39175797
160	train/lr	0.00030000
160	train/batch_acc	0.43310658
160	train/batch_box_iou	0.07027110
160	train/batch_cls_loss	0.42695272
160	train/batch_box_loss	0.02106949
161	train/loss_step	2.40686274
161	train/lr	0.00030000
161	train/batch_acc	0.52054795
161	train/batch_box_iou	0.06604630
161	train/batch_cls_loss	0.43522197
161	train/batch_box_loss	0.02074670
162	train/loss_step	2.42901492
162	train/lr	0.00030000
162	train/batch_acc	0.47982063
162	train/batch_box_iou	0.05717935
162	train/batch_cls_loss	0.43433160
162	train/batch_box_loss	0.02180839
163	train/loss_step	2.40005207
163	train/lr	0.00030000
163	train/batch_acc	0.50684932
163	train/batch_box_iou	0.05610602
163	train/batch_cls_loss	0.41398460
163	train/batch_box_loss	0.01965592
164	train/loss_step	2.45170116
164	train/lr	0.00030000
164	train/batch_acc	0.50190114
164	train/batch_box_iou	0.05621892
164	train/batch_cls_loss	0.45513403
164	train/batch_box_loss	0.02180102
165	train/loss_step	2.34444547
165	train/lr	0.00030000
165	train/batch_acc	0.52806122
165	train/batch_box_iou	0.06850427
165	train/batch_cls_loss	0.37969849
165	train/batch_box_loss	0.02035110
166	train/loss_step	2.47062111
166	train/lr	0.00030000
166	train/batch_acc	0.42430279
166	train/batch_box_iou	0.05990322
166	train/batch_cls_loss	0.48647410
166	train/batch_box_loss	0.02079071
167	train/loss_step	2.36605620
167	train/lr	0.00030000
167	train/batch_acc	0.46962617
167	train/batch_box_iou	0.06884596
167	train/batch_cls_loss	0.40058008
167	train/batch_box_loss	0.02063363
168	train/loss_step	2.40071583
168	train/lr	0.00030000
168	train/batch_acc	0.46715328
168	train/batch_box_iou	0.05564541
168	train/batch_cls_loss	0.40647846
168	train/batch_box_loss	0.02110567
169	train/loss_step	2.42142677
169	train/lr	0.00030000
169	train/batch_acc	0.41558442
169	train/batch_box_iou	0.06217228
169	train/batch_cls_loss	0.44125727
169	train/batch_box_loss	0.02090284
170	train/loss_step	2.44359851
170	train/lr	0.00030000
170	train/batch_acc	0.49478079
170	train/batch_box_iou	0.05905665
170	train/batch_cls_loss	0.44838208
170	train/batch_box_loss	0.02266594
171	train/loss_step	2.45671701
171	train/lr	0.00030000
171	train/batch_acc	0.47568710
171	train/batch_box_iou	0.04886219
171	train/batch_cls_loss	0.45164019
171	train/batch_box_loss	0.02056023
172	train/loss_step	2.39586067
172	train/lr	0.00030000
172	train/batch_acc	0.47554348
172	train/batch_box_iou	0.05387622
172	train/batch_cls_loss	0.39240673
172	train/batch_box_loss	0.02224125
173	train/loss_step	2.46823978
173	train/lr	0.00030000
173	train/batch_acc	0.42543860
173	train/batch_box_iou	0.05128327
173	train/batch_cls_loss	0.46002355
173	train/batch_box_loss	0.02215651
174	train/loss_step	2.46757674
174	train/lr	0.00030000
174	train/batch_acc	0.50847458
174	train/batch_box_iou	0.04850140
174	train/batch_cls_loss	0.45837599
174	train/batch_box_loss	0.02124071
175	train/loss_step	2.37503242
175	train/lr	0.00030000
175	train/batch_acc	0.51395349
175	train/batch_box_iou	0.04918479
175	train/batch_cls_loss	0.37437832
175	train/batch_box_loss	0.01980475
176	train/loss_step	2.44701815
176	train/lr	0.00030000
176	train/batch_acc	0.42885772
176	train/batch_box_iou	0.06536261
176	train/batch_cls_loss	0.46893162
176	train/batch_box_loss	0.02176233
177	train/loss_step	2.41154099
177	train/lr	0.00030000
177	train/batch_acc	0.48832272
177	train/batch_box_iou	0.06554951
177	train/batch_cls_loss	0.43582666
177	train/batch_box_loss	0.02136269
178	train/loss_step	2.38534427
178	train/lr	0.00030000
178	train/batch_acc	0.48661800
178	train/batch_box_iou	0.06206784
178	train/batch_cls_loss	0.40314871
178	train/batch_box_loss	0.02126627
179	train/loss_step	2.45001221
179	train/lr	0.00030000
179	train/batch_acc	0.43373494
179	train/batch_box_iou	0.05553345
179	train/batch_cls_loss	0.45178562
179	train/batch_box_loss	0.02185871
180	train/loss_step	2.43356180
180	train/lr	0.00030000
180	train/batch_acc	0.46544715
180	train/batch_box_iou	0.06313716
180	train/batch_cls_loss	0.46090180
180	train/batch_box_loss	0.01978686
181	train/loss_step	2.47517014
181	train/lr	0.00030000
181	train/batch_acc	0.51650485
181	train/batch_box_iou	0.04035181
181	train/batch_cls_loss	0.44003925
181	train/batch_box_loss	0.02316689
182	train/loss_step	2.42047930
182	train/lr	0.00030000
182	train/batch_acc	0.42247191
182	train/batch_box_iou	0.06654456
182	train/batch_cls_loss	0.44072348
182	train/batch_box_loss	0.02256896
183	train/loss_step	2.39978313
183	train/lr	0.00030000
183	train/batch_acc	0.47580645
183	train/batch_box_iou	0.07229014
183	train/batch_cls_loss	0.44195116
183	train/batch_box_loss	0.02048243
184	train/loss_step	2.42901468
184	train/lr	0.00030000
184	train/batch_acc	0.38641686
184	train/batch_box_iou	0.06458695
184	train/batch_cls_loss	0.45397288
184	train/batch_box_loss	0.02084314
185	train/loss_step	2.43782282
185	train/lr	0.00030000
185	train/batch_acc	0.49101796
185	train/batch_box_iou	0.04915813
185	train/batch_cls_loss	0.42456681
185	train/batch_box_loss	0.02231447
186	train/loss_step	2.45040512
186	train/lr	0.00030000
186	train/batch_acc	0.48876404
186	train/batch_box_iou	0.06868702
186	train/batch_cls_loss	0.47591472
186	train/batch_box_loss	0.02237288
187	train/loss_step	2.37894249
187	train/lr	0.00030000
187	train/batch_acc	0.49539171
187	train/batch_box_iou	0.07690368
187	train/batch_cls_loss	0.41876909
187	train/batch_box_loss	0.02279613
188	train/loss_step	2.35602260
188	train/lr	0.00030000
188	train/batch_acc	0.46666667
188	train/batch_box_iou	0.07099123
188	train/batch_cls_loss	0.40354189
188	train/batch_box_loss	0.01889264
189	train/loss_step	2.36897373
189	train/lr	0.00030000
189	train/batch_acc	0.51121076
189	train/batch_box_iou	0.07724969
189	train/batch_cls_loss	0.41883129
189	train/batch_box_loss	0.02092839
190	train/loss_step	2.43733072
190	train/lr	0.00030000
190	train/batch_acc	0.43346774
190	train/batch_box_iou	0.06588611
190	train/batch_cls_loss	0.46514332
190	train/batch_box_loss	0.02079194
191	train/loss_step	2.41721582
191	train/lr	0.00030000
191	train/batch_acc	0.45243619
191	train/batch_box_iou	0.05944362
191	train/batch_cls_loss	0.42643553
191	train/batch_box_loss	0.02193347
192	train/loss_step	2.57917285
192	train/lr	0.00030000
192	train/batch_acc	0.40384615
192	train/batch_box_iou	0.08208269
192	train/batch_cls_loss	0.63386530
192	train/batch_box_loss	0.02189458
4	train/loss_epoch	2.41768964
4	train/epoch_acc	0.46310920
4	train/epoch_box_iou	0.06136155
4	val/loss	2.48145280
4	val/acc	0.41128338
4	val/box_iou	0.06241571
4	val/mAP	0.00148716
4	val/mAP50_95	0.00025542
4	val/precision	0.01201108
4	val/recall	0.01157256
4	train/early_stop_loss	2.48145280
193	train/loss_step	2.43934155
193	train/lr	0.00030000
193	train/batch_acc	0.48368522
193	train/batch_box_iou	0.06474902
193	train/batch_cls_loss	0.45358619
193	train/batch_box_loss	0.02305066
194	train/loss_step	2.42487192
194	train/lr	0.00030000
194	train/batch_acc	0.47016706
194	train/batch_box_iou	0.05573852
194	train/batch_cls_loss	0.42836684
194	train/batch_box_loss	0.02159640
195	train/loss_step	2.39282513
195	train/lr	0.00030000
195	train/batch_acc	0.51270208
195	train/batch_box_iou	0.05850065
195	train/batch_cls_loss	0.39932561
195	train/batch_box_loss	0.02210014
196	train/loss_step	2.40026379
196	train/lr	0.00030000
196	train/batch_acc	0.50114416
196	train/batch_box_iou	0.05521622
196	train/batch_cls_loss	0.39967269
196	train/batch_box_loss	0.02220471
197	train/loss_step	2.40085173
197	train/lr	0.00030000
197	train/batch_acc	0.40186916
197	train/batch_box_iou	0.07549633
197	train/batch_cls_loss	0.44383514
197	train/batch_box_loss	0.02160184
198	train/loss_step	2.45235109
198	train/lr	0.00030000
198	train/batch_acc	0.46421268
198	train/batch_box_iou	0.05846608
198	train/batch_cls_loss	0.45655268
198	train/batch_box_loss	0.02254613
199	train/loss_step	2.46261239
199	train/lr	0.00030000
199	train/batch_acc	0.46975806
199	train/batch_box_iou	0.05797897
199	train/batch_cls_loss	0.47580624
199	train/batch_box_loss	0.02055281
200	train/loss_step	2.41577768
200	train/lr	0.00030000
200	train/batch_acc	0.42699115
200	train/batch_box_iou	0.06467469
200	train/batch_cls_loss	0.44168317
200	train/batch_box_loss	0.02068878
201	train/loss_step	2.37471151
201	train/lr	0.00030000
201	train/batch_acc	0.51200000
201	train/batch_box_iou	0.07480846
201	train/batch_cls_loss	0.42140216
201	train/batch_box_loss	0.02058524
202	train/loss_step	2.43921471
202	train/lr	0.00030000
202	train/batch_acc	0.48080808
202	train/batch_box_iou	0.06337792
202	train/batch_cls_loss	0.46669102
202	train/batch_box_loss	0.01985589
203	train/loss_step	2.30801177
203	train/lr	0.00030000
203	train/batch_acc	0.47738693
203	train/batch_box_iou	0.08959597
203	train/batch_cls_loss	0.39432526
203	train/batch_box_loss	0.01857569
204	train/loss_step	2.40041351
204	train/lr	0.00030000
204	train/batch_acc	0.49209932
204	train/batch_box_iou	0.06494138
204	train/batch_cls_loss	0.42792308
204	train/batch_box_loss	0.02047464
205	train/loss_step	2.41864347
205	train/lr	0.00030000
205	train/batch_acc	0.41265823
205	train/batch_box_iou	0.05169262
205	train/batch_cls_loss	0.41989866
205	train/batch_box_loss	0.02042601
206	train/loss_step	2.41046906
206	train/lr	0.00030000
206	train/batch_acc	0.54655870
206	train/batch_box_iou	0.06062436
206	train/batch_cls_loss	0.43011111
206	train/batch_box_loss	0.02032136
207	train/loss_step	2.40017605
207	train/lr	0.00030000
207	train/batch_acc	0.48230088
207	train/batch_box_iou	0.06870218
207	train/batch_cls_loss	0.43295997
207	train/batch_box_loss	0.02092411
208	train/loss_step	2.40491962
208	train/lr	0.00030000
208	train/batch_acc	0.43764706
208	train/batch_box_iou	0.05893048
208	train/batch_cls_loss	0.41813624
208	train/batch_box_loss	0.02092885
209	train/loss_step	2.37553191
209	train/lr	0.00030000
209	train/batch_acc	0.42822384
209	train/batch_box_iou	0.06835092
209	train/batch_cls_loss	0.41268578
209	train/batch_box_loss	0.01990960
210	train/loss_step	2.34872723
210	train/lr	0.00030000
210	train/batch_acc	0.47921760
210	train/batch_box_iou	0.07154482
210	train/batch_cls_loss	0.39846885
210	train/batch_box_loss	0.01866958
211	train/loss_step	2.48396087
211	train/lr	0.00030000
211	train/batch_acc	0.43074004
211	train/batch_box_iou	0.05600010
211	train/batch_cls_loss	0.48563701
211	train/batch_box_loss	0.02206481
212	train/loss_step	2.37525582
212	train/lr	0.00030000
212	train/batch_acc	0.44545455
212	train/batch_box_iou	0.07112882
212	train/batch_cls_loss	0.41756111
212	train/batch_box_loss	0.01999049
213	train/loss_step	2.38328099
213	train/lr	0.00030000
213	train/batch_acc	0.54621849
213	train/batch_box_iou	0.06054514
213	train/batch_cls_loss	0.40765080
213	train/batch_box_loss	0.01934411
214	train/loss_step	2.41042423
214	train/lr	0.00030000
214	train/batch_acc	0.45129225
214	train/batch_box_iou	0.06920628
214	train/batch_cls_loss	0.44701400
214	train/batch_box_loss	0.02036457
215	train/loss_step	2.40670633
215	train/lr	0.00030000
215	train/batch_acc	0.44988864
215	train/batch_box_iou	0.06585141
215	train/batch_cls_loss	0.43877780
215	train/batch_box_loss	0.01992625
216	train/loss_step	2.39383006
216	train/lr	0.00030000
216	train/batch_acc	0.47619048
216	train/batch_box_iou	0.05543676
216	train/batch_cls_loss	0.39280698
216	train/batch_box_loss	0.02237932
217	train/loss_step	2.39482760
217	train/lr	0.00030000
217	train/batch_acc	0.47540984
217	train/batch_box_iou	0.05619683
217	train/batch_cls_loss	0.40603366
217	train/batch_box_loss	0.02023752
218	train/loss_step	2.41362000
218	train/lr	0.00030000
218	train/batch_acc	0.39950980
218	train/batch_box_iou	0.05693129
218	train/batch_cls_loss	0.42414606
218	train/batch_box_loss	0.02066733
219	train/loss_step	2.43729877
219	train/lr	0.00030000
219	train/batch_acc	0.47902870
219	train/batch_box_iou	0.04263595
219	train/batch_cls_loss	0.41446409
219	train/batch_box_loss	0.02162130
220	train/loss_step	2.33425093
220	train/lr	0.00030000
220	train/batch_acc	0.51762115
220	train/batch_box_iou	0.08552973
220	train/batch_cls_loss	0.40861893
220	train/batch_box_loss	0.01933829
221	train/loss_step	2.40658545
221	train/lr	0.00030000
221	train/batch_acc	0.47600768
221	train/batch_box_iou	0.06976875
221	train/batch_cls_loss	0.44670817
221	train/batch_box_loss	0.01988294
222	train/loss_step	2.32491446
222	train/lr	0.00030000
222	train/batch_acc	0.56657963
222	train/batch_box_iou	0.06520164
222	train/batch_cls_loss	0.35200727
222	train/batch_box_loss	0.02066210
223	train/loss_step	2.41069365
223	train/lr	0.00030000
223	train/batch_acc	0.46979866
223	train/batch_box_iou	0.06425953
223	train/batch_cls_loss	0.43714565
223	train/batch_box_loss	0.02041338
224	train/loss_step	2.39722896
224	train/lr	0.00030000
224	train/batch_acc	0.48692153
224	train/batch_box_iou	0.07229817
224	train/batch_cls_loss	0.43676317
224	train/batch_box_loss	0.02101242
225	train/loss_step	2.48192501
225	train/lr	0.00030000
225	train/batch_acc	0.43822394
225	train/batch_box_iou	0.04958047
225	train/batch_cls_loss	0.47454160
225	train/batch_box_loss	0.02130887
226	train/loss_step	2.42256308
226	train/lr	0.00030000
226	train/batch_acc	0.51380042
226	train/batch_box_iou	0.06103098
226	train/batch_cls_loss	0.43899828
226	train/batch_box_loss	0.02112534
227	train/loss_step	2.36521006
227	train/lr	0.00030000
227	train/batch_acc	0.46436285
227	train/batch_box_iou	0.07939309
227	train/batch_cls_loss	0.42368162
227	train/batch_box_loss	0.02006295
228	train/loss_step	2.41726065
228	train/lr	0.00030000
228	train/batch_acc	0.45000000
228	train/batch_box_iou	0.06179142
228	train/batch_cls_loss	0.44876668
228	train/batch_box_loss	0.01841539
229	train/loss_step	2.36059380
229	train/lr	0.00030000
229	train/batch_acc	0.49620253
229	train/batch_box_iou	0.06496675
229	train/batch_cls_loss	0.39473447
229	train/batch_box_loss	0.01915854
230	train/loss_step	2.38352704
230	train/lr	0.00030000
230	train/batch_acc	0.39767442
230	train/batch_box_iou	0.07667468
230	train/batch_cls_loss	0.43918204
230	train/batch_box_loss	0.01953889
231	train/loss_step	2.34341431
231	train/lr	0.00030000
231	train/batch_acc	0.47165533
231	train/batch_box_iou	0.08292280
231	train/batch_cls_loss	0.41690251
231	train/batch_box_loss	0.01847146
232	train/loss_step	2.43180418
232	train/lr	0.00030000
232	train/batch_acc	0.46995708
232	train/batch_box_iou	0.05380227
232	train/batch_cls_loss	0.43890902
232	train/batch_box_loss	0.02009993
233	train/loss_step	2.38890815
233	train/lr	0.00030000
233	train/batch_acc	0.52685950
233	train/batch_box_iou	0.07664630
233	train/batch_cls_loss	0.44803369
233	train/batch_box_loss	0.01883341
234	train/loss_step	2.40024567
234	train/lr	0.00030000
234	train/batch_acc	0.50440529
234	train/batch_box_iou	0.05362109
234	train/batch_cls_loss	0.40701556
234	train/batch_box_loss	0.02009445
235	train/loss_step	2.46788907
235	train/lr	0.00030000
235	train/batch_acc	0.38364780
235	train/batch_box_iou	0.05111180
235	train/batch_cls_loss	0.46349460
235	train/batch_box_loss	0.02132362
236	train/loss_step	2.38855577
236	train/lr	0.00030000
236	train/batch_acc	0.41545894
236	train/batch_box_iou	0.06816273
236	train/batch_cls_loss	0.42287648
236	train/batch_box_loss	0.02040095
237	train/loss_step	2.42009258
237	train/lr	0.00030000
237	train/batch_acc	0.48616601
237	train/batch_box_iou	0.05690014
237	train/batch_cls_loss	0.43063501
237	train/batch_box_loss	0.02065157
238	train/loss_step	2.37255144
238	train/lr	0.00030000
238	train/batch_acc	0.48257373
238	train/batch_box_iou	0.05861980
238	train/batch_cls_loss	0.39347357
238	train/batch_box_loss	0.01926350
239	train/loss_step	2.43143654
239	train/lr	0.00030000
239	train/batch_acc	0.46268657
239	train/batch_box_iou	0.05595561
239	train/batch_cls_loss	0.44037151
239	train/batch_box_loss	0.02059526
240	train/loss_step	2.46590447
240	train/lr	0.00030000
240	train/batch_acc	0.48648649
240	train/batch_box_iou	0.02591671
240	train/batch_cls_loss	0.40119329
240	train/batch_box_loss	0.02330893
5	train/loss_epoch	2.40455404
5	train/epoch_acc	0.47086585
5	train/epoch_box_iou	0.06379542
5	val/loss	2.44147512
5	val/acc	0.49763135
5	val/box_iou	0.06355427
5	val/mAP	0.00132886
5	val/mAP50_95	0.00027794
5	val/precision	0.01314853
5	val/recall	0.00968390
5	train/early_stop_loss	2.44147512
241	train/loss_step	2.44623613
241	train/lr	0.00030000
241	train/batch_acc	0.44537815
241	train/batch_box_iou	0.05741038
241	train/batch_cls_loss	0.45927462
241	train/batch_box_loss	0.02035647
242	train/loss_step	2.32488966
242	train/lr	0.00030000
242	train/batch_acc	0.48453608
242	train/batch_box_iou	0.07541081
242	train/batch_cls_loss	0.37727308
242	train/batch_box_loss	0.01968767
243	train/loss_step	2.38325167
243	train/lr	0.00030000
243	train/batch_acc	0.50542299
243	train/batch_box_iou	0.06294453
243	train/batch_cls_loss	0.40670288
243	train/batch_box_loss	0.02048756
244	train/loss_step	2.45496559
244	train/lr	0.00030000
244	train/batch_acc	0.34957627
244	train/batch_box_iou	0.05648359
244	train/batch_cls_loss	0.46283063
244	train/batch_box_loss	0.02102043
245	train/loss_step	2.37256551
245	train/lr	0.00030000
245	train/batch_acc	0.47710843
245	train/batch_box_iou	0.06076486
245	train/batch_cls_loss	0.39846075
245	train/batch_box_loss	0.01912688
246	train/loss_step	2.39010358
246	train/lr	0.00030000
246	train/batch_acc	0.49797571
246	train/batch_box_iou	0.06749066
246	train/batch_cls_loss	0.42284203
246	train/batch_box_loss	0.02044855
247	train/loss_step	2.38572764
247	train/lr	0.00030000
247	train/batch_acc	0.47628866
247	train/batch_box_iou	0.07708130
247	train/batch_cls_loss	0.44109631
247	train/batch_box_loss	0.01975878
248	train/loss_step	2.37836838
248	train/lr	0.00030000
248	train/batch_acc	0.46004843
248	train/batch_box_iou	0.06470080
248	train/batch_cls_loss	0.41143879
248	train/batch_box_loss	0.01926621
249	train/loss_step	2.40867519
249	train/lr	0.00030000
249	train/batch_acc	0.42068966
249	train/batch_box_iou	0.06608443
249	train/batch_cls_loss	0.44175321
249	train/batch_box_loss	0.01981815
250	train/loss_step	2.33453870
250	train/lr	0.00030000
250	train/batch_acc	0.50943396
250	train/batch_box_iou	0.06165512
250	train/batch_cls_loss	0.35923067
250	train/batch_box_loss	0.01972366
251	train/loss_step	2.44480419
251	train/lr	0.00030000
251	train/batch_acc	0.49445676
251	train/batch_box_iou	0.04821297
251	train/batch_cls_loss	0.42889053
251	train/batch_box_loss	0.02246791
252	train/loss_step	2.37474608
252	train/lr	0.00030000
252	train/batch_acc	0.48577681
252	train/batch_box_iou	0.06453249
252	train/batch_cls_loss	0.40287942
252	train/batch_box_loss	0.02018633
253	train/loss_step	2.36902213
253	train/lr	0.00030000
253	train/batch_acc	0.50672646
253	train/batch_box_iou	0.06816716
253	train/batch_cls_loss	0.40656424
253	train/batch_box_loss	0.01975843
254	train/loss_step	2.39928532
254	train/lr	0.00030000
254	train/batch_acc	0.48380130
254	train/batch_box_iou	0.05698745
254	train/batch_cls_loss	0.40834555
254	train/batch_box_loss	0.02098292
255	train/loss_step	2.41004086
255	train/lr	0.00030000
255	train/batch_acc	0.46491228
255	train/batch_box_iou	0.05259329
255	train/batch_cls_loss	0.41531116
255	train/batch_box_loss	0.01998329
256	train/loss_step	2.38226271
256	train/lr	0.00030000
256	train/batch_acc	0.49275362
256	train/batch_box_iou	0.07737967
256	train/batch_cls_loss	0.43940380
256	train/batch_box_loss	0.01952366
257	train/loss_step	2.34653091
257	train/lr	0.00030000
257	train/batch_acc	0.43859649
257	train/batch_box_iou	0.07303628
257	train/batch_cls_loss	0.40521890
257	train/batch_box_loss	0.01747690
258	train/loss_step	2.39364815
258	train/lr	0.00030000
258	train/batch_acc	0.51297405
258	train/batch_box_iou	0.07264791
258	train/batch_cls_loss	0.43496484
258	train/batch_box_loss	0.02079581
259	train/loss_step	2.43655014
259	train/lr	0.00030000
259	train/batch_acc	0.37628866
259	train/batch_box_iou	0.05265484
259	train/batch_cls_loss	0.44024593
259	train/batch_box_loss	0.02032280
260	train/loss_step	2.41739845
260	train/lr	0.00030000
260	train/batch_acc	0.41437632
260	train/batch_box_iou	0.07440981
260	train/batch_cls_loss	0.46800679
260	train/batch_box_loss	0.01964222
261	train/loss_step	2.32767105
261	train/lr	0.00030000
261	train/batch_acc	0.53746770
261	train/batch_box_iou	0.06930660
261	train/batch_cls_loss	0.37025443
261	train/batch_box_loss	0.01920597
262	train/loss_step	2.31732988
262	train/lr	0.00030000
262	train/batch_acc	0.55196305
262	train/batch_box_iou	0.07170278
262	train/batch_cls_loss	0.36905968
262	train/batch_box_loss	0.01833513
263	train/loss_step	2.34876418
263	train/lr	0.00030000
263	train/batch_acc	0.51851852
263	train/batch_box_iou	0.05965627
263	train/batch_cls_loss	0.36437148
263	train/batch_box_loss	0.02074106
264	train/loss_step	2.40455675
264	train/lr	0.00030000
264	train/batch_acc	0.44820296
264	train/batch_box_iou	0.05968932
264	train/batch_cls_loss	0.42501599
264	train/batch_box_loss	0.01978389
265	train/loss_step	2.50385475
265	train/lr	0.00030000
265	train/batch_acc	0.47269303
265	train/batch_box_iou	0.04996668
265	train/batch_cls_loss	0.50096357
265	train/batch_box_loss	0.02056491
266	train/loss_step	2.38252473
266	train/lr	0.00030000
266	train/batch_acc	0.45208333
266	train/batch_box_iou	0.07809407
266	train/batch_cls_loss	0.44485047
266	train/batch_box_loss	0.01877246
267	train/loss_step	2.33013868
267	train/lr	0.00030000
267	train/batch_acc	0.51495726
267	train/batch_box_iou	0.07474946
267	train/batch_cls_loss	0.38165581
267	train/batch_box_loss	0.01959634
268	train/loss_step	2.35409236
268	train/lr	0.00030000
268	train/batch_acc	0.49257426
268	train/batch_box_iou	0.06103485
268	train/batch_cls_loss	0.38628274
268	train/batch_box_loss	0.01797586
269	train/loss_step	2.36227083
269	train/lr	0.00030000
269	train/batch_acc	0.46817248
269	train/batch_box_iou	0.08806945
269	train/batch_cls_loss	0.44804722
269	train/batch_box_loss	0.01807252
270	train/loss_step	2.34965158
270	train/lr	0.00030000
270	train/batch_acc	0.49576271
270	train/batch_box_iou	0.06899162
270	train/batch_cls_loss	0.39922857
270	train/batch_box_loss	0.01768124
271	train/loss_step	2.40151310
271	train/lr	0.00030000
271	train/batch_acc	0.43181818
271	train/batch_box_iou	0.05520583
271	train/batch_cls_loss	0.40775436
271	train/batch_box_loss	0.02083408
272	train/loss_step	2.42915416
272	train/lr	0.00030000
272	train/batch_acc	0.47316103
272	train/batch_box_iou	0.06184147
272	train/batch_cls_loss	0.45343816
272	train/batch_box_loss	0.01987981
273	train/loss_step	2.33868194
273	train/lr	0.00030000
273	train/batch_acc	0.58882236
273	train/batch_box_iou	0.07322113
273	train/batch_cls_loss	0.38736796
273	train/batch_box_loss	0.01955126
274	train/loss_step	2.39012361
274	train/lr	0.00030000
274	train/batch_acc	0.45034642
274	train/batch_box_iou	0.05923155
274	train/batch_cls_loss	0.41112220
274	train/batch_box_loss	0.01949290
275	train/loss_step	2.39638042
275	train/lr	0.00030000
275	train/batch_acc	0.47424893
275	train/batch_box_iou	0.06104817
275	train/batch_cls_loss	0.41694260
275	train/batch_box_loss	0.02030680
276	train/loss_step	2.39940524
276	train/lr	0.00030000
276	train/batch_acc	0.42982456
276	train/batch_box_iou	0.06525458
276	train/batch_cls_loss	0.43111730
276	train/batch_box_loss	0.01975941
277	train/loss_step	2.35665083
277	train/lr	0.00030000
277	train/batch_acc	0.41707317
277	train/batch_box_iou	0.07021643
277	train/batch_cls_loss	0.40603861
277	train/batch_box_loss	0.01820902
278	train/loss_step	2.46619987
278	train/lr	0.00030000
278	train/batch_acc	0.38125000
278	train/batch_box_iou	0.07311112
278	train/batch_cls_loss	0.51004237
278	train/batch_box_loss	0.02047598
279	train/loss_step	2.35759616
279	train/lr	0.00030000
279	train/batch_acc	0.39770115
279	train/batch_box_iou	0.07777073
279	train/batch_cls_loss	0.41583839
279	train/batch_box_loss	0.01945985
280	train/loss_step	2.41785407
280	train/lr	0.00030000
280	train/batch_acc	0.45358650
280	train/batch_box_iou	0.06273180
280	train/batch_cls_loss	0.44302046
280	train/batch_box_loss	0.02005945
281	train/loss_step	2.36900473
281	train/lr	0.00030000
281	train/batch_acc	0.51011236
281	train/batch_box_iou	0.06470675
281	train/batch_cls_loss	0.40178815
281	train/batch_box_loss	0.01932604
282	train/loss_step	2.47213221
282	train/lr	0.00030000
282	train/batch_acc	0.50268336
282	train/batch_box_iou	0.07003832
282	train/batch_cls_loss	0.51125187
282	train/batch_box_loss	0.02019137
283	train/loss_step	2.38296795
283	train/lr	0.00030000
283	train/batch_acc	0.50483092
283	train/batch_box_iou	0.06248904
283	train/batch_cls_loss	0.41278869
283	train/batch_box_loss	0.01903145
284	train/loss_step	2.39003110
284	train/lr	0.00030000
284	train/batch_acc	0.47727273
284	train/batch_box_iou	0.06378600
284	train/batch_cls_loss	0.42395064
284	train/batch_box_loss	0.01873050
285	train/loss_step	2.37052345
285	train/lr	0.00030000
285	train/batch_acc	0.49464668
285	train/batch_box_iou	0.06461880
285	train/batch_cls_loss	0.40312606
285	train/batch_box_loss	0.01932703
286	train/loss_step	2.38073921
286	train/lr	0.00030000
286	train/batch_acc	0.49060543
286	train/batch_box_iou	0.07393465
286	train/batch_cls_loss	0.43508822
286	train/batch_box_loss	0.01870407
287	train/loss_step	2.41011667
287	train/lr	0.00030000
287	train/batch_acc	0.45569620
287	train/batch_box_iou	0.06024636
287	train/batch_cls_loss	0.43039745
287	train/batch_box_loss	0.02004236
288	train/loss_step	2.48920345
288	train/lr	0.00030000
288	train/batch_acc	0.48275862
288	train/batch_box_iou	0.09934299
288	train/batch_cls_loss	0.59416491
288	train/batch_box_loss	0.01874494
6	train/loss_epoch	2.39076355
6	train/epoch_acc	0.47226765
6	train/epoch_box_iou	0.06596141
6	val/loss	2.46055477
6	val/acc	0.47448320
6	val/box_iou	0.06616188
6	val/mAP	0.00092876
6	val/mAP50_95	0.00020963
6	val/precision	0.01035964
6	val/recall	0.00835744
6	train/early_stop_loss	2.46055477
289	train/loss_step	2.39339256
289	train/lr	0.00030000
289	train/batch_acc	0.47316103
289	train/batch_box_iou	0.07389941
289	train/batch_cls_loss	0.44530898
289	train/batch_box_loss	0.01917647
290	train/loss_step	2.38669944
290	train/lr	0.00030000
290	train/batch_acc	0.49400000
290	train/batch_box_iou	0.07360980
290	train/batch_cls_loss	0.43989766
290	train/batch_box_loss	0.01880427
291	train/loss_step	2.39923406
291	train/lr	0.00030000
291	train/batch_acc	0.48412698
291	train/batch_box_iou	0.08552185
291	train/batch_cls_loss	0.48055249
291	train/batch_box_loss	0.01794506
292	train/loss_step	2.37912035
292	train/lr	0.00030000
292	train/batch_acc	0.50599520
292	train/batch_box_iou	0.06373482
292	train/batch_cls_loss	0.40544230
292	train/batch_box_loss	0.02022955
293	train/loss_step	2.39816451
293	train/lr	0.00030000
293	train/batch_acc	0.46625767
293	train/batch_box_iou	0.07033315
293	train/batch_cls_loss	0.44392219
293	train/batch_box_loss	0.01898171
294	train/loss_step	2.41755915
294	train/lr	0.00030000
294	train/batch_acc	0.49320388
294	train/batch_box_iou	0.06175681
294	train/batch_cls_loss	0.44487432
294	train/batch_box_loss	0.01923971
295	train/loss_step	2.43218374
295	train/lr	0.00030000
295	train/batch_acc	0.51646091
295	train/batch_box_iou	0.05193388
295	train/batch_cls_loss	0.43578756
295	train/batch_box_loss	0.02005281
296	train/loss_step	2.34223390
296	train/lr	0.00030000
296	train/batch_acc	0.46489104
296	train/batch_box_iou	0.08046996
296	train/batch_cls_loss	0.41066539
296	train/batch_box_loss	0.01850170
297	train/loss_step	2.38943100
297	train/lr	0.00030000
297	train/batch_acc	0.44556452
297	train/batch_box_iou	0.07712834
297	train/batch_cls_loss	0.44825381
297	train/batch_box_loss	0.01908675
298	train/loss_step	2.36114597
298	train/lr	0.00030000
298	train/batch_acc	0.52884615
298	train/batch_box_iou	0.06526844
298	train/batch_cls_loss	0.39823526
298	train/batch_box_loss	0.01868951
299	train/loss_step	2.45273495
299	train/lr	0.00030000
299	train/batch_acc	0.49040512
299	train/batch_box_iou	0.05744000
299	train/batch_cls_loss	0.46580690
299	train/batch_box_loss	0.02036161
300	train/loss_step	2.37899733
300	train/lr	0.00030000
300	train/batch_acc	0.51843318
300	train/batch_box_iou	0.05863760
300	train/batch_cls_loss	0.39139038
300	train/batch_box_loss	0.02097645
301	train/loss_step	2.37157583
301	train/lr	0.00030000
301	train/batch_acc	0.45475638
301	train/batch_box_iou	0.07419939
301	train/batch_cls_loss	0.42987183
301	train/batch_box_loss	0.01802058
302	train/loss_step	2.40220475
302	train/lr	0.00030000
302	train/batch_acc	0.42403628
302	train/batch_box_iou	0.05869155
302	train/batch_cls_loss	0.42489055
302	train/batch_box_loss	0.01893948
303	train/loss_step	2.37173629
303	train/lr	0.00030000
303	train/batch_acc	0.51708428
303	train/batch_box_iou	0.06468386
303	train/batch_cls_loss	0.40271086
303	train/batch_box_loss	0.01967864
304	train/loss_step	2.38776398
304	train/lr	0.00030000
304	train/batch_acc	0.41273585
304	train/batch_box_iou	0.06223683
304	train/batch_cls_loss	0.41964898
304	train/batch_box_loss	0.01851775
305	train/loss_step	2.38227177
305	train/lr	0.00030000
305	train/batch_acc	0.48991935
305	train/batch_box_iou	0.06744080
305	train/batch_cls_loss	0.42188650
305	train/batch_box_loss	0.01905340
306	train/loss_step	2.34706950
306	train/lr	0.00030000
306	train/batch_acc	0.55400000
306	train/batch_box_iou	0.07596991
306	train/batch_cls_loss	0.40234408
306	train/batch_box_loss	0.01933304
307	train/loss_step	2.32738233
307	train/lr	0.00030000
307	train/batch_acc	0.43526786
307	train/batch_box_iou	0.09335205
307	train/batch_cls_loss	0.41966331
307	train/batch_box_loss	0.01888465
308	train/loss_step	2.36013031
308	train/lr	0.00030000
308	train/batch_acc	0.52527473
308	train/batch_box_iou	0.06711788
308	train/batch_cls_loss	0.39624760
308	train/batch_box_loss	0.01962369
309	train/loss_step	2.41274595
309	train/lr	0.00030000
309	train/batch_acc	0.44492441
309	train/batch_box_iou	0.06189140
309	train/batch_cls_loss	0.43807143
309	train/batch_box_loss	0.01969145
310	train/loss_step	2.39992285
310	train/lr	0.00030000
310	train/batch_acc	0.42650602
310	train/batch_box_iou	0.04967629
310	train/batch_cls_loss	0.39700031
310	train/batch_box_loss	0.02045500
311	train/loss_step	2.41355300
311	train/lr	0.00030000
311	train/batch_acc	0.47181628
311	train/batch_box_iou	0.05487647
311	train/batch_cls_loss	0.42385417
311	train/batch_box_loss	0.01989035
312	train/loss_step	2.31282353
312	train/lr	0.00030000
312	train/batch_acc	0.38320210
312	train/batch_box_iou	0.08113216
312	train/batch_cls_loss	0.38626140
312	train/batch_box_loss	0.01776529
313	train/loss_step	2.36537838
313	train/lr	0.00030000
313	train/batch_acc	0.50423729
313	train/batch_box_iou	0.07185561
313	train/batch_cls_loss	0.41821429
313	train/batch_box_loss	0.01817503
314	train/loss_step	2.36363721
314	train/lr	0.00030000
314	train/batch_acc	0.44215938
314	train/batch_box_iou	0.07084286
314	train/batch_cls_loss	0.40865976
314	train/batch_box_loss	0.01933264
315	train/loss_step	2.40417123
315	train/lr	0.00030000
315	train/batch_acc	0.49561404
315	train/batch_box_iou	0.05727271
315	train/batch_cls_loss	0.41740328
315	train/batch_box_loss	0.02026270
316	train/loss_step	2.39648247
316	train/lr	0.00030000
316	train/batch_acc	0.41769042
316	train/batch_box_iou	0.05896230
316	train/batch_cls_loss	0.41053227
316	train/batch_box_loss	0.02077494
317	train/loss_step	2.37894368
317	train/lr	0.00030000
317	train/batch_acc	0.41387560
317	train/batch_box_iou	0.06908481
317	train/batch_cls_loss	0.42393440
317	train/batch_box_loss	0.01863578
318	train/loss_step	2.34935904
318	train/lr	0.00030000
318	train/batch_acc	0.53406593
318	train/batch_box_iou	0.06712276
318	train/batch_cls_loss	0.38627666
318	train/batch_box_loss	0.01946559
319	train/loss_step	2.43401551
319	train/lr	0.00030000
319	train/batch_acc	0.44341801
319	train/batch_box_iou	0.06259789
319	train/batch_cls_loss	0.46296552
319	train/batch_box_loss	0.01924916
320	train/loss_step	2.31835961
320	train/lr	0.00030000
320	train/batch_acc	0.50000000
320	train/batch_box_iou	0.07799985
320	train/batch_cls_loss	0.37460953
320	train/batch_box_loss	0.01994996
321	train/loss_step	2.42268825
321	train/lr	0.00030000
321	train/batch_acc	0.44071146
321	train/batch_box_iou	0.06403981
321	train/batch_cls_loss	0.45336691
321	train/batch_box_loss	0.01948021
322	train/loss_step	2.35522079
322	train/lr	0.00030000
322	train/batch_acc	0.51011236
322	train/batch_box_iou	0.07239749
322	train/batch_cls_loss	0.39883143
322	train/batch_box_loss	0.02023687
323	train/loss_step	2.31685114
323	train/lr	0.00030000
323	train/batch_acc	0.50980392
323	train/batch_box_iou	0.08112819
323	train/batch_cls_loss	0.39232534
323	train/batch_box_loss	0.01735641
324	train/loss_step	2.40558004
324	train/lr	0.00030000
324	train/batch_acc	0.42018779
324	train/batch_box_iou	0.05621273
324	train/batch_cls_loss	0.41987485
324	train/batch_box_loss	0.01962616
325	train/loss_step	2.40151525
325	train/lr	0.00030000
325	train/batch_acc	0.47619048
325	train/batch_box_iou	0.07079981
325	train/batch_cls_loss	0.44118798
325	train/batch_box_loss	0.02038539
326	train/loss_step	2.37455344
326	train/lr	0.00030000
326	train/batch_acc	0.51731161
326	train/batch_box_iou	0.05638427
326	train/batch_cls_loss	0.39308444
326	train/batch_box_loss	0.01884752
327	train/loss_step	2.33443522
327	train/lr	0.00030000
327	train/batch_acc	0.48067633
327	train/batch_box_iou	0.06695563
327	train/batch_cls_loss	0.37304252
327	train/batch_box_loss	0.01906078
328	train/loss_step	2.38876247
328	train/lr	0.00030000
328	train/batch_acc	0.46135266
328	train/batch_box_iou	0.05703854
328	train/batch_cls_loss	0.41316113
328	train/batch_box_loss	0.01793566
329	train/loss_step	2.36326933
329	train/lr	0.00030000
329	train/batch_acc	0.52109705
329	train/batch_box_iou	0.06207082
329	train/batch_cls_loss	0.39481604
329	train/batch_box_loss	0.01851901
330	train/loss_step	2.37013578
330	train/lr	0.00030000
330	train/batch_acc	0.54273504
330	train/batch_box_iou	0.05883144
330	train/batch_cls_loss	0.38468134
330	train/batch_box_loss	0.02062345
331	train/loss_step	2.38801956
331	train/lr	0.00030000
331	train/batch_acc	0.45631068
331	train/batch_box_iou	0.07854868
331	train/batch_cls_loss	0.44654751
331	train/batch_box_loss	0.01971385
332	train/loss_step	2.33530593
332	train/lr	0.00030000
332	train/batch_acc	0.44680851
332	train/batch_box_iou	0.07418154
332	train/batch_cls_loss	0.39401552
332	train/batch_box_loss	0.01793069
333	train/loss_step	2.28976059
333	train/lr	0.00030000
333	train/batch_acc	0.45409429
333	train/batch_box_iou	0.08442493
333	train/batch_cls_loss	0.37037623
333	train/batch_box_loss	0.01764684
334	train/loss_step	2.36404729
334	train/lr	0.00030000
334	train/batch_acc	0.54432990
334	train/batch_box_iou	0.06538571
334	train/batch_cls_loss	0.40080315
334	train/batch_box_loss	0.01880310
335	train/loss_step	2.38271976
335	train/lr	0.00030000
335	train/batch_acc	0.47154472
335	train/batch_box_iou	0.07976825
335	train/batch_cls_loss	0.44502014
335	train/batch_box_loss	0.01944723
336	train/loss_step	2.50182772
336	train/lr	0.00030000
336	train/batch_acc	0.32558140
336	train/batch_box_iou	0.07770396
336	train/batch_cls_loss	0.56847537
336	train/batch_box_loss	0.01775208
7	train/loss_epoch	2.37848792
7	train/epoch_acc	0.47810850
7	train/epoch_box_iou	0.06802128
7	val/loss	2.43120847
7	val/acc	0.48546512
7	val/box_iou	0.06944437
7	val/mAP	0.00098092
7	val/mAP50_95	0.00014191
7	val/precision	0.01227940
7	val/recall	0.01043412
7	train/early_stop_loss	2.43120847
337	train/loss_step	2.39475155
337	train/lr	0.00030000
337	train/batch_acc	0.50000000
337	train/batch_box_iou	0.05647785
337	train/batch_cls_loss	0.41756502
337	train/batch_box_loss	0.01802845
338	train/loss_step	2.40015793
338	train/lr	0.00030000
338	train/batch_acc	0.49292453
338	train/batch_box_iou	0.06456010
338	train/batch_cls_loss	0.44040015
338	train/batch_box_loss	0.01777560
339	train/loss_step	2.37704349
339	train/lr	0.00030000
339	train/batch_acc	0.42857143
339	train/batch_box_iou	0.08073248
339	train/batch_cls_loss	0.44342181
339	train/batch_box_loss	0.01901733
340	train/loss_step	2.34703922
340	train/lr	0.00030000
340	train/batch_acc	0.49488753
340	train/batch_box_iou	0.08332007
340	train/batch_cls_loss	0.42198753
340	train/batch_box_loss	0.01833835
341	train/loss_step	2.33724070
341	train/lr	0.00030000
341	train/batch_acc	0.54157303
341	train/batch_box_iou	0.06673459
341	train/batch_cls_loss	0.37229851
341	train/batch_box_loss	0.01968230
342	train/loss_step	2.38134098
342	train/lr	0.00030000
342	train/batch_acc	0.47174447
342	train/batch_box_iou	0.06563712
342	train/batch_cls_loss	0.41927052
342	train/batch_box_loss	0.01866895
343	train/loss_step	2.39243293
343	train/lr	0.00030000
343	train/batch_acc	0.52534562
343	train/batch_box_iou	0.05692378
343	train/batch_cls_loss	0.41150326
343	train/batch_box_loss	0.01895544
344	train/loss_step	2.44608879
344	train/lr	0.00030000
344	train/batch_acc	0.43579767
344	train/batch_box_iou	0.05463518
344	train/batch_cls_loss	0.45198718
344	train/batch_box_loss	0.02067440
345	train/loss_step	2.35160613
345	train/lr	0.00030000
345	train/batch_acc	0.39552239
345	train/batch_box_iou	0.08218236
345	train/batch_cls_loss	0.43280724
345	train/batch_box_loss	0.01663271
346	train/loss_step	2.42706966
346	train/lr	0.00030000
346	train/batch_acc	0.48717949
346	train/batch_box_iou	0.05526747
346	train/batch_cls_loss	0.44136056
346	train/batch_box_loss	0.01924879
347	train/loss_step	2.38789797
347	train/lr	0.00030000
347	train/batch_acc	0.42506143
347	train/batch_box_iou	0.06367456
347	train/batch_cls_loss	0.41839463
347	train/batch_box_loss	0.01937052
348	train/loss_step	2.42148590
348	train/lr	0.00030000
348	train/batch_acc	0.48770492
348	train/batch_box_iou	0.05855647
348	train/batch_cls_loss	0.43601680
348	train/batch_box_loss	0.02051641
349	train/loss_step	2.33095646
349	train/lr	0.00030000
349	train/batch_acc	0.45432692
349	train/batch_box_iou	0.07474761
349	train/batch_cls_loss	0.39112520
349	train/batch_box_loss	0.01786529
350	train/loss_step	2.33865643
350	train/lr	0.00030000
350	train/batch_acc	0.54637097
350	train/batch_box_iou	0.07389472
350	train/batch_cls_loss	0.38912269
350	train/batch_box_loss	0.01946467
351	train/loss_step	2.39004111
351	train/lr	0.00030000
351	train/batch_acc	0.44214876
351	train/batch_box_iou	0.07338426
351	train/batch_cls_loss	0.44077662
351	train/batch_box_loss	0.01920660
352	train/loss_step	2.34494734
352	train/lr	0.00030000
352	train/batch_acc	0.47990544
352	train/batch_box_iou	0.06962113
352	train/batch_cls_loss	0.39243388
352	train/batch_box_loss	0.01835113
353	train/loss_step	2.42349029
353	train/lr	0.00030000
353	train/batch_acc	0.42244898
353	train/batch_box_iou	0.07382829
353	train/batch_cls_loss	0.47845721
353	train/batch_box_loss	0.01853791
354	train/loss_step	2.37540054
354	train/lr	0.00030000
354	train/batch_acc	0.48884381
354	train/batch_box_iou	0.08634273
354	train/batch_cls_loss	0.44404486
354	train/batch_box_loss	0.02080826
355	train/loss_step	2.34994698
355	train/lr	0.00030000
355	train/batch_acc	0.52100840
355	train/batch_box_iou	0.07055342
355	train/batch_cls_loss	0.39150396
355	train/batch_box_loss	0.01990996
356	train/loss_step	2.38450193
356	train/lr	0.00030000
356	train/batch_acc	0.45070423
356	train/batch_box_iou	0.07538689
356	train/batch_cls_loss	0.43703723
356	train/batch_box_loss	0.01964771
357	train/loss_step	2.36748314
357	train/lr	0.00030000
357	train/batch_acc	0.45662100
357	train/batch_box_iou	0.07341571
357	train/batch_cls_loss	0.41064301
357	train/batch_box_loss	0.02073432
358	train/loss_step	2.30396318
358	train/lr	0.00030000
358	train/batch_acc	0.50000000
358	train/batch_box_iou	0.10076244
358	train/batch_cls_loss	0.41533282
358	train/batch_box_loss	0.01803101
359	train/loss_step	2.42794466
359	train/lr	0.00030000
359	train/batch_acc	0.44117647
359	train/batch_box_iou	0.06761391
359	train/batch_cls_loss	0.46595609
359	train/batch_box_loss	0.01944330
360	train/loss_step	2.43410659
360	train/lr	0.00030000
360	train/batch_acc	0.45596869
360	train/batch_box_iou	0.06042489
360	train/batch_cls_loss	0.45695078
360	train/batch_box_loss	0.01960115
361	train/loss_step	2.40855646
361	train/lr	0.00030000
361	train/batch_acc	0.45121951
361	train/batch_box_iou	0.06469040
361	train/batch_cls_loss	0.43983066
361	train/batch_box_loss	0.01962132
362	train/loss_step	2.32093048
362	train/lr	0.00030000
362	train/batch_acc	0.54352031
362	train/batch_box_iou	0.08724760
362	train/batch_cls_loss	0.40313625
362	train/batch_box_loss	0.01845790
363	train/loss_step	2.34858274
363	train/lr	0.00030000
363	train/batch_acc	0.44234801
363	train/batch_box_iou	0.08459265
363	train/batch_cls_loss	0.43145174
363	train/batch_box_loss	0.01726323
364	train/loss_step	2.41748691
364	train/lr	0.00030000
364	train/batch_acc	0.52282158
364	train/batch_box_iou	0.05530423
364	train/batch_cls_loss	0.43338060
364	train/batch_box_loss	0.01894294
365	train/loss_step	2.35499954
365	train/lr	0.00030000
365	train/batch_acc	0.45202020
365	train/batch_box_iou	0.06864822
365	train/batch_cls_loss	0.40305984
365	train/batch_box_loss	0.01784722
366	train/loss_step	2.32391787
366	train/lr	0.00030000
366	train/batch_acc	0.50639386
366	train/batch_box_iou	0.07581603
366	train/batch_cls_loss	0.38619044
366	train/batch_box_loss	0.01787187
367	train/loss_step	2.37390852
367	train/lr	0.00030000
367	train/batch_acc	0.48596112
367	train/batch_box_iou	0.06648425
367	train/batch_cls_loss	0.41363308
367	train/batch_box_loss	0.01864879
368	train/loss_step	2.39654160
368	train/lr	0.00030000
368	train/batch_acc	0.43968872
368	train/batch_box_iou	0.07353494
368	train/batch_cls_loss	0.44752255
368	train/batch_box_loss	0.01921780
369	train/loss_step	2.37296915
369	train/lr	0.00030000
369	train/batch_acc	0.53555556
369	train/batch_box_iou	0.05911230
369	train/batch_cls_loss	0.39624894
369	train/batch_box_loss	0.01898898
370	train/loss_step	2.39963651
370	train/lr	0.00030000
370	train/batch_acc	0.49186992
370	train/batch_box_iou	0.06229063
370	train/batch_cls_loss	0.42631751
370	train/batch_box_loss	0.01958005
371	train/loss_step	2.36951566
371	train/lr	0.00030000
371	train/batch_acc	0.49875931
371	train/batch_box_iou	0.06122607
371	train/batch_cls_loss	0.39125019
371	train/batch_box_loss	0.02014350
372	train/loss_step	2.34920382
372	train/lr	0.00030000
372	train/batch_acc	0.51167728
372	train/batch_box_iou	0.07227879
372	train/batch_cls_loss	0.40403920
372	train/batch_box_loss	0.01794443
373	train/loss_step	2.36501741
373	train/lr	0.00030000
373	train/batch_acc	0.51597052
373	train/batch_box_iou	0.05909042
373	train/batch_cls_loss	0.38264251
373	train/batch_box_loss	0.02011117
374	train/loss_step	2.36723566
374	train/lr	0.00030000
374	train/batch_acc	0.45614035
374	train/batch_box_iou	0.06573299
374	train/batch_cls_loss	0.40280551
374	train/batch_box_loss	0.01917919
375	train/loss_step	2.39226866
375	train/lr	0.00030000
375	train/batch_acc	0.46466809
375	train/batch_box_iou	0.06892262
375	train/batch_cls_loss	0.43528706
375	train/batch_box_loss	0.01896538
376	train/loss_step	2.30633354
376	train/lr	0.00030000
376	train/batch_acc	0.47342995
376	train/batch_box_iou	0.08925097
376	train/batch_cls_loss	0.39908922
376	train/batch_box_loss	0.01714927
377	train/loss_step	2.42204261
377	train/lr	0.00030000
377	train/batch_acc	0.48267898
377	train/batch_box_iou	0.05032073
377	train/batch_cls_loss	0.42314315
377	train/batch_box_loss	0.01990818
378	train/loss_step	2.39879608
378	train/lr	0.00030000
378	train/batch_acc	0.47201946
378	train/batch_box_iou	0.06542575
378	train/batch_cls_loss	0.43785730
378	train/batch_box_loss	0.01835805
379	train/loss_step	2.37857270
379	train/lr	0.00030000
379	train/batch_acc	0.44631579
379	train/batch_box_iou	0.06881293
379	train/batch_cls_loss	0.42387488
379	train/batch_box_loss	0.01846473
380	train/loss_step	2.32609224
380	train/lr	0.00030000
380	train/batch_acc	0.45685279
380	train/batch_box_iou	0.07899766
380	train/batch_cls_loss	0.38840732
380	train/batch_box_loss	0.01913603
381	train/loss_step	2.29751873
381	train/lr	0.00030000
381	train/batch_acc	0.43703704
381	train/batch_box_iou	0.08492208
381	train/batch_cls_loss	0.38268191
381	train/batch_box_loss	0.01693618
382	train/loss_step	2.34443045
382	train/lr	0.00030000
382	train/batch_acc	0.50425532
382	train/batch_box_iou	0.07375985
382	train/batch_cls_loss	0.39681706
382	train/batch_box_loss	0.01902660
383	train/loss_step	2.37124419
383	train/lr	0.00030000
383	train/batch_acc	0.42857143
383	train/batch_box_iou	0.05988938
383	train/batch_cls_loss	0.39438036
383	train/batch_box_loss	0.01932851
384	train/loss_step	2.61509085
384	train/lr	0.00030000
384	train/batch_acc	0.45098039
384	train/batch_box_iou	0.13773438
384	train/batch_cls_loss	0.80533773
384	train/batch_box_loss	0.01704442
8	train/loss_epoch	2.37494933
8	train/epoch_acc	0.47623943
8	train/epoch_box_iou	0.07011117
8	val/loss	2.44687905
8	val/acc	0.38845823
8	val/box_iou	0.06997538
8	val/mAP	0.00184353
8	val/mAP50_95	0.00030796
8	val/precision	0.01344089
8	val/recall	0.01288157
8	train/early_stop_loss	2.44687905
385	train/loss_step	2.38681984
385	train/lr	0.00030000
385	train/batch_acc	0.48872180
385	train/batch_box_iou	0.07673064
385	train/batch_cls_loss	0.44801384
385	train/batch_box_loss	0.01845344
386	train/loss_step	2.33943343
386	train/lr	0.00030000
386	train/batch_acc	0.50765864
386	train/batch_box_iou	0.07164194
386	train/batch_cls_loss	0.39313704
386	train/batch_box_loss	0.01791603
387	train/loss_step	2.38287663
387	train/lr	0.00030000
387	train/batch_acc	0.54474708
387	train/batch_box_iou	0.06416979
387	train/batch_cls_loss	0.41470504
387	train/batch_box_loss	0.01930223
388	train/loss_step	2.33536243
388	train/lr	0.00030000
388	train/batch_acc	0.51362683
388	train/batch_box_iou	0.08683182
388	train/batch_cls_loss	0.41725165
388	train/batch_box_loss	0.01835487
389	train/loss_step	2.40422153
389	train/lr	0.00030000
389	train/batch_acc	0.37027027
389	train/batch_box_iou	0.06198289
389	train/batch_cls_loss	0.43814686
389	train/batch_box_loss	0.01800806
390	train/loss_step	2.36500812
390	train/lr	0.00030000
390	train/batch_acc	0.46335697
390	train/batch_box_iou	0.07409902
390	train/batch_cls_loss	0.41386914
390	train/batch_box_loss	0.01986740
391	train/loss_step	2.41680121
391	train/lr	0.00030000
391	train/batch_acc	0.39782609
391	train/batch_box_iou	0.06102683
391	train/batch_cls_loss	0.43972814
391	train/batch_box_loss	0.01982534
392	train/loss_step	2.37495232
392	train/lr	0.00030000
392	train/batch_acc	0.44907407
392	train/batch_box_iou	0.06759413
392	train/batch_cls_loss	0.42258960
392	train/batch_box_loss	0.01751017
393	train/loss_step	2.39006400
393	train/lr	0.00030000
393	train/batch_acc	0.53554502
393	train/batch_box_iou	0.05146794
393	train/batch_cls_loss	0.39416870
393	train/batch_box_loss	0.01976625
394	train/loss_step	2.30713201
394	train/lr	0.00030000
394	train/batch_acc	0.56581986
394	train/batch_box_iou	0.08781294
394	train/batch_cls_loss	0.39508444
394	train/batch_box_loss	0.01753470
395	train/loss_step	2.39349413
395	train/lr	0.00030000
395	train/batch_acc	0.49664430
395	train/batch_box_iou	0.06095298
395	train/batch_cls_loss	0.41979435
395	train/batch_box_loss	0.01912112
396	train/loss_step	2.40860653
396	train/lr	0.00030000
396	train/batch_acc	0.48806941
396	train/batch_box_iou	0.05194524
396	train/batch_cls_loss	0.41420266
396	train/batch_box_loss	0.01965891
397	train/loss_step	2.37253523
397	train/lr	0.00030000
397	train/batch_acc	0.46832579
397	train/batch_box_iou	0.07394725
397	train/batch_cls_loss	0.41990572
397	train/batch_box_loss	0.02010480
398	train/loss_step	2.34703922
398	train/lr	0.00030000
398	train/batch_acc	0.50808314
398	train/batch_box_iou	0.07612380
398	train/batch_cls_loss	0.40446061
398	train/batch_box_loss	0.01896525
399	train/loss_step	2.33682871
399	train/lr	0.00030000
399	train/batch_acc	0.46636771
399	train/batch_box_iou	0.08052190
399	train/batch_cls_loss	0.40903047
399	train/batch_box_loss	0.01776838
400	train/loss_step	2.32940006
400	train/lr	0.00030000
400	train/batch_acc	0.46244131
400	train/batch_box_iou	0.07837616
400	train/batch_cls_loss	0.39803129
400	train/batch_box_loss	0.01762424
401	train/loss_step	2.31123018
401	train/lr	0.00030000
401	train/batch_acc	0.51252847
401	train/batch_box_iou	0.08834350
401	train/batch_cls_loss	0.39768490
401	train/batch_box_loss	0.01804644
402	train/loss_step	2.44859815
402	train/lr	0.00030000
402	train/batch_acc	0.41525424
402	train/batch_box_iou	0.05623024
402	train/batch_cls_loss	0.46638036
402	train/batch_box_loss	0.01893565
403	train/loss_step	2.36793280
403	train/lr	0.00030000
403	train/batch_acc	0.50223214
403	train/batch_box_iou	0.06178261
403	train/batch_cls_loss	0.39320248
403	train/batch_box_loss	0.01965912
404	train/loss_step	2.34227872
404	train/lr	0.00030000
404	train/batch_acc	0.43073593
404	train/batch_box_iou	0.09045285
404	train/batch_cls_loss	0.43818039
404	train/batch_box_loss	0.01700081
405	train/loss_step	2.40025997
405	train/lr	0.00030000
405	train/batch_acc	0.42919390
405	train/batch_box_iou	0.05969176
405	train/batch_cls_loss	0.42811769
405	train/batch_box_loss	0.01830519
406	train/loss_step	2.33262849
406	train/lr	0.00030000
406	train/batch_acc	0.40338164
406	train/batch_box_iou	0.08027374
406	train/batch_cls_loss	0.40670347
406	train/batch_box_loss	0.01729450
407	train/loss_step	2.35977149
407	train/lr	0.00030000
407	train/batch_acc	0.47855530
407	train/batch_box_iou	0.07181934
407	train/batch_cls_loss	0.41198152
407	train/batch_box_loss	0.01828575
408	train/loss_step	2.36546278
408	train/lr	0.00030000
408	train/batch_acc	0.52232143
408	train/batch_box_iou	0.07315341
408	train/batch_cls_loss	0.41855580
408	train/batch_box_loss	0.01864276
409	train/loss_step	2.29976177
409	train/lr	0.00030000
409	train/batch_acc	0.43181818
409	train/batch_box_iou	0.08475712
409	train/batch_cls_loss	0.37927538
409	train/batch_box_loss	0.01800014
410	train/loss_step	2.37432051
410	train/lr	0.00030000
410	train/batch_acc	0.49462366
410	train/batch_box_iou	0.07830737
410	train/batch_cls_loss	0.44083065
410	train/batch_box_loss	0.01802092
411	train/loss_step	2.29943252
411	train/lr	0.00030000
411	train/batch_acc	0.55093555
411	train/batch_box_iou	0.09342171
411	train/batch_cls_loss	0.39436662
411	train/batch_box_loss	0.01838186
412	train/loss_step	2.33299208
412	train/lr	0.00030000
412	train/batch_acc	0.48008850
412	train/batch_box_iou	0.08501443
412	train/batch_cls_loss	0.41152236
412	train/batch_box_loss	0.01829968
413	train/loss_step	2.39566994
413	train/lr	0.00030000
413	train/batch_acc	0.41101695
413	train/batch_box_iou	0.06701904
413	train/batch_cls_loss	0.43528038
413	train/batch_box_loss	0.01888555
414	train/loss_step	2.30713439
414	train/lr	0.00030000
414	train/batch_acc	0.46300716
414	train/batch_box_iou	0.08246443
414	train/batch_cls_loss	0.38829181
414	train/batch_box_loss	0.01675429
415	train/loss_step	2.37750244
415	train/lr	0.00030000
415	train/batch_acc	0.54684096
415	train/batch_box_iou	0.05838778
415	train/batch_cls_loss	0.39378709
415	train/batch_box_loss	0.02009819
416	train/loss_step	2.39097738
416	train/lr	0.00030000
416	train/batch_acc	0.50939457
416	train/batch_box_iou	0.06651551
416	train/batch_cls_loss	0.42635536
416	train/batch_box_loss	0.01953063
417	train/loss_step	2.36534071
417	train/lr	0.00030000
417	train/batch_acc	0.47682119
417	train/batch_box_iou	0.06672764
417	train/batch_cls_loss	0.40220827
417	train/batch_box_loss	0.01931753
418	train/loss_step	2.50630426
418	train/lr	0.00030000
418	train/batch_acc	0.46332737
418	train/batch_box_iou	0.05432708
418	train/batch_cls_loss	0.51212329
418	train/batch_box_loss	0.02056705
419	train/loss_step	2.37818694
419	train/lr	0.00030000
419	train/batch_acc	0.47222222
419	train/batch_box_iou	0.05804967
419	train/batch_cls_loss	0.40173155
419	train/batch_box_loss	0.01851094
420	train/loss_step	2.36805725
420	train/lr	0.00030000
420	train/batch_acc	0.50638298
420	train/batch_box_iou	0.07027303
420	train/batch_cls_loss	0.41605526
420	train/batch_box_loss	0.01850959
421	train/loss_step	2.44478011
421	train/lr	0.00030000
421	train/batch_acc	0.43697479
421	train/batch_box_iou	0.05772275
421	train/batch_cls_loss	0.46355432
421	train/batch_box_loss	0.01933424
422	train/loss_step	2.41854858
422	train/lr	0.00030000
422	train/batch_acc	0.35248042
422	train/batch_box_iou	0.06071638
422	train/batch_cls_loss	0.44802275
422	train/batch_box_loss	0.01839174
423	train/loss_step	2.36738944
423	train/lr	0.00030000
423	train/batch_acc	0.48695652
423	train/batch_box_iou	0.06941991
423	train/batch_cls_loss	0.41406223
423	train/batch_box_loss	0.01843341
424	train/loss_step	2.37452269
424	train/lr	0.00030000
424	train/batch_acc	0.48228346
424	train/batch_box_iou	0.08055105
424	train/batch_cls_loss	0.43926221
424	train/batch_box_loss	0.01927252
425	train/loss_step	2.32990336
425	train/lr	0.00030000
425	train/batch_acc	0.45754717
425	train/batch_box_iou	0.08821473
425	train/batch_cls_loss	0.41987011
425	train/batch_box_loss	0.01729255
426	train/loss_step	2.36314774
426	train/lr	0.00030000
426	train/batch_acc	0.42657343
426	train/batch_box_iou	0.07568830
426	train/batch_cls_loss	0.42497432
426	train/batch_box_loss	0.01790999
427	train/loss_step	2.40418196
427	train/lr	0.00030000
427	train/batch_acc	0.43040685
427	train/batch_box_iou	0.06760945
427	train/batch_cls_loss	0.44070876
427	train/batch_box_loss	0.01973839
428	train/loss_step	2.35113215
428	train/lr	0.00030000
428	train/batch_acc	0.50000000
428	train/batch_box_iou	0.06718552
428	train/batch_cls_loss	0.40162984
428	train/batch_box_loss	0.01677465
429	train/loss_step	2.34343028
429	train/lr	0.00030000
429	train/batch_acc	0.55269321
429	train/batch_box_iou	0.06209420
429	train/batch_cls_loss	0.37779838
429	train/batch_box_loss	0.01796406
430	train/loss_step	2.39386797
430	train/lr	0.00030000
430	train/batch_acc	0.43080357
430	train/batch_box_iou	0.06759604
430	train/batch_cls_loss	0.43631887
430	train/batch_box_loss	0.01854823
431	train/loss_step	2.39839888
431	train/lr	0.00030000
431	train/batch_acc	0.47431507
431	train/batch_box_iou	0.08243787
431	train/batch_cls_loss	0.47112364
431	train/batch_box_loss	0.01843018
432	train/loss_step	2.32356334
432	train/lr	0.00030000
432	train/batch_acc	0.41304348
432	train/batch_box_iou	0.15181434
432	train/batch_cls_loss	0.53818077
432	train/batch_box_loss	0.01780225
9	train/loss_epoch	2.37156166
9	train/epoch_acc	0.47455726
9	train/epoch_box_iou	0.07147416
9	val/loss	2.45063463
9	val/acc	0.39987080
9	val/box_iou	0.06966337
9	val/mAP	0.00137614
9	val/mAP50_95	0.00024926
9	val/precision	0.00763247
9	val/recall	0.01098013
9	train/early_stop_loss	2.45063463
433	train/loss_step	2.43347454
433	train/lr	0.00030000
433	train/batch_acc	0.43750000
433	train/batch_box_iou	0.06187863
433	train/batch_cls_loss	0.46588606
433	train/batch_box_loss	0.01826918
434	train/loss_step	2.38766265
434	train/lr	0.00030000
434	train/batch_acc	0.41908714
434	train/batch_box_iou	0.07494337
434	train/batch_cls_loss	0.44665176
434	train/batch_box_loss	0.01817953
435	train/loss_step	2.29703879
435	train/lr	0.00030000
435	train/batch_acc	0.53460621
435	train/batch_box_iou	0.08625662
435	train/batch_cls_loss	0.38028559
435	train/batch_box_loss	0.01785330
436	train/loss_step	2.40623569
436	train/lr	0.00030000
436	train/batch_acc	0.40723982
436	train/batch_box_iou	0.06521741
436	train/batch_cls_loss	0.44220901
436	train/batch_box_loss	0.01889233
437	train/loss_step	2.34563327
437	train/lr	0.00030000
437	train/batch_acc	0.50368550
437	train/batch_box_iou	0.06195097
437	train/batch_cls_loss	0.37893373
437	train/batch_box_loss	0.01812029
438	train/loss_step	2.37752748
438	train/lr	0.00030000
438	train/batch_acc	0.48178138
438	train/batch_box_iou	0.08025569
438	train/batch_cls_loss	0.44881222
438	train/batch_box_loss	0.01784534
439	train/loss_step	2.33736420
439	train/lr	0.00030000
439	train/batch_acc	0.49311927
439	train/batch_box_iou	0.08344372
439	train/batch_cls_loss	0.41659740
439	train/batch_box_loss	0.01753085
440	train/loss_step	2.38194776
440	train/lr	0.00030000
440	train/batch_acc	0.47731755
440	train/batch_box_iou	0.06827000
440	train/batch_cls_loss	0.42283374
440	train/batch_box_loss	0.01913080
441	train/loss_step	2.39506149
441	train/lr	0.00030000
441	train/batch_acc	0.41791045
441	train/batch_box_iou	0.07941887
441	train/batch_cls_loss	0.45947453
441	train/batch_box_loss	0.01888495
442	train/loss_step	2.35481167
442	train/lr	0.00030000
442	train/batch_acc	0.45518868
442	train/batch_box_iou	0.06754086
442	train/batch_cls_loss	0.40431997
442	train/batch_box_loss	0.01711469
443	train/loss_step	2.36665821
443	train/lr	0.00030000
443	train/batch_acc	0.50605327
443	train/batch_box_iou	0.07299101
443	train/batch_cls_loss	0.41940972
443	train/batch_box_loss	0.01864608
444	train/loss_step	2.30992985
444	train/lr	0.00030000
444	train/batch_acc	0.47208122
444	train/batch_box_iou	0.08201781
444	train/batch_cls_loss	0.38771817
444	train/batch_box_loss	0.01724946
445	train/loss_step	2.31063843
445	train/lr	0.00030000
445	train/batch_acc	0.58486708
445	train/batch_box_iou	0.08044190
445	train/batch_cls_loss	0.37301290
445	train/batch_box_loss	0.01970185
446	train/loss_step	2.37354255
446	train/lr	0.00030000
446	train/batch_acc	0.47884187
446	train/batch_box_iou	0.07054616
446	train/batch_cls_loss	0.42749608
446	train/batch_box_loss	0.01742777
447	train/loss_step	2.39097071
447	train/lr	0.00030000
447	train/batch_acc	0.53802281
447	train/batch_box_iou	0.07399156
447	train/batch_cls_loss	0.44622564
447	train/batch_box_loss	0.01854561
448	train/loss_step	2.41081095
448	train/lr	0.00030000
448	train/batch_acc	0.50285714
448	train/batch_box_iou	0.05417861
448	train/batch_cls_loss	0.42553243
448	train/batch_box_loss	0.01872717
449	train/loss_step	2.35283542
449	train/lr	0.00030000
449	train/batch_acc	0.52668213
449	train/batch_box_iou	0.06183223
449	train/batch_cls_loss	0.37802202
449	train/batch_box_loss	0.01969557
450	train/loss_step	2.38135195
450	train/lr	0.00030000
450	train/batch_acc	0.45744681
450	train/batch_box_iou	0.07338592
450	train/batch_cls_loss	0.43550068
450	train/batch_box_loss	0.01852465
451	train/loss_step	2.37788129
451	train/lr	0.00030000
451	train/batch_acc	0.48842105
451	train/batch_box_iou	0.06363942
451	train/batch_cls_loss	0.40719354
451	train/batch_box_loss	0.01959331
452	train/loss_step	2.35660124
452	train/lr	0.00030000
452	train/batch_acc	0.45982143
452	train/batch_box_iou	0.07287611
452	train/batch_cls_loss	0.41299593
452	train/batch_box_loss	0.01787148
453	train/loss_step	2.33981514
453	train/lr	0.00030000
453	train/batch_acc	0.50210970
453	train/batch_box_iou	0.08552304
453	train/batch_cls_loss	0.41411468
453	train/batch_box_loss	0.01934929
454	train/loss_step	2.33701086
454	train/lr	0.00030000
454	train/batch_acc	0.46172249
454	train/batch_box_iou	0.07097139
454	train/batch_cls_loss	0.38613385
454	train/batch_box_loss	0.01856395
455	train/loss_step	2.36172533
455	train/lr	0.00030000
455	train/batch_acc	0.50099010
455	train/batch_box_iou	0.07650280
455	train/batch_cls_loss	0.42296883
455	train/batch_box_loss	0.01835241
456	train/loss_step	2.29535556
456	train/lr	0.00030000
456	train/batch_acc	0.40554156
456	train/batch_box_iou	0.08442757
456	train/batch_cls_loss	0.37988329
456	train/batch_box_loss	0.01686550
457	train/loss_step	2.40109301
457	train/lr	0.00030000
457	train/batch_acc	0.43544858
457	train/batch_box_iou	0.06185515
457	train/batch_cls_loss	0.42711011
457	train/batch_box_loss	0.01953864
458	train/loss_step	2.36904764
458	train/lr	0.00030000
458	train/batch_acc	0.47638604
458	train/batch_box_iou	0.08112027
458	train/batch_cls_loss	0.44321632
458	train/batch_box_loss	0.01761438
459	train/loss_step	2.44617367
459	train/lr	0.00030000
459	train/batch_acc	0.41119691
459	train/batch_box_iou	0.06988797
459	train/batch_cls_loss	0.48866430
459	train/batch_box_loss	0.01945707
460	train/loss_step	2.34489608
460	train/lr	0.00030000
460	train/batch_acc	0.43069307
460	train/batch_box_iou	0.07911200
460	train/batch_cls_loss	0.41160691
460	train/batch_box_loss	0.01830262
461	train/loss_step	2.38159180
461	train/lr	0.00030000
461	train/batch_acc	0.49353448
461	train/batch_box_iou	0.07148382
461	train/batch_cls_loss	0.42859060
461	train/batch_box_loss	0.01919377
462	train/loss_step	2.44970846
462	train/lr	0.00030000
462	train/batch_acc	0.42965779
462	train/batch_box_iou	0.06665283
462	train/batch_cls_loss	0.49009639
462	train/batch_box_loss	0.01858354
463	train/loss_step	2.41322756
463	train/lr	0.00030000
463	train/batch_acc	0.42772277
463	train/batch_box_iou	0.06977644
463	train/batch_cls_loss	0.45133701
463	train/batch_box_loss	0.02028865
464	train/loss_step	2.36353779
464	train/lr	0.00030000
464	train/batch_acc	0.54020619
464	train/batch_box_iou	0.06906544
464	train/batch_cls_loss	0.40317196
464	train/batch_box_loss	0.01969934
465	train/loss_step	2.32779503
465	train/lr	0.00030000
465	train/batch_acc	0.43734644
465	train/batch_box_iou	0.07910308
465	train/batch_cls_loss	0.39792821
465	train/batch_box_loss	0.01761460
466	train/loss_step	2.30668354
466	train/lr	0.00030000
466	train/batch_acc	0.57415254
466	train/batch_box_iou	0.08641478
466	train/batch_cls_loss	0.38599318
466	train/batch_box_loss	0.01870397
467	train/loss_step	2.35951591
467	train/lr	0.00030000
467	train/batch_acc	0.56329114
467	train/batch_box_iou	0.06883577
467	train/batch_cls_loss	0.40420863
467	train/batch_box_loss	0.01859578
468	train/loss_step	2.40806913
468	train/lr	0.00030000
468	train/batch_acc	0.43165468
468	train/batch_box_iou	0.05638846
468	train/batch_cls_loss	0.42446560
468	train/batch_box_loss	0.01927607
469	train/loss_step	2.43473864
469	train/lr	0.00030000
469	train/batch_acc	0.47356322
469	train/batch_box_iou	0.05176321
469	train/batch_cls_loss	0.44606754
469	train/batch_box_loss	0.01843950
470	train/loss_step	2.32018113
470	train/lr	0.00030000
470	train/batch_acc	0.47014925
470	train/batch_box_iou	0.08158369
470	train/batch_cls_loss	0.39011237
470	train/batch_box_loss	0.01864722
471	train/loss_step	2.35904551
471	train/lr	0.00030000
471	train/batch_acc	0.53752535
471	train/batch_box_iou	0.07198015
471	train/batch_cls_loss	0.41504687
471	train/batch_box_loss	0.01759177
472	train/loss_step	2.29819560
472	train/lr	0.00030000
472	train/batch_acc	0.49891068
472	train/batch_box_iou	0.09066180
472	train/batch_cls_loss	0.38863939
472	train/batch_box_loss	0.01817596
473	train/loss_step	2.35446453
473	train/lr	0.00030000
473	train/batch_acc	0.53091684
473	train/batch_box_iou	0.06967298
473	train/batch_cls_loss	0.40359116
473	train/batch_box_loss	0.01804389
474	train/loss_step	2.31240797
474	train/lr	0.00030000
474	train/batch_acc	0.40000000
474	train/batch_box_iou	0.07712362
474	train/batch_cls_loss	0.37244442
474	train/batch_box_loss	0.01884218
475	train/loss_step	2.34699726
475	train/lr	0.00030000
475	train/batch_acc	0.49168646
475	train/batch_box_iou	0.06681944
475	train/batch_cls_loss	0.39381856
475	train/batch_box_loss	0.01736353
476	train/loss_step	2.36173296
476	train/lr	0.00030000
476	train/batch_acc	0.43838863
476	train/batch_box_iou	0.07482312
476	train/batch_cls_loss	0.42270112
476	train/batch_box_loss	0.01773560
477	train/loss_step	2.31415367
477	train/lr	0.00030000
477	train/batch_acc	0.52010050
477	train/batch_box_iou	0.07468492
477	train/batch_cls_loss	0.37936589
477	train/batch_box_loss	0.01683154
478	train/loss_step	2.30069494
478	train/lr	0.00030000
478	train/batch_acc	0.49131514
478	train/batch_box_iou	0.09382948
478	train/batch_cls_loss	0.39973798
478	train/batch_box_loss	0.01772322
479	train/loss_step	2.35436177
479	train/lr	0.00030000
479	train/batch_acc	0.53529412
479	train/batch_box_iou	0.06926559
479	train/batch_cls_loss	0.39732185
479	train/batch_box_loss	0.01911424
480	train/loss_step	2.43847704
480	train/lr	0.00030000
480	train/batch_acc	0.32142857
480	train/batch_box_iou	0.04376528
480	train/batch_cls_loss	0.44876575
480	train/batch_box_loss	0.01544840
10	train/loss_epoch	2.36419127
10	train/epoch_acc	0.48063175
10	train/epoch_box_iou	0.07284790
10	val/loss	2.43091518
10	val/acc	0.43281654
10	val/box_iou	0.07243758
10	val/mAP	0.00128475
10	val/mAP50_95	0.00023636
10	val/precision	0.01255768
10	val/recall	0.01256755
10	train/early_stop_loss	2.43091518
481	train/loss_step	2.30418968
481	train/lr	0.00030000
481	train/batch_acc	0.52320675
481	train/batch_box_iou	0.07884419
481	train/batch_cls_loss	0.37643927
481	train/batch_box_loss	0.01708775
482	train/loss_step	2.34975553
482	train/lr	0.00030000
482	train/batch_acc	0.50193050
482	train/batch_box_iou	0.07449057
482	train/batch_cls_loss	0.40568733
482	train/batch_box_loss	0.01860985
483	train/loss_step	2.38904142
483	train/lr	0.00030000
483	train/batch_acc	0.52731092
483	train/batch_box_iou	0.05279008
483	train/batch_cls_loss	0.39570224
483	train/batch_box_loss	0.01978386
484	train/loss_step	2.38594341
484	train/lr	0.00030000
484	train/batch_acc	0.35616438
484	train/batch_box_iou	0.06890145
484	train/batch_cls_loss	0.42654291
484	train/batch_box_loss	0.01944070
485	train/loss_step	2.22855186
485	train/lr	0.00030000
485	train/batch_acc	0.54761905
485	train/batch_box_iou	0.09893884
485	train/batch_cls_loss	0.34299845
485	train/batch_box_loss	0.01668620
486	train/loss_step	2.34339142
486	train/lr	0.00030000
486	train/batch_acc	0.53779698
486	train/batch_box_iou	0.07158505
486	train/batch_cls_loss	0.39031291
486	train/batch_box_loss	0.01924971
487	train/loss_step	2.34042740
487	train/lr	0.00030000
487	train/batch_acc	0.46315789
487	train/batch_box_iou	0.08699082
487	train/batch_cls_loss	0.42649460
487	train/batch_box_loss	0.01758288
488	train/loss_step	2.32222271
488	train/lr	0.00030000
488	train/batch_acc	0.55402750
488	train/batch_box_iou	0.08216535
488	train/batch_cls_loss	0.39367402
488	train/batch_box_loss	0.01857590
489	train/loss_step	2.36416554
489	train/lr	0.00030000
489	train/batch_acc	0.53623188
489	train/batch_box_iou	0.06726042
489	train/batch_cls_loss	0.40873468
489	train/batch_box_loss	0.01799036
490	train/loss_step	2.34483314
490	train/lr	0.00030000
490	train/batch_acc	0.44769874
490	train/batch_box_iou	0.08947374
490	train/batch_cls_loss	0.43343008
490	train/batch_box_loss	0.01807012
491	train/loss_step	2.26459050
491	train/lr	0.00030000
491	train/batch_acc	0.56578947
491	train/batch_box_iou	0.09418882
491	train/batch_cls_loss	0.36613977
491	train/batch_box_loss	0.01736567
492	train/loss_step	2.35160756
492	train/lr	0.00030000
492	train/batch_acc	0.49358974
492	train/batch_box_iou	0.07142685
492	train/batch_cls_loss	0.39820254
492	train/batch_box_loss	0.01925174
493	train/loss_step	2.44054556
493	train/lr	0.00030000
493	train/batch_acc	0.49015748
493	train/batch_box_iou	0.05801895
493	train/batch_cls_loss	0.45926690
493	train/batch_box_loss	0.01946333
494	train/loss_step	2.35703087
494	train/lr	0.00030000
494	train/batch_acc	0.44059406
494	train/batch_box_iou	0.08550436
494	train/batch_cls_loss	0.43719473
494	train/batch_box_loss	0.01816898
495	train/loss_step	2.31555152
495	train/lr	0.00030000
495	train/batch_acc	0.50823529
495	train/batch_box_iou	0.07818307
495	train/batch_cls_loss	0.38026875
495	train/batch_box_loss	0.01832978
496	train/loss_step	2.45022607
496	train/lr	0.00030000
496	train/batch_acc	0.37443946
496	train/batch_box_iou	0.06371985
496	train/batch_cls_loss	0.47988352
496	train/batch_box_loss	0.01955647
497	train/loss_step	2.36039686
497	train/lr	0.00030000
497	train/batch_acc	0.43678161
497	train/batch_box_iou	0.07865732
497	train/batch_cls_loss	0.43017107
497	train/batch_box_loss	0.01750807
498	train/loss_step	2.43584108
498	train/lr	0.00030000
498	train/batch_acc	0.41252700
498	train/batch_box_iou	0.06636805
498	train/batch_cls_loss	0.46004942
498	train/batch_box_loss	0.02170552
499	train/loss_step	2.33613491
499	train/lr	0.00030000
499	train/batch_acc	0.51477833
499	train/batch_box_iou	0.07580030
499	train/batch_cls_loss	0.39202738
499	train/batch_box_loss	0.01914161
500	train/loss_step	2.38974428
500	train/lr	0.00030000
500	train/batch_acc	0.44111349
500	train/batch_box_iou	0.06997064
500	train/batch_cls_loss	0.43375859
500	train/batch_box_loss	0.01918539
501	train/loss_step	2.33192205
501	train/lr	0.00030000
501	train/batch_acc	0.51509434
501	train/batch_box_iou	0.08782902
501	train/batch_cls_loss	0.41292840
501	train/batch_box_loss	0.01893030
502	train/loss_step	2.33008790
502	train/lr	0.00030000
502	train/batch_acc	0.52045455
502	train/batch_box_iou	0.08071377
502	train/batch_cls_loss	0.40172660
502	train/batch_box_loss	0.01795774
503	train/loss_step	2.36205292
503	train/lr	0.00030000
503	train/batch_acc	0.39550562
503	train/batch_box_iou	0.07963915
503	train/batch_cls_loss	0.43422502
503	train/batch_box_loss	0.01742126
504	train/loss_step	2.31383181
504	train/lr	0.00030000
504	train/batch_acc	0.48684211
504	train/batch_box_iou	0.08466023
504	train/batch_cls_loss	0.39410883
504	train/batch_box_loss	0.01780870
505	train/loss_step	2.42896938
505	train/lr	0.00030000
505	train/batch_acc	0.49520154
505	train/batch_box_iou	0.06015196
505	train/batch_cls_loss	0.45363721
505	train/batch_box_loss	0.01912718
506	train/loss_step	2.38222027
506	train/lr	0.00030000
506	train/batch_acc	0.53719008
506	train/batch_box_iou	0.05534608
506	train/batch_cls_loss	0.39959902
506	train/batch_box_loss	0.01866270
507	train/loss_step	2.33224487
507	train/lr	0.00030000
507	train/batch_acc	0.50797267
507	train/batch_box_iou	0.07802743
507	train/batch_cls_loss	0.39742264
507	train/batch_box_loss	0.01817543
508	train/loss_step	2.34683084
508	train/lr	0.00030000
508	train/batch_acc	0.49778761
508	train/batch_box_iou	0.07843643
508	train/batch_cls_loss	0.42005455
508	train/batch_box_loss	0.01672985
509	train/loss_step	2.33219647
509	train/lr	0.00030000
509	train/batch_acc	0.49308756
509	train/batch_box_iou	0.07643956
509	train/batch_cls_loss	0.39178467
509	train/batch_box_loss	0.01865820
510	train/loss_step	2.35712552
510	train/lr	0.00030000
510	train/batch_acc	0.43478261
510	train/batch_box_iou	0.07533464
510	train/batch_cls_loss	0.42169511
510	train/batch_box_loss	0.01721994
511	train/loss_step	2.30176020
511	train/lr	0.00030000
511	train/batch_acc	0.43765281
511	train/batch_box_iou	0.08832086
511	train/batch_cls_loss	0.38692445
511	train/batch_box_loss	0.01829550
512	train/loss_step	2.33267117
512	train/lr	0.00030000
512	train/batch_acc	0.51612903
512	train/batch_box_iou	0.06803059
512	train/batch_cls_loss	0.38125131
512	train/batch_box_loss	0.01749621
513	train/loss_step	2.31692028
513	train/lr	0.00030000
513	train/batch_acc	0.43811881
513	train/batch_box_iou	0.07887405
513	train/batch_cls_loss	0.38351655
513	train/batch_box_loss	0.01823037
514	train/loss_step	2.36053634
514	train/lr	0.00030000
514	train/batch_acc	0.45887446
514	train/batch_box_iou	0.07177808
514	train/batch_cls_loss	0.41387904
514	train/batch_box_loss	0.01804269
515	train/loss_step	2.37598133
515	train/lr	0.00030000
515	train/batch_acc	0.42265795
515	train/batch_box_iou	0.08483516
515	train/batch_cls_loss	0.45347065
515	train/batch_box_loss	0.01843620
516	train/loss_step	2.33215737
516	train/lr	0.00030000
516	train/batch_acc	0.52771619
516	train/batch_box_iou	0.06973091
516	train/batch_cls_loss	0.38613790
516	train/batch_box_loss	0.01709626
517	train/loss_step	2.33993959
517	train/lr	0.00030000
517	train/batch_acc	0.38560411
517	train/batch_box_iou	0.07331057
517	train/batch_cls_loss	0.39889973
517	train/batch_box_loss	0.01753220
518	train/loss_step	2.44494176
518	train/lr	0.00030000
518	train/batch_acc	0.35714286
518	train/batch_box_iou	0.06103589
518	train/batch_cls_loss	0.47918648
518	train/batch_box_loss	0.01756541
519	train/loss_step	2.29626107
519	train/lr	0.00030000
519	train/batch_acc	0.52094241
519	train/batch_box_iou	0.07760581
519	train/batch_cls_loss	0.36092126
519	train/batch_box_loss	0.01811028
520	train/loss_step	2.35232544
520	train/lr	0.00030000
520	train/batch_acc	0.50670241
520	train/batch_box_iou	0.05450858
520	train/batch_cls_loss	0.37409967
520	train/batch_box_loss	0.01744856
521	train/loss_step	2.38163424
521	train/lr	0.00030000
521	train/batch_acc	0.42239686
521	train/batch_box_iou	0.09913895
521	train/batch_cls_loss	0.49488452
521	train/batch_box_loss	0.01700551
522	train/loss_step	2.38173413
522	train/lr	0.00030000
522	train/batch_acc	0.50877193
522	train/batch_box_iou	0.05729630
522	train/batch_cls_loss	0.40159023
522	train/batch_box_loss	0.01894729
523	train/loss_step	2.32719517
523	train/lr	0.00030000
523	train/batch_acc	0.45969499
523	train/batch_box_iou	0.08880439
523	train/batch_cls_loss	0.41527039
523	train/batch_box_loss	0.01790671
524	train/loss_step	2.37389112
524	train/lr	0.00030000
524	train/batch_acc	0.46437346
524	train/batch_box_iou	0.06340347
524	train/batch_cls_loss	0.40666389
524	train/batch_box_loss	0.01880684
525	train/loss_step	2.36711025
525	train/lr	0.00030000
525	train/batch_acc	0.44766147
525	train/batch_box_iou	0.06865707
525	train/batch_cls_loss	0.41181868
525	train/batch_box_loss	0.01852112
526	train/loss_step	2.34384394
526	train/lr	0.00030000
526	train/batch_acc	0.48069498
526	train/batch_box_iou	0.08792489
526	train/batch_cls_loss	0.42945141
526	train/batch_box_loss	0.01804844
527	train/loss_step	2.36913681
527	train/lr	0.00030000
527	train/batch_acc	0.44560669
527	train/batch_box_iou	0.08725926
527	train/batch_cls_loss	0.46230292
527	train/batch_box_loss	0.01627050
528	train/loss_step	2.35610342
528	train/lr	0.00030000
528	train/batch_acc	0.40909091
528	train/batch_box_iou	0.03995371
528	train/batch_cls_loss	0.34833243
528	train/batch_box_loss	0.01753570
11	train/loss_epoch	2.35421079
11	train/epoch_acc	0.47614597
11	train/epoch_box_iou	0.07553006
11	val/loss	2.40170826
11	val/acc	0.49687769
11	val/box_iou	0.07298131
11	val/mAP	0.00120074
11	val/mAP50_95	0.00019846
11	val/precision	0.01199460
11	val/recall	0.01173052
11	train/early_stop_loss	2.40170826
529	train/loss_step	2.30246878
529	train/lr	0.00030000
529	train/batch_acc	0.51152074
529	train/batch_box_iou	0.08800106
529	train/batch_cls_loss	0.39402515
529	train/batch_box_loss	0.01688917
530	train/loss_step	2.25876522
530	train/lr	0.00030000
530	train/batch_acc	0.46174142
530	train/batch_box_iou	0.09892838
530	train/batch_cls_loss	0.37598148
530	train/batch_box_loss	0.01612809
531	train/loss_step	2.29885364
531	train/lr	0.00030000
531	train/batch_acc	0.45248869
531	train/batch_box_iou	0.08644225
531	train/batch_cls_loss	0.37592822
531	train/batch_box_loss	0.01916197
532	train/loss_step	2.30198264
532	train/lr	0.00030000
532	train/batch_acc	0.47342995
532	train/batch_box_iou	0.07845988
532	train/batch_cls_loss	0.37594271
532	train/batch_box_loss	0.01659192
533	train/loss_step	2.40250254
533	train/lr	0.00030000
533	train/batch_acc	0.40867580
533	train/batch_box_iou	0.06341679
533	train/batch_cls_loss	0.44118804
533	train/batch_box_loss	0.01762964
534	train/loss_step	2.37042475
534	train/lr	0.00030000
534	train/batch_acc	0.48091603
534	train/batch_box_iou	0.07807568
534	train/batch_cls_loss	0.43384525
534	train/batch_box_loss	0.01854621
535	train/loss_step	2.25670552
535	train/lr	0.00030000
535	train/batch_acc	0.54569191
535	train/batch_box_iou	0.08559143
535	train/batch_cls_loss	0.34046286
535	train/batch_box_loss	0.01748510
536	train/loss_step	2.37256813
536	train/lr	0.00030000
536	train/batch_acc	0.50528541
536	train/batch_box_iou	0.06206445
536	train/batch_cls_loss	0.40763748
536	train/batch_box_loss	0.01781193
537	train/loss_step	2.32985091
537	train/lr	0.00030000
537	train/batch_acc	0.47916667
537	train/batch_box_iou	0.07737579
537	train/batch_cls_loss	0.39013794
537	train/batch_box_loss	0.01889288
538	train/loss_step	2.34475803
538	train/lr	0.00030000
538	train/batch_acc	0.46067416
538	train/batch_box_iou	0.08111599
538	train/batch_cls_loss	0.41710693
538	train/batch_box_loss	0.01797663
539	train/loss_step	2.36012316
539	train/lr	0.00030000
539	train/batch_acc	0.48888889
539	train/batch_box_iou	0.07812656
539	train/batch_cls_loss	0.42064610
539	train/batch_box_loss	0.01914600
540	train/loss_step	2.25949264
540	train/lr	0.00030000
540	train/batch_acc	0.50248756
540	train/batch_box_iou	0.10373449
540	train/batch_cls_loss	0.38226336
540	train/batch_box_loss	0.01693963
541	train/loss_step	2.30310678
541	train/lr	0.00030000
541	train/batch_acc	0.51633987
541	train/batch_box_iou	0.08458250
541	train/batch_cls_loss	0.38779908
541	train/batch_box_loss	0.01689455
542	train/loss_step	2.37227488
542	train/lr	0.00030000
542	train/batch_acc	0.46049661
542	train/batch_box_iou	0.06802648
542	train/batch_cls_loss	0.41942704
542	train/batch_box_loss	0.01778015
543	train/loss_step	2.37626457
543	train/lr	0.00030000
543	train/batch_acc	0.49048626
543	train/batch_box_iou	0.07372592
543	train/batch_cls_loss	0.43159002
543	train/batch_box_loss	0.01842530
544	train/loss_step	2.35995340
544	train/lr	0.00030000
544	train/batch_acc	0.49452954
544	train/batch_box_iou	0.07044359
544	train/batch_cls_loss	0.40933138
544	train/batch_box_loss	0.01830186
545	train/loss_step	2.37027740
545	train/lr	0.00030000
545	train/batch_acc	0.49706458
545	train/batch_box_iou	0.07946004
545	train/batch_cls_loss	0.43581557
545	train/batch_box_loss	0.01867640
546	train/loss_step	2.32421803
546	train/lr	0.00030000
546	train/batch_acc	0.47072072
546	train/batch_box_iou	0.08842582
546	train/batch_cls_loss	0.41552114
546	train/batch_box_loss	0.01710972
547	train/loss_step	2.40829945
547	train/lr	0.00030000
547	train/batch_acc	0.40655106
547	train/batch_box_iou	0.07690551
547	train/batch_cls_loss	0.46883896
547	train/batch_box_loss	0.01865428
548	train/loss_step	2.33777618
548	train/lr	0.00030000
548	train/batch_acc	0.57418112
548	train/batch_box_iou	0.07797670
548	train/batch_cls_loss	0.40128228
548	train/batch_box_loss	0.01848947
549	train/loss_step	2.36503363
549	train/lr	0.00030000
549	train/batch_acc	0.50935551
549	train/batch_box_iou	0.06912941
549	train/batch_cls_loss	0.40617678
549	train/batch_box_loss	0.01942316
550	train/loss_step	2.35918593
550	train/lr	0.00030000
550	train/batch_acc	0.41986456
550	train/batch_box_iou	0.07743917
550	train/batch_cls_loss	0.43084314
550	train/batch_box_loss	0.01664423
551	train/loss_step	2.28717399
551	train/lr	0.00030000
551	train/batch_acc	0.52574526
551	train/batch_box_iou	0.08080009
551	train/batch_cls_loss	0.35716280
551	train/batch_box_loss	0.01832229
552	train/loss_step	2.28899908
552	train/lr	0.00030000
552	train/batch_acc	0.51769912
552	train/batch_box_iou	0.09763297
552	train/batch_cls_loss	0.39924443
552	train/batch_box_loss	0.01700409
553	train/loss_step	2.25961256
553	train/lr	0.00030000
553	train/batch_acc	0.45194805
553	train/batch_box_iou	0.09876937
553	train/batch_cls_loss	0.37487364
553	train/batch_box_loss	0.01645552
554	train/loss_step	2.32386136
554	train/lr	0.00030000
554	train/batch_acc	0.48955916
554	train/batch_box_iou	0.07782652
554	train/batch_cls_loss	0.39593759
554	train/batch_box_loss	0.01671537
555	train/loss_step	2.34469199
555	train/lr	0.00030000
555	train/batch_acc	0.53167421
555	train/batch_box_iou	0.06633183
555	train/batch_cls_loss	0.37929928
555	train/batch_box_loss	0.01961128
556	train/loss_step	2.27977824
556	train/lr	0.00030000
556	train/batch_acc	0.52918288
556	train/batch_box_iou	0.09491363
556	train/batch_cls_loss	0.38884488
556	train/batch_box_loss	0.01615210
557	train/loss_step	2.36442614
557	train/lr	0.00030000
557	train/batch_acc	0.54343434
557	train/batch_box_iou	0.07045515
557	train/batch_cls_loss	0.40874252
557	train/batch_box_loss	0.01931876
558	train/loss_step	2.28523970
558	train/lr	0.00030000
558	train/batch_acc	0.45905707
558	train/batch_box_iou	0.08822279
558	train/batch_cls_loss	0.38131937
558	train/batch_box_loss	0.01607319
559	train/loss_step	2.34556603
559	train/lr	0.00030000
559	train/batch_acc	0.53014553
559	train/batch_box_iou	0.07234067
559	train/batch_cls_loss	0.40352911
559	train/batch_box_loss	0.01734366
560	train/loss_step	2.34318566
560	train/lr	0.00030000
560	train/batch_acc	0.47870183
560	train/batch_box_iou	0.07420279
560	train/batch_cls_loss	0.40207466
560	train/batch_box_loss	0.01790330
561	train/loss_step	2.39142990
561	train/lr	0.00030000
561	train/batch_acc	0.44000000
561	train/batch_box_iou	0.05619287
561	train/batch_cls_loss	0.40567881
561	train/batch_box_loss	0.01962736
562	train/loss_step	2.39588904
562	train/lr	0.00030000
562	train/batch_acc	0.46082949
562	train/batch_box_iou	0.06586359
562	train/batch_cls_loss	0.43557861
562	train/batch_box_loss	0.01840752
563	train/loss_step	2.39706898
563	train/lr	0.00030000
563	train/batch_acc	0.49604743
563	train/batch_box_iou	0.06532386
563	train/batch_cls_loss	0.43309134
563	train/batch_box_loss	0.01892508
564	train/loss_step	2.36425924
564	train/lr	0.00030000
564	train/batch_acc	0.45755694
564	train/batch_box_iou	0.07543506
564	train/batch_cls_loss	0.42829528
564	train/batch_box_loss	0.01736682
565	train/loss_step	2.39924622
565	train/lr	0.00030000
565	train/batch_acc	0.49438202
565	train/batch_box_iou	0.07398448
565	train/batch_cls_loss	0.45893630
565	train/batch_box_loss	0.01765576
566	train/loss_step	2.39160848
566	train/lr	0.00030000
566	train/batch_acc	0.44915254
566	train/batch_box_iou	0.06948437
566	train/batch_cls_loss	0.43860674
566	train/batch_box_loss	0.01839409
567	train/loss_step	2.29777837
567	train/lr	0.00030000
567	train/batch_acc	0.43835616
567	train/batch_box_iou	0.07471217
567	train/batch_cls_loss	0.36665761
567	train/batch_box_loss	0.01610900
568	train/loss_step	2.32485700
568	train/lr	0.00030000
568	train/batch_acc	0.51287129
568	train/batch_box_iou	0.08320675
568	train/batch_cls_loss	0.40781456
568	train/batch_box_loss	0.01669118
569	train/loss_step	2.33121967
569	train/lr	0.00030000
569	train/batch_acc	0.50354610
569	train/batch_box_iou	0.06820878
569	train/batch_cls_loss	0.37803638
569	train/batch_box_loss	0.01792017
570	train/loss_step	2.31418777
570	train/lr	0.00030000
570	train/batch_acc	0.51173709
570	train/batch_box_iou	0.08832181
570	train/batch_cls_loss	0.40623775
570	train/batch_box_loss	0.01691872
571	train/loss_step	2.35957646
571	train/lr	0.00030000
571	train/batch_acc	0.44666667
571	train/batch_box_iou	0.06938191
571	train/batch_cls_loss	0.41212723
571	train/batch_box_loss	0.01724262
572	train/loss_step	2.34540057
572	train/lr	0.00030000
572	train/batch_acc	0.48523207
572	train/batch_box_iou	0.07424203
572	train/batch_cls_loss	0.40528911
572	train/batch_box_loss	0.01771910
573	train/loss_step	2.29452395
573	train/lr	0.00030000
573	train/batch_acc	0.54708520
573	train/batch_box_iou	0.08358714
573	train/batch_cls_loss	0.37173301
573	train/batch_box_loss	0.01799304
574	train/loss_step	2.40984416
574	train/lr	0.00030000
574	train/batch_acc	0.45918367
574	train/batch_box_iou	0.05742185
574	train/batch_cls_loss	0.43320948
574	train/batch_box_loss	0.01829569
575	train/loss_step	2.31021738
575	train/lr	0.00030000
575	train/batch_acc	0.57270694
575	train/batch_box_iou	0.07640323
575	train/batch_cls_loss	0.37104422
575	train/batch_box_loss	0.01839592
576	train/loss_step	2.41391063
576	train/lr	0.00030000
576	train/batch_acc	0.43478261
576	train/batch_box_iou	0.11323636
576	train/batch_cls_loss	0.55790281
576	train/batch_box_loss	0.01649612
12	train/loss_epoch	2.34062413
12	train/epoch_acc	0.48857530
12	train/epoch_box_iou	0.07745303
12	val/loss	2.41327239
12	val/acc	0.49978467
12	val/box_iou	0.07488727
12	val/mAP	0.00116520
12	val/mAP50_95	0.00019884
12	val/precision	0.00940305
12	val/recall	0.01097502
12	train/early_stop_loss	2.41327239
577	train/loss_step	2.36700630
577	train/lr	0.00030000
577	train/batch_acc	0.45477387
577	train/batch_box_iou	0.05671036
577	train/batch_cls_loss	0.39200568
577	train/batch_box_loss	0.01768425
578	train/loss_step	2.37558985
578	train/lr	0.00030000
578	train/batch_acc	0.47941889
578	train/batch_box_iou	0.06090033
578	train/batch_cls_loss	0.41022009
578	train/batch_box_loss	0.01743408
579	train/loss_step	2.29037189
579	train/lr	0.00030000
579	train/batch_acc	0.51435407
579	train/batch_box_iou	0.08478875
579	train/batch_cls_loss	0.37623096
579	train/batch_box_loss	0.01674367
580	train/loss_step	2.34002042
580	train/lr	0.00030000
580	train/batch_acc	0.52347418
580	train/batch_box_iou	0.06510678
580	train/batch_cls_loss	0.38409698
580	train/batch_box_loss	0.01722740
581	train/loss_step	2.29200149
581	train/lr	0.00030000
581	train/batch_acc	0.47870183
581	train/batch_box_iou	0.10348378
581	train/batch_cls_loss	0.41344768
581	train/batch_box_loss	0.01710429
582	train/loss_step	2.31768703
582	train/lr	0.00030000
582	train/batch_acc	0.50319829
582	train/batch_box_iou	0.08883968
582	train/batch_cls_loss	0.40401050
582	train/batch_box_loss	0.01827114
583	train/loss_step	2.36170435
583	train/lr	0.00030000
583	train/batch_acc	0.46761134
583	train/batch_box_iou	0.08343557
583	train/batch_cls_loss	0.44043881
583	train/batch_box_loss	0.01762735
584	train/loss_step	2.32023931
584	train/lr	0.00030000
584	train/batch_acc	0.50721649
584	train/batch_box_iou	0.08365100
584	train/batch_cls_loss	0.39841437
584	train/batch_box_loss	0.01782541
585	train/loss_step	2.35735202
585	train/lr	0.00030000
585	train/batch_acc	0.43080357
585	train/batch_box_iou	0.07493591
585	train/batch_cls_loss	0.42346448
585	train/batch_box_loss	0.01675186
586	train/loss_step	2.33683014
586	train/lr	0.00030000
586	train/batch_acc	0.43073048
586	train/batch_box_iou	0.07832655
586	train/batch_cls_loss	0.40570039
586	train/batch_box_loss	0.01755658
587	train/loss_step	2.36923289
587	train/lr	0.00030000
587	train/batch_acc	0.46376812
587	train/batch_box_iou	0.05829788
587	train/batch_cls_loss	0.39218798
587	train/batch_box_loss	0.01872812
588	train/loss_step	2.29866171
588	train/lr	0.00030000
588	train/batch_acc	0.45842217
588	train/batch_box_iou	0.10194929
588	train/batch_cls_loss	0.41696921
588	train/batch_box_loss	0.01711821
589	train/loss_step	2.43100882
589	train/lr	0.00030000
589	train/batch_acc	0.40552017
589	train/batch_box_iou	0.06910153
589	train/batch_cls_loss	0.48018107
589	train/batch_box_loss	0.01780618
590	train/loss_step	2.32546329
590	train/lr	0.00030000
590	train/batch_acc	0.53418803
590	train/batch_box_iou	0.08568256
590	train/batch_cls_loss	0.40750551
590	train/batch_box_loss	0.01786459
591	train/loss_step	2.28571177
591	train/lr	0.00030000
591	train/batch_acc	0.51522843
591	train/batch_box_iou	0.08245257
591	train/batch_cls_loss	0.36870301
591	train/batch_box_loss	0.01638276
592	train/loss_step	2.36482072
592	train/lr	0.00030000
592	train/batch_acc	0.44467213
592	train/batch_box_iou	0.07619710
592	train/batch_cls_loss	0.42773926
592	train/batch_box_loss	0.01789511
593	train/loss_step	2.26473022
593	train/lr	0.00030000
593	train/batch_acc	0.53512397
593	train/batch_box_iou	0.09856803
593	train/batch_cls_loss	0.37869227
593	train/batch_box_loss	0.01663479
594	train/loss_step	2.30285144
594	train/lr	0.00030000
594	train/batch_acc	0.58239700
594	train/batch_box_iou	0.09165683
594	train/batch_cls_loss	0.40003833
594	train/batch_box_loss	0.01722536
595	train/loss_step	2.34393525
595	train/lr	0.00030000
595	train/batch_acc	0.57768924
595	train/batch_box_iou	0.06586250
595	train/batch_cls_loss	0.38812828
595	train/batch_box_loss	0.01750640
596	train/loss_step	2.33574557
596	train/lr	0.00030000
596	train/batch_acc	0.43932039
596	train/batch_box_iou	0.07667469
596	train/batch_cls_loss	0.40141529
596	train/batch_box_loss	0.01753595
597	train/loss_step	2.29064393
597	train/lr	0.00030000
597	train/batch_acc	0.54502370
597	train/batch_box_iou	0.08949423
597	train/batch_cls_loss	0.38718620
597	train/batch_box_loss	0.01648923
598	train/loss_step	2.33013463
598	train/lr	0.00030000
598	train/batch_acc	0.43809524
598	train/batch_box_iou	0.07838066
598	train/batch_cls_loss	0.39436585
598	train/batch_box_loss	0.01850601
599	train/loss_step	2.33927941
599	train/lr	0.00030000
599	train/batch_acc	0.47043011
599	train/batch_box_iou	0.06516020
599	train/batch_cls_loss	0.38378119
599	train/batch_box_loss	0.01716372
600	train/loss_step	2.38980198
600	train/lr	0.00030000
600	train/batch_acc	0.44631579
600	train/batch_box_iou	0.06889375
600	train/batch_cls_loss	0.43870431
600	train/batch_box_loss	0.01777702
601	train/loss_step	2.33514977
601	train/lr	0.00030000
601	train/batch_acc	0.45852535
601	train/batch_box_iou	0.06827746
601	train/batch_cls_loss	0.38517278
601	train/batch_box_loss	0.01730637
602	train/loss_step	2.34697127
602	train/lr	0.00030000
602	train/batch_acc	0.47417840
602	train/batch_box_iou	0.06804100
602	train/batch_cls_loss	0.39171255
602	train/batch_box_loss	0.01826814
603	train/loss_step	2.31628394
603	train/lr	0.00030000
603	train/batch_acc	0.47234043
603	train/batch_box_iou	0.09430975
603	train/batch_cls_loss	0.41871494
603	train/batch_box_loss	0.01723770
604	train/loss_step	2.28460097
604	train/lr	0.00030000
604	train/batch_acc	0.48387097
604	train/batch_box_iou	0.09700534
604	train/batch_cls_loss	0.39752090
604	train/batch_box_loss	0.01621815
605	train/loss_step	2.28115010
605	train/lr	0.00030000
605	train/batch_acc	0.54564756
605	train/batch_box_iou	0.09804168
605	train/batch_cls_loss	0.39280444
605	train/batch_box_loss	0.01688578
606	train/loss_step	2.29288173
606	train/lr	0.00030000
606	train/batch_acc	0.53777778
606	train/batch_box_iou	0.08368424
606	train/batch_cls_loss	0.37177175
606	train/batch_box_loss	0.01769570
607	train/loss_step	2.28869152
607	train/lr	0.00030000
607	train/batch_acc	0.43619490
607	train/batch_box_iou	0.08857460
607	train/batch_cls_loss	0.38899136
607	train/batch_box_loss	0.01536989
608	train/loss_step	2.43027687
608	train/lr	0.00030000
608	train/batch_acc	0.45647969
608	train/batch_box_iou	0.06572776
608	train/batch_cls_loss	0.47096685
608	train/batch_box_loss	0.01815309
609	train/loss_step	2.40136814
609	train/lr	0.00030000
609	train/batch_acc	0.47574627
609	train/batch_box_iou	0.06375901
609	train/batch_cls_loss	0.43583316
609	train/batch_box_loss	0.01861060
610	train/loss_step	2.39558554
610	train/lr	0.00030000
610	train/batch_acc	0.43426295
610	train/batch_box_iou	0.07144583
610	train/batch_cls_loss	0.44654763
610	train/batch_box_loss	0.01838592
611	train/loss_step	2.26876426
611	train/lr	0.00030000
611	train/batch_acc	0.62593985
611	train/batch_box_iou	0.09036269
611	train/batch_cls_loss	0.36243349
611	train/batch_box_loss	0.01741122
612	train/loss_step	2.34256124
612	train/lr	0.00030000
612	train/batch_acc	0.48734177
612	train/batch_box_iou	0.08354986
612	train/batch_cls_loss	0.42226422
612	train/batch_box_loss	0.01747934
613	train/loss_step	2.33336306
613	train/lr	0.00030000
613	train/batch_acc	0.46421268
613	train/batch_box_iou	0.08577745
613	train/batch_cls_loss	0.41512948
613	train/batch_box_loss	0.01795767
614	train/loss_step	2.28442597
614	train/lr	0.00030000
614	train/batch_acc	0.52119701
614	train/batch_box_iou	0.09318315
614	train/batch_cls_loss	0.38804621
614	train/batch_box_loss	0.01654923
615	train/loss_step	2.39217615
615	train/lr	0.00030000
615	train/batch_acc	0.52173913
615	train/batch_box_iou	0.05614500
615	train/batch_cls_loss	0.41392958
615	train/batch_box_loss	0.01810732
616	train/loss_step	2.35983515
616	train/lr	0.00030000
616	train/batch_acc	0.46394231
616	train/batch_box_iou	0.06057636
616	train/batch_cls_loss	0.39028549
616	train/batch_box_loss	0.01814047
617	train/loss_step	2.31583309
617	train/lr	0.00030000
617	train/batch_acc	0.45879733
617	train/batch_box_iou	0.08464757
617	train/batch_cls_loss	0.40542734
617	train/batch_box_loss	0.01594021
618	train/loss_step	2.35541439
618	train/lr	0.00030000
618	train/batch_acc	0.44585987
618	train/batch_box_iou	0.07576405
618	train/batch_cls_loss	0.41533992
618	train/batch_box_loss	0.01832050
619	train/loss_step	2.37249565
619	train/lr	0.00030000
619	train/batch_acc	0.52516411
619	train/batch_box_iou	0.06844672
619	train/batch_cls_loss	0.41747832
619	train/batch_box_loss	0.01838213
620	train/loss_step	2.34977150
620	train/lr	0.00030000
620	train/batch_acc	0.49557522
620	train/batch_box_iou	0.06831453
620	train/batch_cls_loss	0.40004003
620	train/batch_box_loss	0.01727209
621	train/loss_step	2.29787350
621	train/lr	0.00030000
621	train/batch_acc	0.54502370
621	train/batch_box_iou	0.07621086
621	train/batch_cls_loss	0.36480236
621	train/batch_box_loss	0.01709856
622	train/loss_step	2.31478953
622	train/lr	0.00030000
622	train/batch_acc	0.49884527
622	train/batch_box_iou	0.07898878
622	train/batch_cls_loss	0.38803062
622	train/batch_box_loss	0.01694730
623	train/loss_step	2.31898737
623	train/lr	0.00030000
623	train/batch_acc	0.52954048
623	train/batch_box_iou	0.08366521
623	train/batch_cls_loss	0.39739439
623	train/batch_box_loss	0.01778469
624	train/loss_step	2.16861868
624	train/lr	0.00030000
624	train/batch_acc	0.40000000
624	train/batch_box_iou	0.10587253
624	train/batch_cls_loss	0.32908937
624	train/batch_box_loss	0.01025486
13	train/loss_epoch	2.33460262
13	train/epoch_acc	0.49030419
13	train/epoch_box_iou	0.07887120
13	val/loss	2.39541890
13	val/acc	0.49074074
13	val/box_iou	0.07589611
13	val/mAP	0.00114774
13	val/mAP50_95	0.00020644
13	val/precision	0.00857650
13	val/recall	0.01110457
13	train/early_stop_loss	2.39541890
625	train/loss_step	2.26543856
625	train/lr	0.00030000
625	train/batch_acc	0.52083333
625	train/batch_box_iou	0.08664598
625	train/batch_cls_loss	0.35931811
625	train/batch_box_loss	0.01588249
626	train/loss_step	2.39712906
626	train/lr	0.00030000
626	train/batch_acc	0.46880907
626	train/batch_box_iou	0.08228651
626	train/batch_cls_loss	0.47260970
626	train/batch_box_loss	0.01781844
627	train/loss_step	2.35173202
627	train/lr	0.00030000
627	train/batch_acc	0.41791045
627	train/batch_box_iou	0.06587280
627	train/batch_cls_loss	0.39726263
627	train/batch_box_loss	0.01724301
628	train/loss_step	2.31699896
628	train/lr	0.00030000
628	train/batch_acc	0.51592357
628	train/batch_box_iou	0.08100575
628	train/batch_cls_loss	0.39248329
628	train/batch_box_loss	0.01730543
629	train/loss_step	2.39444590
629	train/lr	0.00030000
629	train/batch_acc	0.47740668
629	train/batch_box_iou	0.06837665
629	train/batch_cls_loss	0.43802956
629	train/batch_box_loss	0.01863392
630	train/loss_step	2.44601583
630	train/lr	0.00030000
630	train/batch_acc	0.38791423
630	train/batch_box_iou	0.05880023
630	train/batch_cls_loss	0.47252926
630	train/batch_box_loss	0.01821740
631	train/loss_step	2.33973169
631	train/lr	0.00030000
631	train/batch_acc	0.45833333
631	train/batch_box_iou	0.08049252
631	train/batch_cls_loss	0.41654381
631	train/batch_box_loss	0.01683459
632	train/loss_step	2.37357903
632	train/lr	0.00030000
632	train/batch_acc	0.49539595
632	train/batch_box_iou	0.08689531
632	train/batch_cls_loss	0.45294738
632	train/batch_box_loss	0.01888442
633	train/loss_step	2.27939939
633	train/lr	0.00030000
633	train/batch_acc	0.49137931
633	train/batch_box_iou	0.10742375
633	train/batch_cls_loss	0.41303656
633	train/batch_box_loss	0.01624208
634	train/loss_step	2.32504821
634	train/lr	0.00030000
634	train/batch_acc	0.48541667
634	train/batch_box_iou	0.09011216
634	train/batch_cls_loss	0.41220242
634	train/batch_box_loss	0.01861403
635	train/loss_step	2.36084557
635	train/lr	0.00030000
635	train/batch_acc	0.46341463
635	train/batch_box_iou	0.06575761
635	train/batch_cls_loss	0.40274027
635	train/batch_box_loss	0.01792410
636	train/loss_step	2.32308745
636	train/lr	0.00030000
636	train/batch_acc	0.50000000
636	train/batch_box_iou	0.08347048
636	train/batch_cls_loss	0.40597755
636	train/batch_box_loss	0.01681018
637	train/loss_step	2.34809327
637	train/lr	0.00030000
637	train/batch_acc	0.52310924
637	train/batch_box_iou	0.07586248
637	train/batch_cls_loss	0.41924977
637	train/batch_box_loss	0.01611367
638	train/loss_step	2.27883339
638	train/lr	0.00030000
638	train/batch_acc	0.50642674
638	train/batch_box_iou	0.08718008
638	train/batch_cls_loss	0.37287605
638	train/batch_box_loss	0.01606351
639	train/loss_step	2.28535914
639	train/lr	0.00030000
639	train/batch_acc	0.52941176
639	train/batch_box_iou	0.09639163
639	train/batch_cls_loss	0.39831430
639	train/batch_box_loss	0.01596562
640	train/loss_step	2.33144832
640	train/lr	0.00030000
640	train/batch_acc	0.51605505
640	train/batch_box_iou	0.08053584
640	train/batch_cls_loss	0.41345024
640	train/batch_box_loss	0.01581396
641	train/loss_step	2.37588906
641	train/lr	0.00030000
641	train/batch_acc	0.47533632
641	train/batch_box_iou	0.07118563
641	train/batch_cls_loss	0.42553613
641	train/batch_box_loss	0.01854484
642	train/loss_step	2.30287027
642	train/lr	0.00030000
642	train/batch_acc	0.54734411
642	train/batch_box_iou	0.07913532
642	train/batch_cls_loss	0.37508416
642	train/batch_box_loss	0.01721133
643	train/loss_step	2.26072788
643	train/lr	0.00030000
643	train/batch_acc	0.56696429
643	train/batch_box_iou	0.08916669
643	train/batch_cls_loss	0.35920432
643	train/batch_box_loss	0.01597139
644	train/loss_step	2.38375378
644	train/lr	0.00030000
644	train/batch_acc	0.45111111
644	train/batch_box_iou	0.07323197
644	train/batch_cls_loss	0.43547088
644	train/batch_box_loss	0.01894933
645	train/loss_step	2.31611609
645	train/lr	0.00030000
645	train/batch_acc	0.49888641
645	train/batch_box_iou	0.08050694
645	train/batch_cls_loss	0.40145692
645	train/batch_box_loss	0.01513461
646	train/loss_step	2.27998924
646	train/lr	0.00030000
646	train/batch_acc	0.47477064
646	train/batch_box_iou	0.09144360
646	train/batch_cls_loss	0.38338110
646	train/batch_box_loss	0.01589908
647	train/loss_step	2.33488035
647	train/lr	0.00030000
647	train/batch_acc	0.51012146
647	train/batch_box_iou	0.08124954
647	train/batch_cls_loss	0.40653294
647	train/batch_box_loss	0.01816928
648	train/loss_step	2.33229899
648	train/lr	0.00030000
648	train/batch_acc	0.38024691
648	train/batch_box_iou	0.08226141
648	train/batch_cls_loss	0.41309601
648	train/batch_box_loss	0.01674516
649	train/loss_step	2.28781748
649	train/lr	0.00030000
649	train/batch_acc	0.46924829
649	train/batch_box_iou	0.08752483
649	train/batch_cls_loss	0.37961501
649	train/batch_box_loss	0.01665044
650	train/loss_step	2.36329484
650	train/lr	0.00030000
650	train/batch_acc	0.46706587
650	train/batch_box_iou	0.07544091
650	train/batch_cls_loss	0.42613596
650	train/batch_box_loss	0.01760812
651	train/loss_step	2.32664704
651	train/lr	0.00030000
651	train/batch_acc	0.44318182
651	train/batch_box_iou	0.07822653
651	train/batch_cls_loss	0.39832044
651	train/batch_box_loss	0.01695592
652	train/loss_step	2.35050201
652	train/lr	0.00030000
652	train/batch_acc	0.43340858
652	train/batch_box_iou	0.07393237
652	train/batch_cls_loss	0.40742117
652	train/batch_box_loss	0.01818911
653	train/loss_step	2.31966805
653	train/lr	0.00030000
653	train/batch_acc	0.47855530
653	train/batch_box_iou	0.07840157
653	train/batch_cls_loss	0.38590941
653	train/batch_box_loss	0.01811235
654	train/loss_step	2.40483189
654	train/lr	0.00030000
654	train/batch_acc	0.39427313
654	train/batch_box_iou	0.06526342
654	train/batch_cls_loss	0.43958756
654	train/batch_box_loss	0.01915423
655	train/loss_step	2.24810171
655	train/lr	0.00030000
655	train/batch_acc	0.52783964
655	train/batch_box_iou	0.10099159
655	train/batch_cls_loss	0.36937863
655	train/batch_box_loss	0.01614123
656	train/loss_step	2.30887651
656	train/lr	0.00030000
656	train/batch_acc	0.44852941
656	train/batch_box_iou	0.07384787
656	train/batch_cls_loss	0.37133390
656	train/batch_box_loss	0.01704767
657	train/loss_step	2.33435822
657	train/lr	0.00030000
657	train/batch_acc	0.53879310
657	train/batch_box_iou	0.07119346
657	train/batch_cls_loss	0.38931653
657	train/batch_box_loss	0.01748570
658	train/loss_step	2.32545805
658	train/lr	0.00030000
658	train/batch_acc	0.41336634
658	train/batch_box_iou	0.08187177
658	train/batch_cls_loss	0.40152368
658	train/batch_box_loss	0.01753558
659	train/loss_step	2.35585618
659	train/lr	0.00030000
659	train/batch_acc	0.46681922
659	train/batch_box_iou	0.06685711
659	train/batch_cls_loss	0.39950842
659	train/batch_box_loss	0.01801241
660	train/loss_step	2.29578972
660	train/lr	0.00030000
660	train/batch_acc	0.50127877
660	train/batch_box_iou	0.08210275
660	train/batch_cls_loss	0.37511647
660	train/batch_box_loss	0.01697573
661	train/loss_step	2.38525629
661	train/lr	0.00030000
661	train/batch_acc	0.46215139
661	train/batch_box_iou	0.06529542
661	train/batch_cls_loss	0.42333052
661	train/batch_box_loss	0.01850331
662	train/loss_step	2.33133268
662	train/lr	0.00030000
662	train/batch_acc	0.48785425
662	train/batch_box_iou	0.08672658
662	train/batch_cls_loss	0.41935650
662	train/batch_box_loss	0.01708586
663	train/loss_step	2.30859351
663	train/lr	0.00030000
663	train/batch_acc	0.58173077
663	train/batch_box_iou	0.08301607
663	train/batch_cls_loss	0.38221061
663	train/batch_box_loss	0.01848300
664	train/loss_step	2.28504467
664	train/lr	0.00030000
664	train/batch_acc	0.50649351
664	train/batch_box_iou	0.09590453
664	train/batch_cls_loss	0.38800263
664	train/batch_box_loss	0.01777019
665	train/loss_step	2.30200601
665	train/lr	0.00030000
665	train/batch_acc	0.52538071
665	train/batch_box_iou	0.07478673
665	train/batch_cls_loss	0.36652738
665	train/batch_box_loss	0.01701041
666	train/loss_step	2.32065654
666	train/lr	0.00030000
666	train/batch_acc	0.49516908
666	train/batch_box_iou	0.06927402
666	train/batch_cls_loss	0.36482739
666	train/batch_box_loss	0.01887545
667	train/loss_step	2.37260461
667	train/lr	0.00030000
667	train/batch_acc	0.47787611
667	train/batch_box_iou	0.07271081
667	train/batch_cls_loss	0.43137705
667	train/batch_box_loss	0.01732984
668	train/loss_step	2.31418467
668	train/lr	0.00030000
668	train/batch_acc	0.52549020
668	train/batch_box_iou	0.09541549
668	train/batch_cls_loss	0.42341909
668	train/batch_box_loss	0.01631930
669	train/loss_step	2.31638598
669	train/lr	0.00030000
669	train/batch_acc	0.55157895
669	train/batch_box_iou	0.06920335
669	train/batch_cls_loss	0.36875495
669	train/batch_box_loss	0.01720757
670	train/loss_step	2.30893803
670	train/lr	0.00030000
670	train/batch_acc	0.53145336
670	train/batch_box_iou	0.08477460
670	train/batch_cls_loss	0.39777997
670	train/batch_box_loss	0.01614146
671	train/loss_step	2.31348896
671	train/lr	0.00030000
671	train/batch_acc	0.43198091
671	train/batch_box_iou	0.08448543
671	train/batch_cls_loss	0.40111357
671	train/batch_box_loss	0.01626922
672	train/loss_step	2.51035857
672	train/lr	0.00030000
672	train/batch_acc	0.33333333
672	train/batch_box_iou	0.06039748
672	train/batch_cls_loss	0.55311471
672	train/batch_box_loss	0.01560778
14	train/loss_epoch	2.33124042
14	train/epoch_acc	0.48558479
14	train/epoch_box_iou	0.08005385
14	val/loss	2.38563289
14	val/acc	0.50753661
14	val/box_iou	0.07741807
14	val/mAP	0.00098154
14	val/mAP50_95	0.00019399
14	val/precision	0.00735594
14	val/recall	0.01163012
14	train/early_stop_loss	2.38563289
673	train/loss_step	2.27986383
673	train/lr	0.00030000
673	train/batch_acc	0.51214128
673	train/batch_box_iou	0.10196412
673	train/batch_cls_loss	0.40394723
673	train/batch_box_loss	0.01596896
674	train/loss_step	2.36130095
674	train/lr	0.00030000
674	train/batch_acc	0.45766590
674	train/batch_box_iou	0.07157070
674	train/batch_cls_loss	0.41830403
674	train/batch_box_loss	0.01722764
675	train/loss_step	2.33373690
675	train/lr	0.00030000
675	train/batch_acc	0.43929360
675	train/batch_box_iou	0.09096029
675	train/batch_cls_loss	0.42913634
675	train/batch_box_loss	0.01730419
676	train/loss_step	2.33713841
676	train/lr	0.00030000
676	train/batch_acc	0.48309179
676	train/batch_box_iou	0.06924570
676	train/batch_cls_loss	0.39454347
676	train/batch_box_loss	0.01621726
677	train/loss_step	2.28439331
677	train/lr	0.00030000
677	train/batch_acc	0.52252252
677	train/batch_box_iou	0.08337675
677	train/batch_cls_loss	0.36177099
677	train/batch_box_loss	0.01787518
678	train/loss_step	2.34858036
678	train/lr	0.00030000
678	train/batch_acc	0.46352941
678	train/batch_box_iou	0.07125876
678	train/batch_cls_loss	0.40347332
678	train/batch_box_loss	0.01752494
679	train/loss_step	2.31334186
679	train/lr	0.00030000
679	train/batch_acc	0.52087912
679	train/batch_box_iou	0.07930524
679	train/batch_cls_loss	0.38440043
679	train/batch_box_loss	0.01751038
680	train/loss_step	2.28707576
680	train/lr	0.00030000
680	train/batch_acc	0.47276688
680	train/batch_box_iou	0.09629469
680	train/batch_cls_loss	0.39101309
680	train/batch_box_loss	0.01773042
681	train/loss_step	2.30527425
681	train/lr	0.00030000
681	train/batch_acc	0.52521739
681	train/batch_box_iou	0.10720897
681	train/batch_cls_loss	0.44106629
681	train/batch_box_loss	0.01572516
682	train/loss_step	2.35164261
682	train/lr	0.00030000
682	train/batch_acc	0.42918455
682	train/batch_box_iou	0.08205794
682	train/batch_cls_loss	0.43033952
682	train/batch_box_loss	0.01708381
683	train/loss_step	2.30196404
683	train/lr	0.00030000
683	train/batch_acc	0.44976077
683	train/batch_box_iou	0.08602764
683	train/batch_cls_loss	0.38741475
683	train/batch_box_loss	0.01732089
684	train/loss_step	2.27529907
684	train/lr	0.00030000
684	train/batch_acc	0.52301255
684	train/batch_box_iou	0.09380817
684	train/batch_cls_loss	0.38082424
684	train/batch_box_loss	0.01641824
685	train/loss_step	2.32434034
685	train/lr	0.00030000
685	train/batch_acc	0.49115914
685	train/batch_box_iou	0.09075183
685	train/batch_cls_loss	0.42502400
685	train/batch_box_loss	0.01616400
686	train/loss_step	2.31032157
686	train/lr	0.00030000
686	train/batch_acc	0.48166259
686	train/batch_box_iou	0.07074717
686	train/batch_cls_loss	0.36767429
686	train/batch_box_loss	0.01682831
687	train/loss_step	2.29523778
687	train/lr	0.00030000
687	train/batch_acc	0.58123570
687	train/batch_box_iou	0.06742215
687	train/batch_cls_loss	0.34328747
687	train/batch_box_loss	0.01735891
688	train/loss_step	2.34924006
688	train/lr	0.00030000
688	train/batch_acc	0.43356643
688	train/batch_box_iou	0.08762737
688	train/batch_cls_loss	0.44073874
688	train/batch_box_loss	0.01675121
689	train/loss_step	2.37200809
689	train/lr	0.00030000
689	train/batch_acc	0.48060345
689	train/batch_box_iou	0.07053186
689	train/batch_cls_loss	0.42110345
689	train/batch_box_loss	0.01839366
690	train/loss_step	2.36563516
690	train/lr	0.00030000
690	train/batch_acc	0.49193548
690	train/batch_box_iou	0.07367545
690	train/batch_cls_loss	0.42597413
690	train/batch_box_loss	0.01740238
691	train/loss_step	2.38625598
691	train/lr	0.00030000
691	train/batch_acc	0.49404762
691	train/batch_box_iou	0.07304271
691	train/batch_cls_loss	0.44372535
691	train/batch_box_loss	0.01772322
692	train/loss_step	2.31040502
692	train/lr	0.00030000
692	train/batch_acc	0.48210526
692	train/batch_box_iou	0.09214882
692	train/batch_cls_loss	0.40362975
692	train/batch_box_loss	0.01821458
693	train/loss_step	2.26089573
693	train/lr	0.00030000
693	train/batch_acc	0.57894737
693	train/batch_box_iou	0.09257963
693	train/batch_cls_loss	0.36656272
693	train/batch_box_loss	0.01589843
694	train/loss_step	2.42748737
694	train/lr	0.00030000
694	train/batch_acc	0.41418764
694	train/batch_box_iou	0.05627783
694	train/batch_cls_loss	0.44165885
694	train/batch_box_loss	0.01967680
695	train/loss_step	2.33727479
695	train/lr	0.00030000
695	train/batch_acc	0.51104972
695	train/batch_box_iou	0.05525345
695	train/batch_cls_loss	0.36014444
695	train/batch_box_loss	0.01752747
696	train/loss_step	2.33206940
696	train/lr	0.00030000
696	train/batch_acc	0.46135831
696	train/batch_box_iou	0.07186950
696	train/batch_cls_loss	0.39207423
696	train/batch_box_loss	0.01674683
697	train/loss_step	2.35138631
697	train/lr	0.00030000
697	train/batch_acc	0.52821670
697	train/batch_box_iou	0.06708994
697	train/batch_cls_loss	0.40059981
697	train/batch_box_loss	0.01699328
698	train/loss_step	2.33430290
698	train/lr	0.00030000
698	train/batch_acc	0.49253731
698	train/batch_box_iou	0.08368800
698	train/batch_cls_loss	0.41097659
698	train/batch_box_loss	0.01814045
699	train/loss_step	2.28386140
699	train/lr	0.00030000
699	train/batch_acc	0.48596112
699	train/batch_box_iou	0.09737831
699	train/batch_cls_loss	0.40170604
699	train/batch_box_loss	0.01538240
700	train/loss_step	2.38052559
700	train/lr	0.00030000
700	train/batch_acc	0.47035573
700	train/batch_box_iou	0.07309364
700	train/batch_cls_loss	0.44058013
700	train/batch_box_loss	0.01722654
701	train/loss_step	2.32407165
701	train/lr	0.00030000
701	train/batch_acc	0.46284501
701	train/batch_box_iou	0.09643976
701	train/batch_cls_loss	0.42843619
701	train/batch_box_loss	0.01770302
702	train/loss_step	2.30000234
702	train/lr	0.00030000
702	train/batch_acc	0.48491879
702	train/batch_box_iou	0.09081637
702	train/batch_cls_loss	0.39602053
702	train/batch_box_loss	0.01712293
703	train/loss_step	2.29908466
703	train/lr	0.00030000
703	train/batch_acc	0.50097466
703	train/batch_box_iou	0.09487621
703	train/batch_cls_loss	0.40350193
703	train/batch_box_loss	0.01706706
704	train/loss_step	2.24751902
704	train/lr	0.00030000
704	train/batch_acc	0.52558140
704	train/batch_box_iou	0.09155242
704	train/batch_cls_loss	0.35296607
704	train/batch_box_loss	0.01553159
705	train/loss_step	2.36489129
705	train/lr	0.00030000
705	train/batch_acc	0.47743468
705	train/batch_box_iou	0.06598827
705	train/batch_cls_loss	0.40554047
705	train/batch_box_loss	0.01826550
706	train/loss_step	2.36058068
706	train/lr	0.00030000
706	train/batch_acc	0.41962422
706	train/batch_box_iou	0.08573116
706	train/batch_cls_loss	0.44855410
706	train/batch_box_loss	0.01669778
707	train/loss_step	2.31648493
707	train/lr	0.00030000
707	train/batch_acc	0.44578313
707	train/batch_box_iou	0.09335768
707	train/batch_cls_loss	0.42616343
707	train/batch_box_loss	0.01540737
708	train/loss_step	2.32499433
708	train/lr	0.00030000
708	train/batch_acc	0.46696035
708	train/batch_box_iou	0.07861035
708	train/batch_cls_loss	0.40017328
708	train/batch_box_loss	0.01640834
709	train/loss_step	2.35078239
709	train/lr	0.00030000
709	train/batch_acc	0.48394004
709	train/batch_box_iou	0.06901583
709	train/batch_cls_loss	0.40697163
709	train/batch_box_loss	0.01636848
710	train/loss_step	2.27099729
710	train/lr	0.00030000
710	train/batch_acc	0.52843602
710	train/batch_box_iou	0.08984614
710	train/batch_cls_loss	0.37218577
710	train/batch_box_loss	0.01570078
711	train/loss_step	2.32108569
711	train/lr	0.00030000
711	train/batch_acc	0.50203252
711	train/batch_box_iou	0.08100004
711	train/batch_cls_loss	0.39758337
711	train/batch_box_loss	0.01710047
712	train/loss_step	2.26532483
712	train/lr	0.00030000
712	train/batch_acc	0.44750000
712	train/batch_box_iou	0.09503453
712	train/batch_cls_loss	0.37426612
712	train/batch_box_loss	0.01622554
713	train/loss_step	2.26942420
713	train/lr	0.00030000
713	train/batch_acc	0.58870968
713	train/batch_box_iou	0.09060330
713	train/batch_cls_loss	0.36478478
713	train/batch_box_loss	0.01716922
714	train/loss_step	2.31271029
714	train/lr	0.00030000
714	train/batch_acc	0.50450450
714	train/batch_box_iou	0.08125509
714	train/batch_cls_loss	0.39200771
714	train/batch_box_loss	0.01664254
715	train/loss_step	2.29946661
715	train/lr	0.00030000
715	train/batch_acc	0.50000000
715	train/batch_box_iou	0.09231605
715	train/batch_cls_loss	0.39385793
715	train/batch_box_loss	0.01804815
716	train/loss_step	2.31964636
716	train/lr	0.00030000
716	train/batch_acc	0.53362256
716	train/batch_box_iou	0.07539747
716	train/batch_cls_loss	0.38241279
716	train/batch_box_loss	0.01760573
717	train/loss_step	2.34754872
717	train/lr	0.00030000
717	train/batch_acc	0.46137339
717	train/batch_box_iou	0.07259855
717	train/batch_cls_loss	0.41012442
717	train/batch_box_loss	0.01652430
718	train/loss_step	2.33506274
718	train/lr	0.00030000
718	train/batch_acc	0.51111111
718	train/batch_box_iou	0.08064938
718	train/batch_cls_loss	0.41548130
718	train/batch_box_loss	0.01617602
719	train/loss_step	2.25913477
719	train/lr	0.00030000
719	train/batch_acc	0.57314149
719	train/batch_box_iou	0.08091707
719	train/batch_cls_loss	0.34446234
719	train/batch_box_loss	0.01530129
720	train/loss_step	2.28965998
720	train/lr	0.00030000
720	train/batch_acc	0.90909091
720	train/batch_box_iou	0.04084656
720	train/batch_cls_loss	0.28356668
720	train/batch_box_loss	0.01755732
15	train/loss_epoch	2.32131515
15	train/epoch_acc	0.49245362
15	train/epoch_box_iou	0.08247347
15	val/loss	2.36488823
15	val/acc	0.51819552
15	val/box_iou	0.07866797
15	val/mAP	0.00129345
15	val/mAP50_95	0.00021599
15	val/precision	0.01033681
15	val/recall	0.01357303
15	train/early_stop_loss	2.36488823
721	train/loss_step	2.34470749
721	train/lr	0.00030000
721	train/batch_acc	0.52516411
721	train/batch_box_iou	0.06775278
721	train/batch_cls_loss	0.39272583
721	train/batch_box_loss	0.01749744
722	train/loss_step	2.29894638
722	train/lr	0.00030000
722	train/batch_acc	0.48007968
722	train/batch_box_iou	0.10644253
722	train/batch_cls_loss	0.42893627
722	train/batch_box_loss	0.01657900
723	train/loss_step	2.33428693
723	train/lr	0.00030000
723	train/batch_acc	0.42826552
723	train/batch_box_iou	0.09393366
723	train/batch_cls_loss	0.44011295
723	train/batch_box_loss	0.01640825
724	train/loss_step	2.33517027
724	train/lr	0.00030000
724	train/batch_acc	0.50344828
724	train/batch_box_iou	0.08038034
724	train/batch_cls_loss	0.41887665
724	train/batch_box_loss	0.01541086
725	train/loss_step	2.34407330
725	train/lr	0.00030000
725	train/batch_acc	0.48048780
725	train/batch_box_iou	0.07740600
725	train/batch_cls_loss	0.41826531
725	train/batch_box_loss	0.01612397
726	train/loss_step	2.30492592
726	train/lr	0.00030000
726	train/batch_acc	0.47982063
726	train/batch_box_iou	0.09004150
726	train/batch_cls_loss	0.40619287
726	train/batch_box_loss	0.01576323
727	train/loss_step	2.26748276
727	train/lr	0.00030000
727	train/batch_acc	0.50851064
727	train/batch_box_iou	0.10687781
727	train/batch_cls_loss	0.40215230
727	train/batch_box_loss	0.01581720
728	train/loss_step	2.29556131
728	train/lr	0.00030000
728	train/batch_acc	0.50256410
728	train/batch_box_iou	0.06840347
728	train/batch_cls_loss	0.35165066
728	train/batch_box_loss	0.01614353
729	train/loss_step	2.32397151
729	train/lr	0.00030000
729	train/batch_acc	0.50448430
729	train/batch_box_iou	0.07563766
729	train/batch_cls_loss	0.37948757
729	train/batch_box_loss	0.01915185
730	train/loss_step	2.24117708
730	train/lr	0.00030000
730	train/batch_acc	0.56324582
730	train/batch_box_iou	0.09197924
730	train/batch_cls_loss	0.34361005
730	train/batch_box_loss	0.01630513
731	train/loss_step	2.34132671
731	train/lr	0.00030000
731	train/batch_acc	0.48009368
731	train/batch_box_iou	0.06711625
731	train/batch_cls_loss	0.38990292
731	train/batch_box_loss	0.01713126
732	train/loss_step	2.23385096
732	train/lr	0.00030000
732	train/batch_acc	0.54405286
732	train/batch_box_iou	0.10555540
732	train/batch_cls_loss	0.36488628
732	train/batch_box_loss	0.01601508
733	train/loss_step	2.29030895
733	train/lr	0.00030000
733	train/batch_acc	0.48960739
733	train/batch_box_iou	0.07790277
733	train/batch_cls_loss	0.36275592
733	train/batch_box_loss	0.01667172
734	train/loss_step	2.25356507
734	train/lr	0.00030000
734	train/batch_acc	0.53797468
734	train/batch_box_iou	0.10358486
734	train/batch_cls_loss	0.37861633
734	train/batch_box_loss	0.01642372
735	train/loss_step	2.36651850
735	train/lr	0.00030000
735	train/batch_acc	0.41290323
735	train/batch_box_iou	0.07292374
735	train/batch_cls_loss	0.42772874
735	train/batch_box_loss	0.01692744
736	train/loss_step	2.26601601
736	train/lr	0.00030000
736	train/batch_acc	0.45813953
736	train/batch_box_iou	0.09139141
736	train/batch_cls_loss	0.36984825
736	train/batch_box_loss	0.01579010
737	train/loss_step	2.39674926
737	train/lr	0.00030000
737	train/batch_acc	0.42013129
737	train/batch_box_iou	0.05826102
737	train/batch_cls_loss	0.43307316
737	train/batch_box_loss	0.01603964
738	train/loss_step	2.28617787
738	train/lr	0.00030000
738	train/batch_acc	0.46171171
738	train/batch_box_iou	0.09114630
738	train/batch_cls_loss	0.37304986
738	train/batch_box_loss	0.01908411
739	train/loss_step	2.37037897
739	train/lr	0.00030000
739	train/batch_acc	0.47162427
739	train/batch_box_iou	0.07387045
739	train/batch_cls_loss	0.42883474
739	train/batch_box_loss	0.01785702
740	train/loss_step	2.28390312
740	train/lr	0.00030000
740	train/batch_acc	0.49056604
740	train/batch_box_iou	0.08726996
740	train/batch_cls_loss	0.37374809
740	train/batch_box_loss	0.01693900
741	train/loss_step	2.30808544
741	train/lr	0.00030000
741	train/batch_acc	0.52663934
741	train/batch_box_iou	0.08103831
741	train/batch_cls_loss	0.38752741
741	train/batch_box_loss	0.01652690
742	train/loss_step	2.35344839
742	train/lr	0.00030000
742	train/batch_acc	0.54945055
742	train/batch_box_iou	0.07689098
742	train/batch_cls_loss	0.41681814
742	train/batch_box_loss	0.01808245
743	train/loss_step	2.27775860
743	train/lr	0.00030000
743	train/batch_acc	0.55626327
743	train/batch_box_iou	0.09116480
743	train/batch_cls_loss	0.37101626
743	train/batch_box_loss	0.01781439
744	train/loss_step	2.32115078
744	train/lr	0.00030000
744	train/batch_acc	0.55800000
744	train/batch_box_iou	0.09500366
744	train/batch_cls_loss	0.42771038
744	train/batch_box_loss	0.01668952
745	train/loss_step	2.31379223
745	train/lr	0.00030000
745	train/batch_acc	0.44239631
745	train/batch_box_iou	0.08724608
745	train/batch_cls_loss	0.40499204
745	train/batch_box_loss	0.01665847
746	train/loss_step	2.34235048
746	train/lr	0.00030000
746	train/batch_acc	0.53069307
746	train/batch_box_iou	0.08013512
746	train/batch_cls_loss	0.41222042
746	train/batch_box_loss	0.01808008
747	train/loss_step	2.38480854
747	train/lr	0.00030000
747	train/batch_acc	0.45472441
747	train/batch_box_iou	0.08518323
747	train/batch_cls_loss	0.46994445
747	train/batch_box_loss	0.01704613
748	train/loss_step	2.25930166
748	train/lr	0.00030000
748	train/batch_acc	0.52283105
748	train/batch_box_iou	0.10153297
748	train/batch_cls_loss	0.37727863
748	train/batch_box_loss	0.01701779
749	train/loss_step	2.33159637
749	train/lr	0.00030000
749	train/batch_acc	0.51421801
749	train/batch_box_iou	0.06938034
749	train/batch_cls_loss	0.38826197
749	train/batch_box_loss	0.01641901
750	train/loss_step	2.26683474
750	train/lr	0.00030000
750	train/batch_acc	0.52556237
750	train/batch_box_iou	0.10301791
750	train/batch_cls_loss	0.38541299
750	train/batch_box_loss	0.01749150
751	train/loss_step	2.33002186
751	train/lr	0.00030000
751	train/batch_acc	0.54184100
751	train/batch_box_iou	0.07390735
751	train/batch_cls_loss	0.38766932
751	train/batch_box_loss	0.01803344
752	train/loss_step	2.30371237
752	train/lr	0.00030000
752	train/batch_acc	0.53508772
752	train/batch_box_iou	0.09461243
752	train/batch_cls_loss	0.40425792
752	train/batch_box_loss	0.01773584
753	train/loss_step	2.40655661
753	train/lr	0.00030000
753	train/batch_acc	0.47045455
753	train/batch_box_iou	0.05936378
753	train/batch_cls_loss	0.43607053
753	train/batch_box_loss	0.01784270
754	train/loss_step	2.30312681
754	train/lr	0.00030000
754	train/batch_acc	0.53596288
754	train/batch_box_iou	0.07625055
754	train/batch_cls_loss	0.37550822
754	train/batch_box_loss	0.01602392
755	train/loss_step	2.34324932
755	train/lr	0.00030000
755	train/batch_acc	0.43668122
755	train/batch_box_iou	0.08492466
755	train/batch_cls_loss	0.43385947
755	train/batch_box_loss	0.01584782
756	train/loss_step	2.30608749
756	train/lr	0.00030000
756	train/batch_acc	0.45952381
756	train/batch_box_iou	0.08038247
756	train/batch_cls_loss	0.38336623
756	train/batch_box_loss	0.01669723
757	train/loss_step	2.30051374
757	train/lr	0.00030000
757	train/batch_acc	0.51785714
757	train/batch_box_iou	0.08675029
757	train/batch_cls_loss	0.39815399
757	train/batch_box_loss	0.01517205
758	train/loss_step	2.30897117
758	train/lr	0.00030000
758	train/batch_acc	0.49430524
758	train/batch_box_iou	0.08406999
758	train/batch_cls_loss	0.39822710
758	train/batch_box_loss	0.01577681
759	train/loss_step	2.33560133
759	train/lr	0.00030000
759	train/batch_acc	0.49144254
759	train/batch_box_iou	0.07157572
759	train/batch_cls_loss	0.39631218
759	train/batch_box_loss	0.01648810
760	train/loss_step	2.36516643
760	train/lr	0.00030000
760	train/batch_acc	0.44421488
760	train/batch_box_iou	0.07176905
760	train/batch_cls_loss	0.42015177
760	train/batch_box_loss	0.01771055
761	train/loss_step	2.32500482
761	train/lr	0.00030000
761	train/batch_acc	0.48353909
761	train/batch_box_iou	0.08834435
761	train/batch_cls_loss	0.41594338
761	train/batch_box_loss	0.01715002
762	train/loss_step	2.32085347
762	train/lr	0.00030000
762	train/batch_acc	0.51954023
762	train/batch_box_iou	0.07030960
762	train/batch_cls_loss	0.38213807
762	train/batch_box_loss	0.01586691
763	train/loss_step	2.34351826
763	train/lr	0.00030000
763	train/batch_acc	0.47198276
763	train/batch_box_iou	0.08207097
763	train/batch_cls_loss	0.41933721
763	train/batch_box_loss	0.01766457
764	train/loss_step	2.27045846
764	train/lr	0.00030000
764	train/batch_acc	0.41346154
764	train/batch_box_iou	0.09610116
764	train/batch_cls_loss	0.38938451
764	train/batch_box_loss	0.01465527
765	train/loss_step	2.29866481
765	train/lr	0.00030000
765	train/batch_acc	0.47342995
765	train/batch_box_iou	0.07731896
765	train/batch_cls_loss	0.37129539
765	train/batch_box_loss	0.01640146
766	train/loss_step	2.36001396
766	train/lr	0.00030000
766	train/batch_acc	0.49171271
766	train/batch_box_iou	0.10004088
766	train/batch_cls_loss	0.47342771
766	train/batch_box_loss	0.01733360
767	train/loss_step	2.35499811
767	train/lr	0.00030000
767	train/batch_acc	0.44144144
767	train/batch_box_iou	0.07581551
767	train/batch_cls_loss	0.41735709
767	train/batch_box_loss	0.01785440
768	train/loss_step	2.36590815
768	train/lr	0.00030000
768	train/batch_acc	0.29629630
768	train/batch_box_iou	0.05827345
768	train/batch_cls_loss	0.39049616
768	train/batch_box_loss	0.01839175
16	train/loss_epoch	2.31838938
16	train/epoch_acc	0.49273398
16	train/epoch_box_iou	0.08386936
16	val/loss	2.36701905
16	val/acc	0.51410422
16	val/box_iou	0.07915134
16	val/mAP	0.00173865
16	val/mAP50_95	0.00025946
16	val/precision	0.00752327
16	val/recall	0.01160180
16	train/early_stop_loss	2.36701905
769	train/loss_step	2.44343257
769	train/lr	0.00030000
769	train/batch_acc	0.42883895
769	train/batch_box_iou	0.06910883
769	train/batch_cls_loss	0.49680468
769	train/batch_box_loss	0.01696910
770	train/loss_step	2.31153488
770	train/lr	0.00030000
770	train/batch_acc	0.53472222
770	train/batch_box_iou	0.07597899
770	train/batch_cls_loss	0.37786365
770	train/batch_box_loss	0.01712587
771	train/loss_step	2.33547258
771	train/lr	0.00030000
771	train/batch_acc	0.48979592
771	train/batch_box_iou	0.06988651
771	train/batch_cls_loss	0.39062130
771	train/batch_box_loss	0.01692487
772	train/loss_step	2.39135385
772	train/lr	0.00030000
772	train/batch_acc	0.38800000
772	train/batch_box_iou	0.08519118
772	train/batch_cls_loss	0.48120746
772	train/batch_box_loss	0.01610574
773	train/loss_step	2.28843832
773	train/lr	0.00030000
773	train/batch_acc	0.53020134
773	train/batch_box_iou	0.08245662
773	train/batch_cls_loss	0.37844807
773	train/batch_box_loss	0.01498067
774	train/loss_step	2.30678892
774	train/lr	0.00030000
774	train/batch_acc	0.49015317
774	train/batch_box_iou	0.09264609
774	train/batch_cls_loss	0.40667111
774	train/batch_box_loss	0.01708199
775	train/loss_step	2.33400726
775	train/lr	0.00030000
775	train/batch_acc	0.58200000
775	train/batch_box_iou	0.07800408
775	train/batch_cls_loss	0.40472585
775	train/batch_box_loss	0.01705791
776	train/loss_step	2.31101465
776	train/lr	0.00030000
776	train/batch_acc	0.49551570
776	train/batch_box_iou	0.08711683
776	train/batch_cls_loss	0.40559798
776	train/batch_box_loss	0.01593006
777	train/loss_step	2.32559252
777	train/lr	0.00030000
777	train/batch_acc	0.49882353
777	train/batch_box_iou	0.07049999
777	train/batch_cls_loss	0.37716752
777	train/batch_box_loss	0.01788501
778	train/loss_step	2.29955697
778	train/lr	0.00030000
778	train/batch_acc	0.51325301
778	train/batch_box_iou	0.08615516
778	train/batch_cls_loss	0.39888626
778	train/batch_box_loss	0.01459621
779	train/loss_step	2.32386637
779	train/lr	0.00030000
779	train/batch_acc	0.48863636
779	train/batch_box_iou	0.09295065
779	train/batch_cls_loss	0.42705718
779	train/batch_box_loss	0.01654212
780	train/loss_step	2.27653527
780	train/lr	0.00030000
780	train/batch_acc	0.54366812
780	train/batch_box_iou	0.08169236
780	train/batch_cls_loss	0.35943323
780	train/batch_box_loss	0.01609735
781	train/loss_step	2.36810136
781	train/lr	0.00030000
781	train/batch_acc	0.51238095
781	train/batch_box_iou	0.07715541
781	train/batch_cls_loss	0.43494970
781	train/batch_box_loss	0.01749250
782	train/loss_step	2.30284119
782	train/lr	0.00030000
782	train/batch_acc	0.47887324
782	train/batch_box_iou	0.08662055
782	train/batch_cls_loss	0.38864964
782	train/batch_box_loss	0.01748654
783	train/loss_step	2.28207707
783	train/lr	0.00030000
783	train/batch_acc	0.55756208
783	train/batch_box_iou	0.08490733
783	train/batch_cls_loss	0.37104714
783	train/batch_box_loss	0.01616894
784	train/loss_step	2.30005312
784	train/lr	0.00030000
784	train/batch_acc	0.51851852
784	train/batch_box_iou	0.09207684
784	train/batch_cls_loss	0.40624040
784	train/batch_box_loss	0.01559330
785	train/loss_step	2.35761166
785	train/lr	0.00030000
785	train/batch_acc	0.46058091
785	train/batch_box_iou	0.08561382
785	train/batch_cls_loss	0.44614947
785	train/batch_box_loss	0.01653800
786	train/loss_step	2.35991001
786	train/lr	0.00030000
786	train/batch_acc	0.46351931
786	train/batch_box_iou	0.06921118
786	train/batch_cls_loss	0.40756455
786	train/batch_box_loss	0.01815356
787	train/loss_step	2.27112174
787	train/lr	0.00030000
787	train/batch_acc	0.53882353
787	train/batch_box_iou	0.08578695
787	train/batch_cls_loss	0.35973686
787	train/batch_box_loss	0.01659174
788	train/loss_step	2.29111385
788	train/lr	0.00030000
788	train/batch_acc	0.47816092
788	train/batch_box_iou	0.09661987
788	train/batch_cls_loss	0.40609330
788	train/batch_box_loss	0.01565204
789	train/loss_step	2.32086086
789	train/lr	0.00030000
789	train/batch_acc	0.49689441
789	train/batch_box_iou	0.11028089
789	train/batch_cls_loss	0.46218473
789	train/batch_box_loss	0.01584759
790	train/loss_step	2.30341744
790	train/lr	0.00030000
790	train/batch_acc	0.53444181
790	train/batch_box_iou	0.07890822
790	train/batch_cls_loss	0.38244641
790	train/batch_box_loss	0.01575747
791	train/loss_step	2.31325459
791	train/lr	0.00030000
791	train/batch_acc	0.51298701
791	train/batch_box_iou	0.08890482
791	train/batch_cls_loss	0.40426278
791	train/batch_box_loss	0.01736027
792	train/loss_step	2.30116415
792	train/lr	0.00030000
792	train/batch_acc	0.50404858
792	train/batch_box_iou	0.10187849
792	train/batch_cls_loss	0.42084026
792	train/batch_box_loss	0.01681617
793	train/loss_step	2.30608416
793	train/lr	0.00030000
793	train/batch_acc	0.52538631
793	train/batch_box_iou	0.08617512
793	train/batch_cls_loss	0.39340588
793	train/batch_box_loss	0.01700572
794	train/loss_step	2.32889223
794	train/lr	0.00030000
794	train/batch_acc	0.53488372
794	train/batch_box_iou	0.07578262
794	train/batch_cls_loss	0.39042884
794	train/batch_box_loss	0.01800570
795	train/loss_step	2.33618546
795	train/lr	0.00030000
795	train/batch_acc	0.48245614
795	train/batch_box_iou	0.07810740
795	train/batch_cls_loss	0.40401712
795	train/batch_box_loss	0.01767663
796	train/loss_step	2.37031841
796	train/lr	0.00030000
796	train/batch_acc	0.46398305
796	train/batch_box_iou	0.06523608
796	train/batch_cls_loss	0.40744799
796	train/batch_box_loss	0.01866850
797	train/loss_step	2.32909751
797	train/lr	0.00030000
797	train/batch_acc	0.45588235
797	train/batch_box_iou	0.09069567
797	train/batch_cls_loss	0.42291683
797	train/batch_box_loss	0.01751441
798	train/loss_step	2.36205006
798	train/lr	0.00030000
798	train/batch_acc	0.43838863
798	train/batch_box_iou	0.06360923
798	train/batch_cls_loss	0.39874053
798	train/batch_box_loss	0.01810561
799	train/loss_step	2.27446795
799	train/lr	0.00030000
799	train/batch_acc	0.52212389
799	train/batch_box_iou	0.09772076
799	train/batch_cls_loss	0.38995898
799	train/batch_box_loss	0.01599009
800	train/loss_step	2.26670814
800	train/lr	0.00030000
800	train/batch_acc	0.48699764
800	train/batch_box_iou	0.08618966
800	train/batch_cls_loss	0.35757709
800	train/batch_box_loss	0.01630207
801	train/loss_step	2.23212314
801	train/lr	0.00030000
801	train/batch_acc	0.53865337
801	train/batch_box_iou	0.08969963
801	train/batch_cls_loss	0.33633858
801	train/batch_box_loss	0.01503675
802	train/loss_step	2.27457952
802	train/lr	0.00030000
802	train/batch_acc	0.49156118
802	train/batch_box_iou	0.09601554
802	train/batch_cls_loss	0.38552845
802	train/batch_box_loss	0.01621645
803	train/loss_step	2.30042672
803	train/lr	0.00030000
803	train/batch_acc	0.38043478
803	train/batch_box_iou	0.08309457
803	train/batch_cls_loss	0.38466263
803	train/batch_box_loss	0.01639066
804	train/loss_step	2.32736683
804	train/lr	0.00030000
804	train/batch_acc	0.47283702
804	train/batch_box_iou	0.09741077
804	train/batch_cls_loss	0.43977404
804	train/batch_box_loss	0.01648289
805	train/loss_step	2.23868847
805	train/lr	0.00030000
805	train/batch_acc	0.49664430
805	train/batch_box_iou	0.09880144
805	train/batch_cls_loss	0.36525151
805	train/batch_box_loss	0.01420797
806	train/loss_step	2.38117409
806	train/lr	0.00030000
806	train/batch_acc	0.43368421
806	train/batch_box_iou	0.07369246
806	train/batch_cls_loss	0.44590372
806	train/batch_box_loss	0.01653105
807	train/loss_step	2.33404994
807	train/lr	0.00030000
807	train/batch_acc	0.47342995
807	train/batch_box_iou	0.07100509
807	train/batch_cls_loss	0.39272267
807	train/batch_box_loss	0.01666751
808	train/loss_step	2.29907846
808	train/lr	0.00030000
808	train/batch_acc	0.54584222
808	train/batch_box_iou	0.08847494
808	train/batch_cls_loss	0.38444948
808	train/batch_box_loss	0.01831579
809	train/loss_step	2.32647514
809	train/lr	0.00030000
809	train/batch_acc	0.52470588
809	train/batch_box_iou	0.07333357
809	train/batch_cls_loss	0.38667652
809	train/batch_box_loss	0.01729313
810	train/loss_step	2.26563215
810	train/lr	0.00030000
810	train/batch_acc	0.51702128
810	train/batch_box_iou	0.10413443
810	train/batch_cls_loss	0.39596432
810	train/batch_box_loss	0.01558733
811	train/loss_step	2.30757356
811	train/lr	0.00030000
811	train/batch_acc	0.50245098
811	train/batch_box_iou	0.07554893
811	train/batch_cls_loss	0.37904084
811	train/batch_box_loss	0.01592612
812	train/loss_step	2.30102491
812	train/lr	0.00030000
812	train/batch_acc	0.43382353
812	train/batch_box_iou	0.08166025
812	train/batch_cls_loss	0.38926059
812	train/batch_box_loss	0.01501699
813	train/loss_step	2.21342611
813	train/lr	0.00030000
813	train/batch_acc	0.54260090
813	train/batch_box_iou	0.12081720
813	train/batch_cls_loss	0.38100433
813	train/batch_box_loss	0.01481124
814	train/loss_step	2.27107859
814	train/lr	0.00030000
814	train/batch_acc	0.51724138
814	train/batch_box_iou	0.09345571
814	train/batch_cls_loss	0.37633920
814	train/batch_box_loss	0.01633015
815	train/loss_step	2.32335520
815	train/lr	0.00030000
815	train/batch_acc	0.52229299
815	train/batch_box_iou	0.08696317
815	train/batch_cls_loss	0.41999424
815	train/batch_box_loss	0.01545746
816	train/loss_step	2.44802046
816	train/lr	0.00030000
816	train/batch_acc	0.34285714
816	train/batch_box_iou	0.05427388
816	train/batch_cls_loss	0.48694000
816	train/batch_box_loss	0.01392566
17	train/loss_epoch	2.31427657
17	train/epoch_acc	0.49642540
17	train/epoch_box_iou	0.08533176
17	val/loss	2.34962006
17	val/acc	0.52734711
17	val/box_iou	0.08304068
17	val/mAP	0.00134541
17	val/mAP50_95	0.00020469
17	val/precision	0.00940803
17	val/recall	0.01474244
17	train/early_stop_loss	2.34962006
817	train/loss_step	2.30909562
817	train/lr	0.00030000
817	train/batch_acc	0.46171694
817	train/batch_box_iou	0.08863878
817	train/batch_cls_loss	0.40520141
817	train/batch_box_loss	0.01623436
818	train/loss_step	2.32954240
818	train/lr	0.00030000
818	train/batch_acc	0.46888889
818	train/batch_box_iou	0.08044861
818	train/batch_cls_loss	0.41365319
818	train/batch_box_loss	0.01535729
819	train/loss_step	2.32608151
819	train/lr	0.00030000
819	train/batch_acc	0.47555556
819	train/batch_box_iou	0.08012704
819	train/batch_cls_loss	0.39876035
819	train/batch_box_loss	0.01751507
820	train/loss_step	2.40280962
820	train/lr	0.00030000
820	train/batch_acc	0.45211581
820	train/batch_box_iou	0.05660627
820	train/batch_cls_loss	0.41806966
820	train/batch_box_loss	0.01959053
821	train/loss_step	2.23374987
821	train/lr	0.00030000
821	train/batch_acc	0.47685185
821	train/batch_box_iou	0.11226153
821	train/batch_cls_loss	0.38269687
821	train/batch_box_loss	0.01511520
822	train/loss_step	2.27583790
822	train/lr	0.00030000
822	train/batch_acc	0.54361055
822	train/batch_box_iou	0.09872162
822	train/batch_cls_loss	0.39006218
822	train/batch_box_loss	0.01664380
823	train/loss_step	2.33195901
823	train/lr	0.00030000
823	train/batch_acc	0.50697674
823	train/batch_box_iou	0.07441237
823	train/batch_cls_loss	0.39975470
823	train/batch_box_loss	0.01620581
824	train/loss_step	2.29008317
824	train/lr	0.00030000
824	train/batch_acc	0.45368171
824	train/batch_box_iou	0.09764643
824	train/batch_cls_loss	0.40922493
824	train/batch_box_loss	0.01523023
825	train/loss_step	2.32594419
825	train/lr	0.00030000
825	train/batch_acc	0.45533769
825	train/batch_box_iou	0.08700249
825	train/batch_cls_loss	0.42339513
825	train/batch_box_loss	0.01531082
826	train/loss_step	2.27520466
826	train/lr	0.00030000
826	train/batch_acc	0.54347826
826	train/batch_box_iou	0.09327909
826	train/batch_cls_loss	0.38256755
826	train/batch_box_loss	0.01583905
827	train/loss_step	2.23817301
827	train/lr	0.00030000
827	train/batch_acc	0.59368836
827	train/batch_box_iou	0.11286701
827	train/batch_cls_loss	0.38609099
827	train/batch_box_loss	0.01556319
828	train/loss_step	2.25778675
828	train/lr	0.00030000
828	train/batch_acc	0.52697095
828	train/batch_box_iou	0.10224117
828	train/batch_cls_loss	0.38432223
828	train/batch_box_loss	0.01558937
829	train/loss_step	2.30090594
829	train/lr	0.00030000
829	train/batch_acc	0.50247525
829	train/batch_box_iou	0.07844331
829	train/batch_cls_loss	0.37342650
829	train/batch_box_loss	0.01687321
830	train/loss_step	2.35496831
830	train/lr	0.00030000
830	train/batch_acc	0.48865979
830	train/batch_box_iou	0.08999283
830	train/batch_cls_loss	0.44952190
830	train/batch_box_loss	0.01708641
831	train/loss_step	2.39556813
831	train/lr	0.00030000
831	train/batch_acc	0.49448124
831	train/batch_box_iou	0.05899915
831	train/batch_cls_loss	0.42598361
831	train/batch_box_loss	0.01751659
832	train/loss_step	2.27955055
832	train/lr	0.00030000
832	train/batch_acc	0.50000000
832	train/batch_box_iou	0.09729006
832	train/batch_cls_loss	0.39142677
832	train/batch_box_loss	0.01654079
833	train/loss_step	2.21212745
833	train/lr	0.00030000
833	train/batch_acc	0.56703297
833	train/batch_box_iou	0.11082529
833	train/batch_cls_loss	0.35722327
833	train/batch_box_loss	0.01531094
834	train/loss_step	2.32418871
834	train/lr	0.00030000
834	train/batch_acc	0.46623094
834	train/batch_box_iou	0.08251783
834	train/batch_cls_loss	0.40394205
834	train/batch_box_loss	0.01705650
835	train/loss_step	2.27179384
835	train/lr	0.00030000
835	train/batch_acc	0.50233645
835	train/batch_box_iou	0.09363715
835	train/batch_cls_loss	0.37707520
835	train/batch_box_loss	0.01639858
836	train/loss_step	2.35978532
836	train/lr	0.00030000
836	train/batch_acc	0.53846154
836	train/batch_box_iou	0.06134765
836	train/batch_cls_loss	0.39640334
836	train/batch_box_loss	0.01721547
837	train/loss_step	2.21598125
837	train/lr	0.00030000
837	train/batch_acc	0.54585153
837	train/batch_box_iou	0.11838803
837	train/batch_cls_loss	0.37650570
837	train/batch_box_loss	0.01525034
838	train/loss_step	2.31892991
838	train/lr	0.00030000
838	train/batch_acc	0.50112867
838	train/batch_box_iou	0.07093170
838	train/batch_cls_loss	0.37550864
838	train/batch_box_loss	0.01705691
839	train/loss_step	2.31250381
839	train/lr	0.00030000
839	train/batch_acc	0.42713568
839	train/batch_box_iou	0.07903093
839	train/batch_cls_loss	0.37932295
839	train/batch_box_loss	0.01824854
840	train/loss_step	2.23256993
840	train/lr	0.00030000
840	train/batch_acc	0.54285714
840	train/batch_box_iou	0.11877654
840	train/batch_cls_loss	0.39583999
840	train/batch_box_loss	0.01485661
841	train/loss_step	2.28972960
841	train/lr	0.00030000
841	train/batch_acc	0.47405660
841	train/batch_box_iou	0.08586289
841	train/batch_cls_loss	0.38405710
841	train/batch_box_loss	0.01547964
842	train/loss_step	2.24844742
842	train/lr	0.00030000
842	train/batch_acc	0.47642680
842	train/batch_box_iou	0.09229583
842	train/batch_cls_loss	0.35302424
842	train/batch_box_loss	0.01600294
843	train/loss_step	2.26841664
843	train/lr	0.00030000
843	train/batch_acc	0.50925926
843	train/batch_box_iou	0.09691834
843	train/batch_cls_loss	0.38158584
843	train/batch_box_loss	0.01613351
844	train/loss_step	2.32771754
844	train/lr	0.00030000
844	train/batch_acc	0.45964126
844	train/batch_box_iou	0.09103863
844	train/batch_cls_loss	0.43223339
844	train/batch_box_loss	0.01551230
845	train/loss_step	2.32550597
845	train/lr	0.00030000
845	train/batch_acc	0.39686099
845	train/batch_box_iou	0.08618522
845	train/batch_cls_loss	0.41363856
845	train/batch_box_loss	0.01684758
846	train/loss_step	2.29355264
846	train/lr	0.00030000
846	train/batch_acc	0.50473934
846	train/batch_box_iou	0.07899597
846	train/batch_cls_loss	0.36756411
846	train/batch_box_loss	0.01679607
847	train/loss_step	2.32095528
847	train/lr	0.00030000
847	train/batch_acc	0.43841336
847	train/batch_box_iou	0.08606131
847	train/batch_cls_loss	0.41163042
847	train/batch_box_loss	0.01628947
848	train/loss_step	2.29501915
848	train/lr	0.00030000
848	train/batch_acc	0.50939457
848	train/batch_box_iou	0.10627612
848	train/batch_cls_loss	0.43366963
848	train/batch_box_loss	0.01478034
849	train/loss_step	2.28967333
849	train/lr	0.00030000
849	train/batch_acc	0.55291577
849	train/batch_box_iou	0.08615384
849	train/batch_cls_loss	0.38142496
849	train/batch_box_loss	0.01611124
850	train/loss_step	2.36299157
850	train/lr	0.00030000
850	train/batch_acc	0.43832599
850	train/batch_box_iou	0.06912132
850	train/batch_cls_loss	0.42185485
850	train/batch_box_loss	0.01587588
851	train/loss_step	2.33825135
851	train/lr	0.00030000
851	train/batch_acc	0.51148225
851	train/batch_box_iou	0.07581730
851	train/batch_cls_loss	0.41165191
851	train/batch_box_loss	0.01564682
852	train/loss_step	2.32899618
852	train/lr	0.00030000
852	train/batch_acc	0.45102506
852	train/batch_box_iou	0.08804737
852	train/batch_cls_loss	0.42216823
852	train/batch_box_loss	0.01658457
853	train/loss_step	2.34702682
853	train/lr	0.00030000
853	train/batch_acc	0.50000000
853	train/batch_box_iou	0.08399584
853	train/batch_cls_loss	0.43078530
853	train/batch_box_loss	0.01684663
854	train/loss_step	2.29275179
854	train/lr	0.00030000
854	train/batch_acc	0.56470588
854	train/batch_box_iou	0.09628086
854	train/batch_cls_loss	0.40693665
854	train/batch_box_loss	0.01567539
855	train/loss_step	2.28563237
855	train/lr	0.00030000
855	train/batch_acc	0.51598174
855	train/batch_box_iou	0.08897197
855	train/batch_cls_loss	0.38699755
855	train/batch_box_loss	0.01531574
856	train/loss_step	2.37242126
856	train/lr	0.00030000
856	train/batch_acc	0.47629310
856	train/batch_box_iou	0.06602965
856	train/batch_cls_loss	0.41983187
856	train/batch_box_loss	0.01692973
857	train/loss_step	2.31596160
857	train/lr	0.00030000
857	train/batch_acc	0.56196581
857	train/batch_box_iou	0.07796603
857	train/batch_cls_loss	0.38130078
857	train/batch_box_loss	0.01811857
858	train/loss_step	2.35344219
858	train/lr	0.00030000
858	train/batch_acc	0.52674897
858	train/batch_box_iou	0.07659195
858	train/batch_cls_loss	0.42107302
858	train/batch_box_loss	0.01711062
859	train/loss_step	2.29131651
859	train/lr	0.00030000
859	train/batch_acc	0.53363229
859	train/batch_box_iou	0.08700422
859	train/batch_cls_loss	0.37938470
859	train/batch_box_loss	0.01718808
860	train/loss_step	2.35641766
860	train/lr	0.00030000
860	train/batch_acc	0.55042017
860	train/batch_box_iou	0.06310729
860	train/batch_cls_loss	0.39231557
860	train/batch_box_loss	0.01806336
861	train/loss_step	2.30941296
861	train/lr	0.00030000
861	train/batch_acc	0.47250509
861	train/batch_box_iou	0.09821878
861	train/batch_cls_loss	0.41884997
861	train/batch_box_loss	0.01740010
862	train/loss_step	2.29289603
862	train/lr	0.00030000
862	train/batch_acc	0.47328244
862	train/batch_box_iou	0.08116056
862	train/batch_cls_loss	0.37467754
862	train/batch_box_loss	0.01610792
863	train/loss_step	2.32460928
863	train/lr	0.00030000
863	train/batch_acc	0.51696607
863	train/batch_box_iou	0.07839090
863	train/batch_cls_loss	0.39631420
863	train/batch_box_loss	0.01701540
864	train/loss_step	2.16123724
864	train/lr	0.00030000
864	train/batch_acc	0.41666667
864	train/batch_box_iou	0.15508930
864	train/batch_cls_loss	0.40376803
864	train/batch_box_loss	0.01352955
18	train/loss_epoch	2.30637986
18	train/epoch_acc	0.49997664
18	train/epoch_box_iou	0.08724060
18	val/loss	2.36465502
18	val/acc	0.50882860
18	val/box_iou	0.08205010
18	val/mAP	0.00236890
18	val/mAP50_95	0.00039022
18	val/precision	0.01195923
18	val/recall	0.01584820
18	train/early_stop_loss	2.36465502
865	train/loss_step	2.34045982
865	train/lr	0.00030000
865	train/batch_acc	0.46153846
865	train/batch_box_iou	0.08716760
865	train/batch_cls_loss	0.43207639
865	train/batch_box_loss	0.01654376
866	train/loss_step	2.24092746
866	train/lr	0.00030000
866	train/batch_acc	0.57792208
866	train/batch_box_iou	0.10561549
866	train/batch_cls_loss	0.37027073
866	train/batch_box_loss	0.01637753
867	train/loss_step	2.28977299
867	train/lr	0.00030000
867	train/batch_acc	0.49206349
867	train/batch_box_iou	0.11564744
867	train/batch_cls_loss	0.44368115
867	train/batch_box_loss	0.01547732
868	train/loss_step	2.27943039
868	train/lr	0.00030000
868	train/batch_acc	0.52572707
868	train/batch_box_iou	0.08607469
868	train/batch_cls_loss	0.36366761
868	train/batch_box_loss	0.01758242
869	train/loss_step	2.27090526
869	train/lr	0.00030000
869	train/batch_acc	0.53385417
869	train/batch_box_iou	0.08401169
869	train/batch_cls_loss	0.35560709
869	train/batch_box_loss	0.01666430
870	train/loss_step	2.30717826
870	train/lr	0.00030000
870	train/batch_acc	0.54603854
870	train/batch_box_iou	0.08622818
870	train/batch_cls_loss	0.39889163
870	train/batch_box_loss	0.01614861
871	train/loss_step	2.32483768
871	train/lr	0.00030000
871	train/batch_acc	0.46428571
871	train/batch_box_iou	0.10139940
871	train/batch_cls_loss	0.44953227
871	train/batch_box_loss	0.01562088
872	train/loss_step	2.27699327
872	train/lr	0.00030000
872	train/batch_acc	0.50847458
872	train/batch_box_iou	0.08214021
872	train/batch_cls_loss	0.36224294
872	train/batch_box_loss	0.01580613
873	train/loss_step	2.33477736
873	train/lr	0.00030000
873	train/batch_acc	0.49090909
873	train/batch_box_iou	0.08098190
873	train/batch_cls_loss	0.41670501
873	train/batch_box_loss	0.01600721
874	train/loss_step	2.25181603
874	train/lr	0.00030000
874	train/batch_acc	0.46564885
874	train/batch_box_iou	0.10310917
874	train/batch_cls_loss	0.37690723
874	train/batch_box_loss	0.01622545
875	train/loss_step	2.32901573
875	train/lr	0.00030000
875	train/batch_acc	0.47710843
875	train/batch_box_iou	0.07799785
875	train/batch_cls_loss	0.40233624
875	train/batch_box_loss	0.01653504
876	train/loss_step	2.29640150
876	train/lr	0.00030000
876	train/batch_acc	0.45012788
876	train/batch_box_iou	0.08882311
876	train/batch_cls_loss	0.39764684
876	train/batch_box_loss	0.01528015
877	train/loss_step	2.29063010
877	train/lr	0.00030000
877	train/batch_acc	0.40000000
877	train/batch_box_iou	0.08182327
877	train/batch_cls_loss	0.38085669
877	train/batch_box_loss	0.01468400
878	train/loss_step	2.31445026
878	train/lr	0.00030000
878	train/batch_acc	0.51515152
878	train/batch_box_iou	0.06827468
878	train/batch_cls_loss	0.36804670
878	train/batch_box_loss	0.01659056
879	train/loss_step	2.29249549
879	train/lr	0.00030000
879	train/batch_acc	0.42144638
879	train/batch_box_iou	0.09434044
879	train/batch_cls_loss	0.41305217
879	train/batch_box_loss	0.01362484
880	train/loss_step	2.33517027
880	train/lr	0.00030000
880	train/batch_acc	0.58007812
880	train/batch_box_iou	0.06740160
880	train/batch_cls_loss	0.37876201
880	train/batch_box_loss	0.01824229
881	train/loss_step	2.30905819
881	train/lr	0.00030000
881	train/batch_acc	0.47925311
881	train/batch_box_iou	0.09015189
881	train/batch_cls_loss	0.40895194
881	train/batch_box_loss	0.01608202
882	train/loss_step	2.29498100
882	train/lr	0.00030000
882	train/batch_acc	0.44913151
882	train/batch_box_iou	0.08508941
882	train/batch_cls_loss	0.38789618
882	train/batch_box_loss	0.01545270
883	train/loss_step	2.32205343
883	train/lr	0.00030000
883	train/batch_acc	0.55681818
883	train/batch_box_iou	0.07492504
883	train/batch_cls_loss	0.38419986
883	train/batch_box_loss	0.01754077
884	train/loss_step	2.27348208
884	train/lr	0.00030000
884	train/batch_acc	0.56036446
884	train/batch_box_iou	0.09007829
884	train/batch_cls_loss	0.37391350
884	train/batch_box_loss	0.01594503
885	train/loss_step	2.31962752
885	train/lr	0.00030000
885	train/batch_acc	0.49015317
885	train/batch_box_iou	0.08991602
885	train/batch_cls_loss	0.41908857
885	train/batch_box_loss	0.01607420
886	train/loss_step	2.30429935
886	train/lr	0.00030000
886	train/batch_acc	0.45614035
886	train/batch_box_iou	0.10133366
886	train/batch_cls_loss	0.42386991
886	train/batch_box_loss	0.01661935
887	train/loss_step	2.20552158
887	train/lr	0.00030000
887	train/batch_acc	0.49343832
887	train/batch_box_iou	0.10724337
887	train/batch_cls_loss	0.34827089
887	train/batch_box_loss	0.01434750
888	train/loss_step	2.35696650
888	train/lr	0.00030000
888	train/batch_acc	0.47128713
888	train/batch_box_iou	0.07932933
888	train/batch_cls_loss	0.44023949
888	train/batch_box_loss	0.01507710
889	train/loss_step	2.26276517
889	train/lr	0.00030000
889	train/batch_acc	0.59200000
889	train/batch_box_iou	0.10931830
889	train/batch_cls_loss	0.40242258
889	train/batch_box_loss	0.01579586
890	train/loss_step	2.32754302
890	train/lr	0.00030000
890	train/batch_acc	0.45656566
890	train/batch_box_iou	0.09163868
890	train/batch_cls_loss	0.42893270
890	train/batch_box_loss	0.01637752
891	train/loss_step	2.34597898
891	train/lr	0.00030000
891	train/batch_acc	0.50206612
891	train/batch_box_iou	0.07556389
891	train/batch_cls_loss	0.41022921
891	train/batch_box_loss	0.01737550
892	train/loss_step	2.32704115
892	train/lr	0.00030000
892	train/batch_acc	0.55280899
892	train/batch_box_iou	0.07659660
892	train/batch_cls_loss	0.40150934
892	train/batch_box_loss	0.01574498
893	train/loss_step	2.31839752
893	train/lr	0.00030000
893	train/batch_acc	0.51982379
893	train/batch_box_iou	0.08337533
893	train/batch_cls_loss	0.40163058
893	train/batch_box_loss	0.01670354
894	train/loss_step	2.40019917
894	train/lr	0.00030000
894	train/batch_acc	0.43750000
894	train/batch_box_iou	0.07150935
894	train/batch_cls_loss	0.46536699
894	train/batch_box_loss	0.01557017
895	train/loss_step	2.28594255
895	train/lr	0.00030000
895	train/batch_acc	0.52291667
895	train/batch_box_iou	0.09429198
895	train/batch_cls_loss	0.39093116
895	train/batch_box_loss	0.01671907
896	train/loss_step	2.36079288
896	train/lr	0.00030000
896	train/batch_acc	0.47216036
896	train/batch_box_iou	0.07132149
896	train/batch_cls_loss	0.42376086
896	train/batch_box_loss	0.01593499
897	train/loss_step	2.25855350
897	train/lr	0.00030000
897	train/batch_acc	0.54065934
897	train/batch_box_iou	0.09208389
897	train/batch_cls_loss	0.37004530
897	train/batch_box_loss	0.01453521
898	train/loss_step	2.24535036
898	train/lr	0.00030000
898	train/batch_acc	0.55604396
898	train/batch_box_iou	0.09574922
898	train/batch_cls_loss	0.35887751
898	train/batch_box_loss	0.01559425
899	train/loss_step	2.26029515
899	train/lr	0.00030000
899	train/batch_acc	0.48820755
899	train/batch_box_iou	0.09500743
899	train/batch_cls_loss	0.37306893
899	train/batch_box_loss	0.01544822
900	train/loss_step	2.29261780
900	train/lr	0.00030000
900	train/batch_acc	0.41646489
900	train/batch_box_iou	0.09423865
900	train/batch_cls_loss	0.40897647
900	train/batch_box_loss	0.01442371
901	train/loss_step	2.28803873
901	train/lr	0.00030000
901	train/batch_acc	0.52121212
901	train/batch_box_iou	0.08764354
901	train/batch_cls_loss	0.38712093
901	train/batch_box_loss	0.01524097
902	train/loss_step	2.34537649
902	train/lr	0.00030000
902	train/batch_acc	0.45351474
902	train/batch_box_iou	0.07646015
902	train/batch_cls_loss	0.40657723
902	train/batch_box_loss	0.01834390
903	train/loss_step	2.34045124
903	train/lr	0.00030000
903	train/batch_acc	0.50321199
903	train/batch_box_iou	0.07667409
903	train/batch_cls_loss	0.39993092
903	train/batch_box_loss	0.01877370
904	train/loss_step	2.31444883
904	train/lr	0.00030000
904	train/batch_acc	0.47460938
904	train/batch_box_iou	0.09718600
904	train/batch_cls_loss	0.42112541
904	train/batch_box_loss	0.01753909
905	train/loss_step	2.34501195
905	train/lr	0.00030000
905	train/batch_acc	0.56201550
905	train/batch_box_iou	0.08103521
905	train/batch_cls_loss	0.41550538
905	train/batch_box_loss	0.01831539
906	train/loss_step	2.36597252
906	train/lr	0.00030000
906	train/batch_acc	0.42592593
906	train/batch_box_iou	0.06780688
906	train/batch_cls_loss	0.41950387
906	train/batch_box_loss	0.01641651
907	train/loss_step	2.24205184
907	train/lr	0.00030000
907	train/batch_acc	0.54216867
907	train/batch_box_iou	0.11909267
907	train/batch_cls_loss	0.40348190
907	train/batch_box_loss	0.01535105
908	train/loss_step	2.29781961
908	train/lr	0.00030000
908	train/batch_acc	0.53777778
908	train/batch_box_iou	0.08548473
908	train/batch_cls_loss	0.38803840
908	train/batch_box_loss	0.01615016
909	train/loss_step	2.33473039
909	train/lr	0.00030000
909	train/batch_acc	0.43708609
909	train/batch_box_iou	0.08617874
909	train/batch_cls_loss	0.42784822
909	train/batch_box_loss	0.01584791
910	train/loss_step	2.30622554
910	train/lr	0.00030000
910	train/batch_acc	0.54175153
910	train/batch_box_iou	0.09049670
910	train/batch_cls_loss	0.40778053
910	train/batch_box_loss	0.01588769
911	train/loss_step	2.36763620
911	train/lr	0.00030000
911	train/batch_acc	0.51397849
911	train/batch_box_iou	0.06512891
911	train/batch_cls_loss	0.41148597
911	train/batch_box_loss	0.01728162
912	train/loss_step	2.47642469
912	train/lr	0.00030000
912	train/batch_acc	0.28125000
912	train/batch_box_iou	0.09482679
912	train/batch_cls_loss	0.61253041
912	train/batch_box_loss	0.01070957
19	train/loss_epoch	2.30770398
19	train/epoch_acc	0.49983646
19	train/epoch_box_iou	0.08758495
19	val/loss	2.36374310
19	val/acc	0.52713178
19	val/box_iou	0.08296938
19	val/mAP	0.00222166
19	val/mAP50_95	0.00036504
19	val/precision	0.01270104
19	val/recall	0.01717643
19	train/early_stop_loss	2.36374310
913	train/loss_step	2.32052684
913	train/lr	0.00030000
913	train/batch_acc	0.51658768
913	train/batch_box_iou	0.07878443
913	train/batch_cls_loss	0.39026636
913	train/batch_box_loss	0.01756586
914	train/loss_step	2.25138974
914	train/lr	0.00030000
914	train/batch_acc	0.50107066
914	train/batch_box_iou	0.10304074
914	train/batch_cls_loss	0.38162595
914	train/batch_box_loss	0.01516906
915	train/loss_step	2.26802468
915	train/lr	0.00030000
915	train/batch_acc	0.51494253
915	train/batch_box_iou	0.10179795
915	train/batch_cls_loss	0.38485056
915	train/batch_box_loss	0.01735400
916	train/loss_step	2.30237556
916	train/lr	0.00030000
916	train/batch_acc	0.45833333
916	train/batch_box_iou	0.09182684
916	train/batch_cls_loss	0.40131497
916	train/batch_box_loss	0.01694287
917	train/loss_step	2.38782740
917	train/lr	0.00030000
917	train/batch_acc	0.48066298
917	train/batch_box_iou	0.07351225
917	train/batch_cls_loss	0.44088727
917	train/batch_box_loss	0.01879291
918	train/loss_step	2.32237315
918	train/lr	0.00030000
918	train/batch_acc	0.53952569
918	train/batch_box_iou	0.08725242
918	train/batch_cls_loss	0.40956008
918	train/batch_box_loss	0.01746360
919	train/loss_step	2.33336067
919	train/lr	0.00030000
919	train/batch_acc	0.50401606
919	train/batch_box_iou	0.08833091
919	train/batch_cls_loss	0.42531845
919	train/batch_box_loss	0.01694080
920	train/loss_step	2.28028584
920	train/lr	0.00030000
920	train/batch_acc	0.51939655
920	train/batch_box_iou	0.10039136
920	train/batch_cls_loss	0.39534682
920	train/batch_box_loss	0.01714436
921	train/loss_step	2.30628586
921	train/lr	0.00030000
921	train/batch_acc	0.54233871
921	train/batch_box_iou	0.08558699
921	train/batch_cls_loss	0.40204656
921	train/batch_box_loss	0.01508266
922	train/loss_step	2.32332706
922	train/lr	0.00030000
922	train/batch_acc	0.45498783
922	train/batch_box_iou	0.08125868
922	train/batch_cls_loss	0.40007192
922	train/batch_box_loss	0.01715447
923	train/loss_step	2.35987473
923	train/lr	0.00030000
923	train/batch_acc	0.42888403
923	train/batch_box_iou	0.07773023
923	train/batch_cls_loss	0.43240219
923	train/batch_box_loss	0.01658663
924	train/loss_step	2.27779484
924	train/lr	0.00030000
924	train/batch_acc	0.54545455
924	train/batch_box_iou	0.09606290
924	train/batch_cls_loss	0.39123762
924	train/batch_box_loss	0.01573658
925	train/loss_step	2.36245465
925	train/lr	0.00030000
925	train/batch_acc	0.41684211
925	train/batch_box_iou	0.08099896
925	train/batch_cls_loss	0.44065708
925	train/batch_box_loss	0.01675908
926	train/loss_step	2.32275105
926	train/lr	0.00030000
926	train/batch_acc	0.46475771
926	train/batch_box_iou	0.08261379
926	train/batch_cls_loss	0.41263008
926	train/batch_box_loss	0.01506973
927	train/loss_step	2.30547976
927	train/lr	0.00030000
927	train/batch_acc	0.52642706
927	train/batch_box_iou	0.08431587
927	train/batch_cls_loss	0.38431877
927	train/batch_box_loss	0.01795856
928	train/loss_step	2.38062692
928	train/lr	0.00030000
928	train/batch_acc	0.51351351
928	train/batch_box_iou	0.07026086
928	train/batch_cls_loss	0.42651510
928	train/batch_box_loss	0.01892671
929	train/loss_step	2.30575609
929	train/lr	0.00030000
929	train/batch_acc	0.51975052
929	train/batch_box_iou	0.09831922
929	train/batch_cls_loss	0.42079878
929	train/batch_box_loss	0.01631913
930	train/loss_step	2.29694414
930	train/lr	0.00030000
930	train/batch_acc	0.43672457
930	train/batch_box_iou	0.08682856
930	train/batch_cls_loss	0.39105874
930	train/batch_box_loss	0.01590852
931	train/loss_step	2.28793406
931	train/lr	0.00030000
931	train/batch_acc	0.51592357
931	train/batch_box_iou	0.09245203
931	train/batch_cls_loss	0.38808447
931	train/batch_box_loss	0.01695075
932	train/loss_step	2.37143755
932	train/lr	0.00030000
932	train/batch_acc	0.43809524
932	train/batch_box_iou	0.06372763
932	train/batch_cls_loss	0.41784787
932	train/batch_box_loss	0.01620897
933	train/loss_step	2.28168344
933	train/lr	0.00030000
933	train/batch_acc	0.50116550
933	train/batch_box_iou	0.09644370
933	train/batch_cls_loss	0.38803869
933	train/batch_box_loss	0.01730642
934	train/loss_step	2.28215742
934	train/lr	0.00030000
934	train/batch_acc	0.53664303
934	train/batch_box_iou	0.08366489
934	train/batch_cls_loss	0.37366962
934	train/batch_box_loss	0.01516349
935	train/loss_step	2.31882262
935	train/lr	0.00030000
935	train/batch_acc	0.53728070
935	train/batch_box_iou	0.06725673
935	train/batch_cls_loss	0.36450085
935	train/batch_box_loss	0.01776704
936	train/loss_step	2.33808398
936	train/lr	0.00030000
936	train/batch_acc	0.45473684
936	train/batch_box_iou	0.08807519
936	train/batch_cls_loss	0.42558408
936	train/batch_box_loss	0.01773004
937	train/loss_step	2.33262992
937	train/lr	0.00030000
937	train/batch_acc	0.49678801
937	train/batch_box_iou	0.07274770
937	train/batch_cls_loss	0.39640510
937	train/batch_box_loss	0.01634404
938	train/loss_step	2.22466898
938	train/lr	0.00030000
938	train/batch_acc	0.53589744
938	train/batch_box_iou	0.09679040
938	train/batch_cls_loss	0.34871525
938	train/batch_box_loss	0.01390692
939	train/loss_step	2.30351639
939	train/lr	0.00030000
939	train/batch_acc	0.45610687
939	train/batch_box_iou	0.11494122
939	train/batch_cls_loss	0.44965464
939	train/batch_box_loss	0.01674887
940	train/loss_step	2.33267164
940	train/lr	0.00030000
940	train/batch_acc	0.48553719
940	train/batch_box_iou	0.08152555
940	train/batch_cls_loss	0.41401166
940	train/batch_box_loss	0.01634220
941	train/loss_step	2.34927654
941	train/lr	0.00030000
941	train/batch_acc	0.43867925
941	train/batch_box_iou	0.07438753
941	train/batch_cls_loss	0.42407382
941	train/batch_box_loss	0.01479559
942	train/loss_step	2.28424907
942	train/lr	0.00030000
942	train/batch_acc	0.58153242
942	train/batch_box_iou	0.09078252
942	train/batch_cls_loss	0.37355042
942	train/batch_box_loss	0.01845275
943	train/loss_step	2.32019949
943	train/lr	0.00030000
943	train/batch_acc	0.52016985
943	train/batch_box_iou	0.07285489
943	train/batch_cls_loss	0.38904586
943	train/batch_box_loss	0.01537269
944	train/loss_step	2.31491971
944	train/lr	0.00030000
944	train/batch_acc	0.48545861
944	train/batch_box_iou	0.09064133
944	train/batch_cls_loss	0.40054071
944	train/batch_box_loss	0.01913234
945	train/loss_step	2.30639195
945	train/lr	0.00030000
945	train/batch_acc	0.52900232
945	train/batch_box_iou	0.07416204
945	train/batch_cls_loss	0.37471342
945	train/batch_box_loss	0.01600052
946	train/loss_step	2.26001239
946	train/lr	0.00030000
946	train/batch_acc	0.48803828
946	train/batch_box_iou	0.09385256
946	train/batch_cls_loss	0.36485499
946	train/batch_box_loss	0.01657253
947	train/loss_step	2.29533410
947	train/lr	0.00030000
947	train/batch_acc	0.46336207
947	train/batch_box_iou	0.09604812
947	train/batch_cls_loss	0.41063252
947	train/batch_box_loss	0.01535956
948	train/loss_step	2.27118301
948	train/lr	0.00030000
948	train/batch_acc	0.51918736
948	train/batch_box_iou	0.08826224
948	train/batch_cls_loss	0.36311087
948	train/batch_box_loss	0.01691934
949	train/loss_step	2.21599078
949	train/lr	0.00030000
949	train/batch_acc	0.48872180
949	train/batch_box_iou	0.11520237
949	train/batch_cls_loss	0.37063950
949	train/batch_box_loss	0.01515120
950	train/loss_step	2.29561996
950	train/lr	0.00030000
950	train/batch_acc	0.53653445
950	train/batch_box_iou	0.08835986
950	train/batch_cls_loss	0.39629167
950	train/batch_box_loss	0.01520961
951	train/loss_step	2.26434994
951	train/lr	0.00030000
951	train/batch_acc	0.47494553
951	train/batch_box_iou	0.10021156
951	train/batch_cls_loss	0.38881016
951	train/batch_box_loss	0.01519260
952	train/loss_step	2.29488802
952	train/lr	0.00030000
952	train/batch_acc	0.46726862
952	train/batch_box_iou	0.09332794
952	train/batch_cls_loss	0.40833333
952	train/batch_box_loss	0.01464212
953	train/loss_step	2.33690739
953	train/lr	0.00030000
953	train/batch_acc	0.45119306
953	train/batch_box_iou	0.07449483
953	train/batch_cls_loss	0.40580851
953	train/batch_box_loss	0.01601772
954	train/loss_step	2.23653793
954	train/lr	0.00030000
954	train/batch_acc	0.53676471
954	train/batch_box_iou	0.09520922
954	train/batch_cls_loss	0.35111409
954	train/batch_box_loss	0.01516844
955	train/loss_step	2.27079511
955	train/lr	0.00030000
955	train/batch_acc	0.55156951
955	train/batch_box_iou	0.09162717
955	train/batch_cls_loss	0.37472576
955	train/batch_box_loss	0.01586474
956	train/loss_step	2.31128097
956	train/lr	0.00030000
956	train/batch_acc	0.43207127
956	train/batch_box_iou	0.08509400
956	train/batch_cls_loss	0.39975971
956	train/batch_box_loss	0.01634185
957	train/loss_step	2.34886765
957	train/lr	0.00030000
957	train/batch_acc	0.49382716
957	train/batch_box_iou	0.08374044
957	train/batch_cls_loss	0.43829986
957	train/batch_box_loss	0.01560972
958	train/loss_step	2.31017303
958	train/lr	0.00030000
958	train/batch_acc	0.51881188
958	train/batch_box_iou	0.09868135
958	train/batch_cls_loss	0.42435390
958	train/batch_box_loss	0.01663633
959	train/loss_step	2.21446609
959	train/lr	0.00030000
959	train/batch_acc	0.48275862
959	train/batch_box_iou	0.10142459
959	train/batch_cls_loss	0.34540135
959	train/batch_box_loss	0.01438277
960	train/loss_step	2.34931898
960	train/lr	0.00030000
960	train/batch_acc	0.29032258
960	train/batch_box_iou	0.07631437
960	train/batch_cls_loss	0.43175116
960	train/batch_box_loss	0.01403930
20	train/loss_epoch	2.30553775
20	train/epoch_acc	0.49605159
20	train/epoch_box_iou	0.08787897
20	val/loss	2.37635594
20	val/acc	0.51313523
20	val/box_iou	0.08303272
20	val/mAP	0.00164495
20	val/mAP50_95	0.00027306
20	val/precision	0.00741208
20	val/recall	0.01279861
20	train/early_stop_loss	2.37635594
961	train/loss_step	2.27031779
961	train/lr	0.00030000
961	train/batch_acc	0.52400835
961	train/batch_box_iou	0.08947366
961	train/batch_cls_loss	0.37091461
961	train/batch_box_loss	0.01567009
962	train/loss_step	2.27165055
962	train/lr	0.00030000
962	train/batch_acc	0.50448430
962	train/batch_box_iou	0.09427662
962	train/batch_cls_loss	0.38473052
962	train/batch_box_loss	0.01509466
963	train/loss_step	2.28797197
963	train/lr	0.00030000
963	train/batch_acc	0.49406176
963	train/batch_box_iou	0.08386666
963	train/batch_cls_loss	0.37314856
963	train/batch_box_loss	0.01651134
964	train/loss_step	2.28908253
964	train/lr	0.00030000
964	train/batch_acc	0.49318182
964	train/batch_box_iou	0.09719212
964	train/batch_cls_loss	0.40473932
964	train/batch_box_loss	0.01574549
965	train/loss_step	2.29187584
965	train/lr	0.00030000
965	train/batch_acc	0.50454545
965	train/batch_box_iou	0.09535122
965	train/batch_cls_loss	0.40150654
965	train/batch_box_loss	0.01621433
966	train/loss_step	2.28002214
966	train/lr	0.00030000
966	train/batch_acc	0.45911950
966	train/batch_box_iou	0.10963927
966	train/batch_cls_loss	0.42741042
966	train/batch_box_loss	0.01437808
967	train/loss_step	2.23572111
967	train/lr	0.00030000
967	train/batch_acc	0.53808354
967	train/batch_box_iou	0.09605634
967	train/batch_cls_loss	0.35950810
967	train/batch_box_loss	0.01366517
968	train/loss_step	2.26368332
968	train/lr	0.00030000
968	train/batch_acc	0.48243560
968	train/batch_box_iou	0.10285234
968	train/batch_cls_loss	0.38517380
968	train/batch_box_loss	0.01684282
969	train/loss_step	2.29137683
969	train/lr	0.00030000
969	train/batch_acc	0.54525386
969	train/batch_box_iou	0.09264214
969	train/batch_cls_loss	0.39918861
969	train/batch_box_loss	0.01549451
970	train/loss_step	2.28291106
970	train/lr	0.00030000
970	train/batch_acc	0.52184466
970	train/batch_box_iou	0.08515549
970	train/batch_cls_loss	0.37541726
970	train/batch_box_loss	0.01556096
971	train/loss_step	2.27118158
971	train/lr	0.00030000
971	train/batch_acc	0.51415094
971	train/batch_box_iou	0.09073228
971	train/batch_cls_loss	0.37295046
971	train/batch_box_loss	0.01593911
972	train/loss_step	2.24120426
972	train/lr	0.00030000
972	train/batch_acc	0.43589744
972	train/batch_box_iou	0.09999865
972	train/batch_cls_loss	0.36700040
972	train/batch_box_loss	0.01484025
973	train/loss_step	2.26494956
973	train/lr	0.00030000
973	train/batch_acc	0.58078603
973	train/batch_box_iou	0.08564114
973	train/batch_cls_loss	0.35218450
973	train/batch_box_loss	0.01680946
974	train/loss_step	2.24401188
974	train/lr	0.00030000
974	train/batch_acc	0.49559471
974	train/batch_box_iou	0.11200819
974	train/batch_cls_loss	0.39638537
974	train/batch_box_loss	0.01432860
975	train/loss_step	2.24369335
975	train/lr	0.00030000
975	train/batch_acc	0.47156398
975	train/batch_box_iou	0.10835500
975	train/batch_cls_loss	0.38982779
975	train/batch_box_loss	0.01411509
976	train/loss_step	2.24971557
976	train/lr	0.00030000
976	train/batch_acc	0.50440529
976	train/batch_box_iou	0.10651540
976	train/batch_cls_loss	0.39244232
976	train/batch_box_loss	0.01406080
977	train/loss_step	2.22316194
977	train/lr	0.00030000
977	train/batch_acc	0.52663934
977	train/batch_box_iou	0.10762352
977	train/batch_cls_loss	0.36128089
977	train/batch_box_loss	0.01542562
978	train/loss_step	2.37858486
978	train/lr	0.00030000
978	train/batch_acc	0.42722117
978	train/batch_box_iou	0.08610503
978	train/batch_cls_loss	0.46967751
978	train/batch_box_loss	0.01622347
979	train/loss_step	2.33187819
979	train/lr	0.00030000
979	train/batch_acc	0.48178138
979	train/batch_box_iou	0.07805578
979	train/batch_cls_loss	0.40742135
979	train/batch_box_loss	0.01611366
980	train/loss_step	2.29755211
980	train/lr	0.00030000
980	train/batch_acc	0.52916667
980	train/batch_box_iou	0.09006644
980	train/batch_cls_loss	0.39688888
980	train/batch_box_loss	0.01615922
981	train/loss_step	2.33857775
981	train/lr	0.00030000
981	train/batch_acc	0.48129676
981	train/batch_box_iou	0.05745520
981	train/batch_cls_loss	0.37051564
981	train/batch_box_loss	0.01659449
982	train/loss_step	2.34860086
982	train/lr	0.00030000
982	train/batch_acc	0.52295409
982	train/batch_box_iou	0.07271693
982	train/batch_cls_loss	0.40671906
982	train/batch_box_loss	0.01746314
983	train/loss_step	2.33130646
983	train/lr	0.00030000
983	train/batch_acc	0.51730769
983	train/batch_box_iou	0.08739436
983	train/batch_cls_loss	0.42774987
983	train/batch_box_loss	0.01566905
984	train/loss_step	2.32734990
984	train/lr	0.00030000
984	train/batch_acc	0.49709865
984	train/batch_box_iou	0.08937212
984	train/batch_cls_loss	0.42500460
984	train/batch_box_loss	0.01621789
985	train/loss_step	2.36888266
985	train/lr	0.00030000
985	train/batch_acc	0.50100604
985	train/batch_box_iou	0.07087275
985	train/batch_cls_loss	0.43553373
985	train/batch_box_loss	0.01501888
986	train/loss_step	2.29000664
986	train/lr	0.00030000
986	train/batch_acc	0.52132701
986	train/batch_box_iou	0.08915869
986	train/batch_cls_loss	0.38268369
986	train/batch_box_loss	0.01712810
987	train/loss_step	2.27129197
987	train/lr	0.00030000
987	train/batch_acc	0.56844548
987	train/batch_box_iou	0.08905017
987	train/batch_cls_loss	0.37330320
987	train/batch_box_loss	0.01521782
988	train/loss_step	2.29657030
988	train/lr	0.00030000
988	train/batch_acc	0.51297405
988	train/batch_box_iou	0.09763034
988	train/batch_cls_loss	0.41165787
988	train/batch_box_loss	0.01603461
989	train/loss_step	2.22109032
989	train/lr	0.00030000
989	train/batch_acc	0.46347607
989	train/batch_box_iou	0.11081909
989	train/batch_cls_loss	0.36949545
989	train/batch_box_loss	0.01464663
990	train/loss_step	2.31976509
990	train/lr	0.00030000
990	train/batch_acc	0.50873362
990	train/batch_box_iou	0.07750614
990	train/batch_cls_loss	0.39146581
990	train/batch_box_loss	0.01666233
991	train/loss_step	2.27997565
991	train/lr	0.00030000
991	train/batch_acc	0.49698189
991	train/batch_box_iou	0.09695910
991	train/batch_cls_loss	0.39038706
991	train/batch_box_loss	0.01670136
992	train/loss_step	2.34116268
992	train/lr	0.00030000
992	train/batch_acc	0.48423423
992	train/batch_box_iou	0.07194883
992	train/batch_cls_loss	0.39909506
992	train/batch_box_loss	0.01719308
993	train/loss_step	2.30142879
993	train/lr	0.00030000
993	train/batch_acc	0.52731591
993	train/batch_box_iou	0.07264201
993	train/batch_cls_loss	0.36807317
993	train/batch_box_loss	0.01572795
994	train/loss_step	2.28706694
994	train/lr	0.00030000
994	train/batch_acc	0.51434879
994	train/batch_box_iou	0.08115439
994	train/batch_cls_loss	0.37057409
994	train/batch_box_loss	0.01576031
995	train/loss_step	2.29047012
995	train/lr	0.00030000
995	train/batch_acc	0.43023256
995	train/batch_box_iou	0.09871303
995	train/batch_cls_loss	0.41245723
995	train/batch_box_loss	0.01508780
996	train/loss_step	2.33433366
996	train/lr	0.00030000
996	train/batch_acc	0.51694915
996	train/batch_box_iou	0.07701517
996	train/batch_cls_loss	0.40603700
996	train/batch_box_loss	0.01646540
997	train/loss_step	2.28566074
997	train/lr	0.00030000
997	train/batch_acc	0.47912525
997	train/batch_box_iou	0.10767197
997	train/batch_cls_loss	0.42912680
997	train/batch_box_loss	0.01437557
998	train/loss_step	2.30041933
998	train/lr	0.00030000
998	train/batch_acc	0.51182796
998	train/batch_box_iou	0.08809401
998	train/batch_cls_loss	0.39810354
998	train/batch_box_loss	0.01570075
999	train/loss_step	2.28219366
999	train/lr	0.00030000
999	train/batch_acc	0.51270208
999	train/batch_box_iou	0.08672120
999	train/batch_cls_loss	0.37194654
999	train/batch_box_loss	0.01673792
1000	train/loss_step	2.26547003
1000	train/lr	0.00030000
1000	train/batch_acc	0.53824363
1000	train/batch_box_iou	0.09349425
1000	train/batch_cls_loss	0.37961015
1000	train/batch_box_loss	0.01456964
1001	train/loss_step	2.26821852
1001	train/lr	0.00030000
1001	train/batch_acc	0.47967480
1001	train/batch_box_iou	0.08612022
1001	train/batch_cls_loss	0.36371431
1001	train/batch_box_loss	0.01534895
1002	train/loss_step	2.30972981
1002	train/lr	0.00030000
1002	train/batch_acc	0.47835052
1002	train/batch_box_iou	0.08706965
1002	train/batch_cls_loss	0.40671158
1002	train/batch_box_loss	0.01543148
1003	train/loss_step	2.35302973
1003	train/lr	0.00030000
1003	train/batch_acc	0.46466809
1003	train/batch_box_iou	0.08777613
1003	train/batch_cls_loss	0.43620241
1003	train/batch_box_loss	0.01847591
1004	train/loss_step	2.28585505
1004	train/lr	0.00030000
1004	train/batch_acc	0.41324201
1004	train/batch_box_iou	0.10243064
1004	train/batch_cls_loss	0.41480508
1004	train/batch_box_loss	0.01518224
1005	train/loss_step	2.25621724
1005	train/lr	0.00030000
1005	train/batch_acc	0.53099174
1005	train/batch_box_iou	0.09528199
1005	train/batch_cls_loss	0.37291163
1005	train/batch_box_loss	0.01477390
1006	train/loss_step	2.35117626
1006	train/lr	0.00030000
1006	train/batch_acc	0.46736842
1006	train/batch_box_iou	0.08226461
1006	train/batch_cls_loss	0.42772734
1006	train/batch_box_loss	0.01759561
1007	train/loss_step	2.25923347
1007	train/lr	0.00030000
1007	train/batch_acc	0.56203008
1007	train/batch_box_iou	0.10144214
1007	train/batch_cls_loss	0.38458931
1007	train/batch_box_loss	0.01550571
1008	train/loss_step	2.49706936
1008	train/lr	0.00030000
1008	train/batch_acc	0.22500000
1008	train/batch_box_iou	0.04051362
1008	train/batch_cls_loss	0.45590931
1008	train/batch_box_loss	0.02443744
21	train/loss_epoch	2.29280443
21	train/epoch_acc	0.50049063
21	train/epoch_box_iou	0.09074984
21	val/loss	2.35193184
21	val/acc	0.50322997
21	val/box_iou	0.08608298
21	val/mAP	0.00263906
21	val/mAP50_95	0.00052901
21	val/precision	0.01296024
21	val/recall	0.01708903
21	train/early_stop_loss	2.35193184
1009	train/loss_step	2.27535319
1009	train/lr	0.00030000
1009	train/batch_acc	0.45297030
1009	train/batch_box_iou	0.09713190
1009	train/batch_cls_loss	0.39742017
1009	train/batch_box_loss	0.01443938
1010	train/loss_step	2.27894783
1010	train/lr	0.00030000
1010	train/batch_acc	0.45199063
1010	train/batch_box_iou	0.10160910
1010	train/batch_cls_loss	0.41338149
1010	train/batch_box_loss	0.01375691
1011	train/loss_step	2.27751374
1011	train/lr	0.00030000
1011	train/batch_acc	0.49759615
1011	train/batch_box_iou	0.09374362
1011	train/batch_cls_loss	0.38392031
1011	train/batch_box_loss	0.01621613
1012	train/loss_step	2.29638195
1012	train/lr	0.00030000
1012	train/batch_acc	0.48130841
1012	train/batch_box_iou	0.09322896
1012	train/batch_cls_loss	0.40569350
1012	train/batch_box_loss	0.01542928
1013	train/loss_step	2.27480984
1013	train/lr	0.00030000
1013	train/batch_acc	0.47417840
1013	train/batch_box_iou	0.09401126
1013	train/batch_cls_loss	0.38658708
1013	train/batch_box_loss	0.01524906
1014	train/loss_step	2.30815148
1014	train/lr	0.00030000
1014	train/batch_acc	0.49777778
1014	train/batch_box_iou	0.08519652
1014	train/batch_cls_loss	0.39749464
1014	train/batch_box_loss	0.01620996
1015	train/loss_step	2.21904850
1015	train/lr	0.00030000
1015	train/batch_acc	0.54090909
1015	train/batch_box_iou	0.11783659
1015	train/batch_cls_loss	0.37859884
1015	train/batch_box_loss	0.01522460
1016	train/loss_step	2.27698231
1016	train/lr	0.00030000
1016	train/batch_acc	0.46347032
1016	train/batch_box_iou	0.09672468
1016	train/batch_cls_loss	0.39538997
1016	train/batch_box_loss	0.01500834
1017	train/loss_step	2.24768925
1017	train/lr	0.00030000
1017	train/batch_acc	0.57815846
1017	train/batch_box_iou	0.10761094
1017	train/batch_cls_loss	0.39152646
1017	train/batch_box_loss	0.01427691
1018	train/loss_step	2.33775878
1018	train/lr	0.00030000
1018	train/batch_acc	0.51977401
1018	train/batch_box_iou	0.08776130
1018	train/batch_cls_loss	0.43394729
1018	train/batch_box_loss	0.01586680
1019	train/loss_step	2.26224923
1019	train/lr	0.00030000
1019	train/batch_acc	0.53881279
1019	train/batch_box_iou	0.09171639
1019	train/batch_cls_loss	0.36310714
1019	train/batch_box_loss	0.01651497
1020	train/loss_step	2.26373339
1020	train/lr	0.00030000
1020	train/batch_acc	0.56185567
1020	train/batch_box_iou	0.08389119
1020	train/batch_cls_loss	0.35413742
1020	train/batch_box_loss	0.01547569
1021	train/loss_step	2.32652545
1021	train/lr	0.00030000
1021	train/batch_acc	0.48543689
1021	train/batch_box_iou	0.07412461
1021	train/batch_cls_loss	0.39161247
1021	train/batch_box_loss	0.01663245
1022	train/loss_step	2.29786706
1022	train/lr	0.00030000
1022	train/batch_acc	0.51529412
1022	train/batch_box_iou	0.07488994
1022	train/batch_cls_loss	0.36487663
1022	train/batch_box_loss	0.01655407
1023	train/loss_step	2.24542761
1023	train/lr	0.00030000
1023	train/batch_acc	0.55009452
1023	train/batch_box_iou	0.11465035
1023	train/batch_cls_loss	0.40200683
1023	train/batch_box_loss	0.01454432
1024	train/loss_step	2.30244660
1024	train/lr	0.00030000
1024	train/batch_acc	0.54177215
1024	train/batch_box_iou	0.06366079
1024	train/batch_cls_loss	0.35781595
1024	train/batch_box_loss	0.01439046
1025	train/loss_step	2.25932574
1025	train/lr	0.00030000
1025	train/batch_acc	0.47215496
1025	train/batch_box_iou	0.09464683
1025	train/batch_cls_loss	0.37630397
1025	train/batch_box_loss	0.01446307
1026	train/loss_step	2.25390267
1026	train/lr	0.00030000
1026	train/batch_acc	0.55263158
1026	train/batch_box_iou	0.11070099
1026	train/batch_cls_loss	0.39370358
1026	train/batch_box_loss	0.01632022
1027	train/loss_step	2.31998539
1027	train/lr	0.00030000
1027	train/batch_acc	0.47770701
1027	train/batch_box_iou	0.09079886
1027	train/batch_cls_loss	0.41298383
1027	train/batch_box_loss	0.01771986
1028	train/loss_step	2.32618237
1028	train/lr	0.00030000
1028	train/batch_acc	0.54913295
1028	train/batch_box_iou	0.08929921
1028	train/batch_cls_loss	0.42041093
1028	train/batch_box_loss	0.01687398
1029	train/loss_step	2.30609775
1029	train/lr	0.00030000
1029	train/batch_acc	0.39573460
1029	train/batch_box_iou	0.10121488
1029	train/batch_cls_loss	0.43231723
1029	train/batch_box_loss	0.01524207
1030	train/loss_step	2.38467288
1030	train/lr	0.00030000
1030	train/batch_acc	0.44308943
1030	train/batch_box_iou	0.07625300
1030	train/batch_cls_loss	0.44892597
1030	train/batch_box_loss	0.01765059
1031	train/loss_step	2.31758785
1031	train/lr	0.00030000
1031	train/batch_acc	0.46794872
1031	train/batch_box_iou	0.07695222
1031	train/batch_cls_loss	0.39431849
1031	train/batch_box_loss	0.01543476
1032	train/loss_step	2.22687006
1032	train/lr	0.00030000
1032	train/batch_acc	0.50438596
1032	train/batch_box_iou	0.11015676
1032	train/batch_cls_loss	0.36300954
1032	train/batch_box_loss	0.01683482
1033	train/loss_step	2.28806829
1033	train/lr	0.00030000
1033	train/batch_acc	0.52049180
1033	train/batch_box_iou	0.08983625
1033	train/batch_cls_loss	0.39277232
1033	train/batch_box_loss	0.01499370
1034	train/loss_step	2.27142382
1034	train/lr	0.00030000
1034	train/batch_acc	0.52968037
1034	train/batch_box_iou	0.09684829
1034	train/batch_cls_loss	0.38798121
1034	train/batch_box_loss	0.01542783
1035	train/loss_step	2.23316717
1035	train/lr	0.00030000
1035	train/batch_acc	0.59454191
1035	train/batch_box_iou	0.10877645
1035	train/batch_cls_loss	0.37581968
1035	train/batch_box_loss	0.01498010
1036	train/loss_step	2.28539371
1036	train/lr	0.00030000
1036	train/batch_acc	0.51643192
1036	train/batch_box_iou	0.09211446
1036	train/batch_cls_loss	0.39612553
1036	train/batch_box_loss	0.01469943
1037	train/loss_step	2.32813406
1037	train/lr	0.00030000
1037	train/batch_acc	0.52330508
1037	train/batch_box_iou	0.07970725
1037	train/batch_cls_loss	0.40106595
1037	train/batch_box_loss	0.01729654
1038	train/loss_step	2.30316591
1038	train/lr	0.00030000
1038	train/batch_acc	0.45492662
1038	train/batch_box_iou	0.10796048
1038	train/batch_cls_loss	0.43609512
1038	train/batch_box_loss	0.01659835
1039	train/loss_step	2.29049659
1039	train/lr	0.00030000
1039	train/batch_acc	0.55947137
1039	train/batch_box_iou	0.08603676
1039	train/batch_cls_loss	0.38704509
1039	train/batch_box_loss	0.01510500
1040	train/loss_step	2.34501743
1040	train/lr	0.00030000
1040	train/batch_acc	0.49619772
1040	train/batch_box_iou	0.08713959
1040	train/batch_cls_loss	0.43710774
1040	train/batch_box_loss	0.01643775
1041	train/loss_step	2.30733490
1041	train/lr	0.00030000
1041	train/batch_acc	0.51540041
1041	train/batch_box_iou	0.08554128
1041	train/batch_cls_loss	0.39904016
1041	train/batch_box_loss	0.01587546
1042	train/loss_step	2.34233022
1042	train/lr	0.00030000
1042	train/batch_acc	0.53373016
1042	train/batch_box_iou	0.07154012
1042	train/batch_cls_loss	0.39693654
1042	train/batch_box_loss	0.01769479
1043	train/loss_step	2.25109529
1043	train/lr	0.00030000
1043	train/batch_acc	0.51708428
1043	train/batch_box_iou	0.10103788
1043	train/batch_cls_loss	0.37678632
1043	train/batch_box_loss	0.01527694
1044	train/loss_step	2.26645756
1044	train/lr	0.00030000
1044	train/batch_acc	0.52493438
1044	train/batch_box_iou	0.09399489
1044	train/batch_cls_loss	0.37733829
1044	train/batch_box_loss	0.01542180
1045	train/loss_step	2.34429574
1045	train/lr	0.00030000
1045	train/batch_acc	0.51267057
1045	train/batch_box_iou	0.08861289
1045	train/batch_cls_loss	0.44440249
1045	train/batch_box_loss	0.01542382
1046	train/loss_step	2.25896454
1046	train/lr	0.00030000
1046	train/batch_acc	0.50864198
1046	train/batch_box_iou	0.09439068
1046	train/batch_cls_loss	0.37540376
1046	train/batch_box_loss	0.01446844
1047	train/loss_step	2.27823019
1047	train/lr	0.00030000
1047	train/batch_acc	0.49642005
1047	train/batch_box_iou	0.09098498
1047	train/batch_cls_loss	0.38636819
1047	train/batch_box_loss	0.01476640
1048	train/loss_step	2.31157446
1048	train/lr	0.00030000
1048	train/batch_acc	0.48478261
1048	train/batch_box_iou	0.08287143
1048	train/batch_cls_loss	0.40119171
1048	train/batch_box_loss	0.01522515
1049	train/loss_step	2.35497856
1049	train/lr	0.00030000
1049	train/batch_acc	0.46774194
1049	train/batch_box_iou	0.07534906
1049	train/batch_cls_loss	0.42689919
1049	train/batch_box_loss	0.01575547
1050	train/loss_step	2.28486657
1050	train/lr	0.00030000
1050	train/batch_acc	0.49301397
1050	train/batch_box_iou	0.10084733
1050	train/batch_cls_loss	0.40357083
1050	train/batch_box_loss	0.01659810
1051	train/loss_step	2.28613901
1051	train/lr	0.00030000
1051	train/batch_acc	0.53268765
1051	train/batch_box_iou	0.08594382
1051	train/batch_cls_loss	0.38538206
1051	train/batch_box_loss	0.01452890
1052	train/loss_step	2.29982805
1052	train/lr	0.00030000
1052	train/batch_acc	0.52258065
1052	train/batch_box_iou	0.07897743
1052	train/batch_cls_loss	0.38397130
1052	train/batch_box_loss	0.01476232
1053	train/loss_step	2.21681881
1053	train/lr	0.00030000
1053	train/batch_acc	0.51276102
1053	train/batch_box_iou	0.10869805
1053	train/batch_cls_loss	0.35938984
1053	train/batch_box_loss	0.01496502
1054	train/loss_step	2.32353425
1054	train/lr	0.00030000
1054	train/batch_acc	0.49892473
1054	train/batch_box_iou	0.08003914
1054	train/batch_cls_loss	0.39818922
1054	train/batch_box_loss	0.01708467
1055	train/loss_step	2.29812980
1055	train/lr	0.00030000
1055	train/batch_acc	0.49145299
1055	train/batch_box_iou	0.09003530
1055	train/batch_cls_loss	0.39500451
1055	train/batch_box_loss	0.01663920
1056	train/loss_step	2.16356945
1056	train/lr	0.00030000
1056	train/batch_acc	0.42857143
1056	train/batch_box_iou	0.17676544
1056	train/batch_cls_loss	0.43516484
1056	train/batch_box_loss	0.01638713
22	train/loss_epoch	2.29128572
22	train/epoch_acc	0.50749965
22	train/epoch_box_iou	0.09188376
22	val/loss	2.35298347
22	val/acc	0.52271748
22	val/box_iou	0.08710474
22	val/mAP	0.00241514
22	val/mAP50_95	0.00050934
22	val/precision	0.00941975
22	val/recall	0.01781539
22	train/early_stop_loss	2.35298347
1057	train/loss_step	2.26856542
1057	train/lr	0.00030000
1057	train/batch_acc	0.54140127
1057	train/batch_box_iou	0.10595243
1057	train/batch_cls_loss	0.40061998
1057	train/batch_box_loss	0.01597007
1058	train/loss_step	2.28206635
1058	train/lr	0.00030000
1058	train/batch_acc	0.53159041
1058	train/batch_box_iou	0.09682579
1058	train/batch_cls_loss	0.39431089
1058	train/batch_box_loss	0.01628138
1059	train/loss_step	2.29448748
1059	train/lr	0.00030000
1059	train/batch_acc	0.51148225
1059	train/batch_box_iou	0.08785283
1059	train/batch_cls_loss	0.39243621
1059	train/batch_box_loss	0.01555141
1060	train/loss_step	2.28755641
1060	train/lr	0.00030000
1060	train/batch_acc	0.51198257
1060	train/batch_box_iou	0.09162507
1060	train/batch_cls_loss	0.38903099
1060	train/batch_box_loss	0.01635512
1061	train/loss_step	2.27560377
1061	train/lr	0.00030000
1061	train/batch_acc	0.48984772
1061	train/batch_box_iou	0.07768323
1061	train/batch_cls_loss	0.35963875
1061	train/batch_box_loss	0.01426626
1062	train/loss_step	2.32284331
1062	train/lr	0.00030000
1062	train/batch_acc	0.48373102
1062	train/batch_box_iou	0.08161248
1062	train/batch_cls_loss	0.40804100
1062	train/batch_box_loss	0.01560543
1063	train/loss_step	2.29320812
1063	train/lr	0.00030000
1063	train/batch_acc	0.53937008
1063	train/batch_box_iou	0.09095960
1063	train/batch_cls_loss	0.38918206
1063	train/batch_box_loss	0.01718908
1064	train/loss_step	2.27198577
1064	train/lr	0.00030000
1064	train/batch_acc	0.48792271
1064	train/batch_box_iou	0.09448261
1064	train/batch_cls_loss	0.38504902
1064	train/batch_box_loss	0.01518040
1065	train/loss_step	2.28512645
1065	train/lr	0.00030000
1065	train/batch_acc	0.37203166
1065	train/batch_box_iou	0.08527199
1065	train/batch_cls_loss	0.38493249
1065	train/batch_box_loss	0.01414762
1066	train/loss_step	2.26331067
1066	train/lr	0.00030000
1066	train/batch_acc	0.45312500
1066	train/batch_box_iou	0.09322970
1066	train/batch_cls_loss	0.38018250
1066	train/batch_box_loss	0.01391754
1067	train/loss_step	2.28768921
1067	train/lr	0.00030000
1067	train/batch_acc	0.49223947
1067	train/batch_box_iou	0.09868716
1067	train/batch_cls_loss	0.41290718
1067	train/batch_box_loss	0.01443128
1068	train/loss_step	2.26512122
1068	train/lr	0.00030000
1068	train/batch_acc	0.42447917
1068	train/batch_box_iou	0.09047168
1068	train/batch_cls_loss	0.37590650
1068	train/batch_box_loss	0.01403164
1069	train/loss_step	2.35663033
1069	train/lr	0.00030000
1069	train/batch_acc	0.44636015
1069	train/batch_box_iou	0.08960134
1069	train/batch_cls_loss	0.45994279
1069	train/batch_box_loss	0.01517804
1070	train/loss_step	2.30920649
1070	train/lr	0.00030000
1070	train/batch_acc	0.48903509
1070	train/batch_box_iou	0.08374952
1070	train/batch_cls_loss	0.40189764
1070	train/batch_box_loss	0.01496160
1071	train/loss_step	2.32685256
1071	train/lr	0.00030000
1071	train/batch_acc	0.36105033
1071	train/batch_box_iou	0.09109360
1071	train/batch_cls_loss	0.43616140
1071	train/batch_box_loss	0.01457566
1072	train/loss_step	2.28627801
1072	train/lr	0.00030000
1072	train/batch_acc	0.51351351
1072	train/batch_box_iou	0.08244794
1072	train/batch_cls_loss	0.36769581
1072	train/batch_box_loss	0.01669561
1073	train/loss_step	2.28360462
1073	train/lr	0.00030000
1073	train/batch_acc	0.57281553
1073	train/batch_box_iou	0.07792407
1073	train/batch_cls_loss	0.36137211
1073	train/batch_box_loss	0.01561611
1074	train/loss_step	2.30535865
1074	train/lr	0.00030000
1074	train/batch_acc	0.48093220
1074	train/batch_box_iou	0.08892329
1074	train/batch_cls_loss	0.40773869
1074	train/batch_box_loss	0.01509330
1075	train/loss_step	2.23580670
1075	train/lr	0.00030000
1075	train/batch_acc	0.52183406
1075	train/batch_box_iou	0.11878790
1075	train/batch_cls_loss	0.40588653
1075	train/batch_box_loss	0.01349920
1076	train/loss_step	2.29179263
1076	train/lr	0.00030000
1076	train/batch_acc	0.53375527
1076	train/batch_box_iou	0.09895912
1076	train/batch_cls_loss	0.40845871
1076	train/batch_box_loss	0.01625042
1077	train/loss_step	2.29868722
1077	train/lr	0.00030000
1077	train/batch_acc	0.49478079
1077	train/batch_box_iou	0.09864709
1077	train/batch_cls_loss	0.41359234
1077	train/batch_box_loss	0.01647782
1078	train/loss_step	2.31928444
1078	train/lr	0.00030000
1078	train/batch_acc	0.50321199
1078	train/batch_box_iou	0.08063776
1078	train/batch_cls_loss	0.40096998
1078	train/batch_box_loss	0.01591798
1079	train/loss_step	2.28910136
1079	train/lr	0.00030000
1079	train/batch_acc	0.50427350
1079	train/batch_box_iou	0.09093983
1079	train/batch_cls_loss	0.39460278
1079	train/batch_box_loss	0.01527565
1080	train/loss_step	2.34469223
1080	train/lr	0.00030000
1080	train/batch_acc	0.47586207
1080	train/batch_box_iou	0.07574197
1080	train/batch_cls_loss	0.41130924
1080	train/batch_box_loss	0.01697338
1081	train/loss_step	2.25804996
1081	train/lr	0.00030000
1081	train/batch_acc	0.50200803
1081	train/batch_box_iou	0.12353962
1081	train/batch_cls_loss	0.43450114
1081	train/batch_box_loss	0.01412562
1082	train/loss_step	2.31543207
1082	train/lr	0.00030000
1082	train/batch_acc	0.51167315
1082	train/batch_box_iou	0.08482014
1082	train/batch_cls_loss	0.39851898
1082	train/batch_box_loss	0.01731068
1083	train/loss_step	2.29079318
1083	train/lr	0.00030000
1083	train/batch_acc	0.53364269
1083	train/batch_box_iou	0.08592375
1083	train/batch_cls_loss	0.37618351
1083	train/batch_box_loss	0.01729143
1084	train/loss_step	2.29740095
1084	train/lr	0.00030000
1084	train/batch_acc	0.50438596
1084	train/batch_box_iou	0.09151275
1084	train/batch_cls_loss	0.39966342
1084	train/batch_box_loss	0.01615262
1085	train/loss_step	2.29079676
1085	train/lr	0.00030000
1085	train/batch_acc	0.48166259
1085	train/batch_box_iou	0.07970928
1085	train/batch_cls_loss	0.37589502
1085	train/batch_box_loss	0.01486408
1086	train/loss_step	2.31919098
1086	train/lr	0.00030000
1086	train/batch_acc	0.51235955
1086	train/batch_box_iou	0.08059732
1086	train/batch_cls_loss	0.39881301
1086	train/batch_box_loss	0.01631455
1087	train/loss_step	2.24008918
1087	train/lr	0.00030000
1087	train/batch_acc	0.57974138
1087	train/batch_box_iou	0.10461814
1087	train/batch_cls_loss	0.37097526
1087	train/batch_box_loss	0.01567003
1088	train/loss_step	2.33431816
1088	train/lr	0.00030000
1088	train/batch_acc	0.49086758
1088	train/batch_box_iou	0.07996763
1088	train/batch_cls_loss	0.42115593
1088	train/batch_box_loss	0.01461952
1089	train/loss_step	2.26092362
1089	train/lr	0.00030000
1089	train/batch_acc	0.49166667
1089	train/batch_box_iou	0.10383301
1089	train/batch_cls_loss	0.39417332
1089	train/batch_box_loss	0.01488325
1090	train/loss_step	2.31194162
1090	train/lr	0.00030000
1090	train/batch_acc	0.46681922
1090	train/batch_box_iou	0.07653812
1090	train/batch_cls_loss	0.37352949
1090	train/batch_box_loss	0.01829769
1091	train/loss_step	2.28325272
1091	train/lr	0.00030000
1091	train/batch_acc	0.52391304
1091	train/batch_box_iou	0.08854169
1091	train/batch_cls_loss	0.38107353
1091	train/batch_box_loss	0.01585253
1092	train/loss_step	2.26549506
1092	train/lr	0.00030000
1092	train/batch_acc	0.47392290
1092	train/batch_box_iou	0.09449013
1092	train/batch_cls_loss	0.37561578
1092	train/batch_box_loss	0.01577189
1093	train/loss_step	2.30014825
1093	train/lr	0.00030000
1093	train/batch_acc	0.51287129
1093	train/batch_box_iou	0.09286667
1093	train/batch_cls_loss	0.40688992
1093	train/batch_box_loss	0.01579833
1094	train/loss_step	2.30697322
1094	train/lr	0.00030000
1094	train/batch_acc	0.43378995
1094	train/batch_box_iou	0.09268033
1094	train/batch_cls_loss	0.41076535
1094	train/batch_box_loss	0.01631370
1095	train/loss_step	2.27282572
1095	train/lr	0.00030000
1095	train/batch_acc	0.60878244
1095	train/batch_box_iou	0.08434332
1095	train/batch_cls_loss	0.36445314
1095	train/batch_box_loss	0.01541185
1096	train/loss_step	2.26349711
1096	train/lr	0.00030000
1096	train/batch_acc	0.53711790
1096	train/batch_box_iou	0.09758864
1096	train/batch_cls_loss	0.38338703
1096	train/batch_box_loss	0.01505746
1097	train/loss_step	2.26711035
1097	train/lr	0.00030000
1097	train/batch_acc	0.48565574
1097	train/batch_box_iou	0.10268897
1097	train/batch_cls_loss	0.40178066
1097	train/batch_box_loss	0.01414154
1098	train/loss_step	2.24870253
1098	train/lr	0.00030000
1098	train/batch_acc	0.52620545
1098	train/batch_box_iou	0.09847649
1098	train/batch_cls_loss	0.37171596
1098	train/batch_box_loss	0.01478791
1099	train/loss_step	2.33699107
1099	train/lr	0.00030000
1099	train/batch_acc	0.47895792
1099	train/batch_box_iou	0.08014671
1099	train/batch_cls_loss	0.41156879
1099	train/batch_box_loss	0.01714314
1100	train/loss_step	2.28439569
1100	train/lr	0.00030000
1100	train/batch_acc	0.48115299
1100	train/batch_box_iou	0.09009296
1100	train/batch_cls_loss	0.39115986
1100	train/batch_box_loss	0.01468436
1101	train/loss_step	2.30587244
1101	train/lr	0.00030000
1101	train/batch_acc	0.50630252
1101	train/batch_box_iou	0.08672287
1101	train/batch_cls_loss	0.39968210
1101	train/batch_box_loss	0.01592723
1102	train/loss_step	2.20480108
1102	train/lr	0.00030000
1102	train/batch_acc	0.57500000
1102	train/batch_box_iou	0.10809518
1102	train/batch_cls_loss	0.33885953
1102	train/batch_box_loss	0.01642636
1103	train/loss_step	2.24728537
1103	train/lr	0.00030000
1103	train/batch_acc	0.52069717
1103	train/batch_box_iou	0.10916232
1103	train/batch_cls_loss	0.39308739
1103	train/batch_box_loss	0.01450452
1104	train/loss_step	2.30363321
1104	train/lr	0.00030000
1104	train/batch_acc	0.34615385
1104	train/batch_box_iou	0.08949788
1104	train/batch_cls_loss	0.40148368
1104	train/batch_box_loss	0.01622908
23	train/loss_epoch	2.28893543
23	train/epoch_acc	0.50025700
23	train/epoch_box_iou	0.09186804
23	val/loss	2.32976518
23	val/acc	0.51798019
23	val/box_iou	0.08862304
23	val/mAP	0.00280860
23	val/mAP50_95	0.00054739
23	val/precision	0.01352597
23	val/recall	0.01852940
23	train/early_stop_loss	2.32976518
1105	train/loss_step	2.29530621
1105	train/lr	0.00030000
1105	train/batch_acc	0.55855856
1105	train/batch_box_iou	0.09091927
1105	train/batch_cls_loss	0.39554417
1105	train/batch_box_loss	0.01632012
1106	train/loss_step	2.24673223
1106	train/lr	0.00030000
1106	train/batch_acc	0.54423077
1106	train/batch_box_iou	0.10818960
1106	train/batch_cls_loss	0.38854879
1106	train/batch_box_loss	0.01491253
1107	train/loss_step	2.27073479
1107	train/lr	0.00030000
1107	train/batch_acc	0.41943734
1107	train/batch_box_iou	0.09304734
1107	train/batch_cls_loss	0.37895542
1107	train/batch_box_loss	0.01557481
1108	train/loss_step	2.36462355
1108	train/lr	0.00030000
1108	train/batch_acc	0.44646465
1108	train/batch_box_iou	0.07429595
1108	train/batch_cls_loss	0.43016046
1108	train/batch_box_loss	0.01661099
1109	train/loss_step	2.31303310
1109	train/lr	0.00030000
1109	train/batch_acc	0.46060606
1109	train/batch_box_iou	0.08787167
1109	train/batch_cls_loss	0.40532041
1109	train/batch_box_loss	0.01669119
1110	train/loss_step	2.29565883
1110	train/lr	0.00030000
1110	train/batch_acc	0.50116550
1110	train/batch_box_iou	0.08862726
1110	train/batch_cls_loss	0.39715648
1110	train/batch_box_loss	0.01515136
1111	train/loss_step	2.30039573
1111	train/lr	0.00030000
1111	train/batch_acc	0.51527495
1111	train/batch_box_iou	0.09732142
1111	train/batch_cls_loss	0.40965539
1111	train/batch_box_loss	0.01707660
1112	train/loss_step	2.36016703
1112	train/lr	0.00030000
1112	train/batch_acc	0.44591611
1112	train/batch_box_iou	0.07452948
1112	train/batch_cls_loss	0.42730653
1112	train/batch_box_loss	0.01638392
1113	train/loss_step	2.27601171
1113	train/lr	0.00030000
1113	train/batch_acc	0.56422018
1113	train/batch_box_iou	0.07975746
1113	train/batch_cls_loss	0.35980114
1113	train/batch_box_loss	0.01514510
1114	train/loss_step	2.27100229
1114	train/lr	0.00030000
1114	train/batch_acc	0.47558386
1114	train/batch_box_iou	0.09459623
1114	train/batch_cls_loss	0.38629285
1114	train/batch_box_loss	0.01478036
1115	train/loss_step	2.34312916
1115	train/lr	0.00030000
1115	train/batch_acc	0.47107438
1115	train/batch_box_iou	0.08882297
1115	train/batch_cls_loss	0.44389975
1115	train/batch_box_loss	0.01537507
1116	train/loss_step	2.28855824
1116	train/lr	0.00030000
1116	train/batch_acc	0.41244240
1116	train/batch_box_iou	0.09581345
1116	train/batch_cls_loss	0.40107188
1116	train/batch_box_loss	0.01582266
1117	train/loss_step	2.34705329
1117	train/lr	0.00030000
1117	train/batch_acc	0.41153082
1117	train/batch_box_iou	0.09932093
1117	train/batch_cls_loss	0.46775004
1117	train/batch_box_loss	0.01558904
1118	train/loss_step	2.20808458
1118	train/lr	0.00030000
1118	train/batch_acc	0.53968254
1118	train/batch_box_iou	0.10903189
1118	train/batch_cls_loss	0.35242069
1118	train/batch_box_loss	0.01474555
1119	train/loss_step	2.31015062
1119	train/lr	0.00030000
1119	train/batch_acc	0.47424893
1119	train/batch_box_iou	0.08614633
1119	train/batch_cls_loss	0.40110081
1119	train/batch_box_loss	0.01626853
1120	train/loss_step	2.24161887
1120	train/lr	0.00030000
1120	train/batch_acc	0.53861789
1120	train/batch_box_iou	0.09767102
1120	train/batch_cls_loss	0.35885343
1120	train/batch_box_loss	0.01562151
1121	train/loss_step	2.31328845
1121	train/lr	0.00030000
1121	train/batch_acc	0.49086758
1121	train/batch_box_iou	0.08169378
1121	train/batch_cls_loss	0.40100551
1121	train/batch_box_loss	0.01513411
1122	train/loss_step	2.24067473
1122	train/lr	0.00030000
1122	train/batch_acc	0.52871287
1122	train/batch_box_iou	0.11378479
1122	train/batch_cls_loss	0.39895618
1122	train/batch_box_loss	0.01385761
1123	train/loss_step	2.29182816
1123	train/lr	0.00030000
1123	train/batch_acc	0.51146789
1123	train/batch_box_iou	0.09029457
1123	train/batch_cls_loss	0.39161468
1123	train/batch_box_loss	0.01616053
1124	train/loss_step	2.32668161
1124	train/lr	0.00030000
1124	train/batch_acc	0.50205761
1124	train/batch_box_iou	0.08182645
1124	train/batch_cls_loss	0.41233093
1124	train/batch_box_loss	0.01560071
1125	train/loss_step	2.30158091
1125	train/lr	0.00030000
1125	train/batch_acc	0.52320675
1125	train/batch_box_iou	0.08152110
1125	train/batch_cls_loss	0.38236597
1125	train/batch_box_loss	0.01645141
1126	train/loss_step	2.28354478
1126	train/lr	0.00030000
1126	train/batch_acc	0.52017937
1126	train/batch_box_iou	0.09733777
1126	train/batch_cls_loss	0.40166333
1126	train/batch_box_loss	0.01531141
1127	train/loss_step	2.24460435
1127	train/lr	0.00030000
1127	train/batch_acc	0.55990783
1127	train/batch_box_iou	0.10379864
1127	train/batch_cls_loss	0.38537553
1127	train/batch_box_loss	0.01336523
1128	train/loss_step	2.22475147
1128	train/lr	0.00030000
1128	train/batch_acc	0.53626374
1128	train/batch_box_iou	0.10772412
1128	train/batch_cls_loss	0.36218655
1128	train/batch_box_loss	0.01560264
1129	train/loss_step	2.40552735
1129	train/lr	0.00030000
1129	train/batch_acc	0.44303797
1129	train/batch_box_iou	0.06805267
1129	train/batch_cls_loss	0.46407497
1129	train/batch_box_loss	0.01551154
1130	train/loss_step	2.28400493
1130	train/lr	0.00030000
1130	train/batch_acc	0.51184834
1130	train/batch_box_iou	0.07977281
1130	train/batch_cls_loss	0.36935025
1130	train/batch_box_loss	0.01484007
1131	train/loss_step	2.23694324
1131	train/lr	0.00030000
1131	train/batch_acc	0.52771619
1131	train/batch_box_iou	0.11083753
1131	train/batch_cls_loss	0.38002759
1131	train/batch_box_loss	0.01571815
1132	train/loss_step	2.33611512
1132	train/lr	0.00030000
1132	train/batch_acc	0.52884615
1132	train/batch_box_iou	0.08532203
1132	train/batch_cls_loss	0.41384983
1132	train/batch_box_loss	0.01858187
1133	train/loss_step	2.27920437
1133	train/lr	0.00030000
1133	train/batch_acc	0.53921569
1133	train/batch_box_iou	0.07194810
1133	train/batch_cls_loss	0.33543229
1133	train/batch_box_loss	0.01753363
1134	train/loss_step	2.30092120
1134	train/lr	0.00030000
1134	train/batch_acc	0.46058091
1134	train/batch_box_iou	0.10411504
1134	train/batch_cls_loss	0.43544689
1134	train/batch_box_loss	0.01474087
1135	train/loss_step	2.25905514
1135	train/lr	0.00030000
1135	train/batch_acc	0.47400000
1135	train/batch_box_iou	0.10904789
1135	train/batch_cls_loss	0.40780491
1135	train/batch_box_loss	0.01386920
1136	train/loss_step	2.22347403
1136	train/lr	0.00030000
1136	train/batch_acc	0.48177083
1136	train/batch_box_iou	0.10793070
1136	train/batch_cls_loss	0.36934841
1136	train/batch_box_loss	0.01399743
1137	train/loss_step	2.29427481
1137	train/lr	0.00030000
1137	train/batch_acc	0.52915767
1137	train/batch_box_iou	0.08914635
1137	train/batch_cls_loss	0.39574963
1137	train/batch_box_loss	0.01536358
1138	train/loss_step	2.18424034
1138	train/lr	0.00030000
1138	train/batch_acc	0.55905512
1138	train/batch_box_iou	0.10809834
1138	train/batch_cls_loss	0.32328907
1138	train/batch_box_loss	0.01542960
1139	train/loss_step	2.27786255
1139	train/lr	0.00030000
1139	train/batch_acc	0.57342657
1139	train/batch_box_iou	0.08916683
1139	train/batch_cls_loss	0.38401070
1139	train/batch_box_loss	0.01443710
1140	train/loss_step	2.24199414
1140	train/lr	0.00030000
1140	train/batch_acc	0.49631450
1140	train/batch_box_iou	0.09298797
1140	train/batch_cls_loss	0.35950029
1140	train/batch_box_loss	0.01369393
1141	train/loss_step	2.28442860
1141	train/lr	0.00030000
1141	train/batch_acc	0.50551876
1141	train/batch_box_iou	0.08722590
1141	train/batch_cls_loss	0.37567121
1141	train/batch_box_loss	0.01664182
1142	train/loss_step	2.29420090
1142	train/lr	0.00030000
1142	train/batch_acc	0.47345133
1142	train/batch_box_iou	0.08037794
1142	train/batch_cls_loss	0.38352168
1142	train/batch_box_loss	0.01428704
1143	train/loss_step	2.27382588
1143	train/lr	0.00030000
1143	train/batch_acc	0.50104384
1143	train/batch_box_iou	0.09949793
1143	train/batch_cls_loss	0.39193785
1143	train/batch_box_loss	0.01617675
1144	train/loss_step	2.30366850
1144	train/lr	0.00030000
1144	train/batch_acc	0.44834711
1144	train/batch_box_iou	0.10300371
1144	train/batch_cls_loss	0.42655855
1144	train/batch_box_loss	0.01662349
1145	train/loss_step	2.22394347
1145	train/lr	0.00030000
1145	train/batch_acc	0.48009368
1145	train/batch_box_iou	0.11277638
1145	train/batch_cls_loss	0.37864506
1145	train/batch_box_loss	0.01417025
1146	train/loss_step	2.28713799
1146	train/lr	0.00030000
1146	train/batch_acc	0.42281879
1146	train/batch_box_iou	0.10086335
1146	train/batch_cls_loss	0.40874657
1146	train/batch_box_loss	0.01602359
1147	train/loss_step	2.28512430
1147	train/lr	0.00030000
1147	train/batch_acc	0.37649880
1147	train/batch_box_iou	0.10222569
1147	train/batch_cls_loss	0.40343058
1147	train/batch_box_loss	0.01722899
1148	train/loss_step	2.26722336
1148	train/lr	0.00030000
1148	train/batch_acc	0.46511628
1148	train/batch_box_iou	0.11701021
1148	train/batch_cls_loss	0.42965668
1148	train/batch_box_loss	0.01431743
1149	train/loss_step	2.21562147
1149	train/lr	0.00030000
1149	train/batch_acc	0.45386534
1149	train/batch_box_iou	0.10952762
1149	train/batch_cls_loss	0.37074685
1149	train/batch_box_loss	0.01278598
1150	train/loss_step	2.29675388
1150	train/lr	0.00030000
1150	train/batch_acc	0.53215078
1150	train/batch_box_iou	0.07574067
1150	train/batch_cls_loss	0.36290520
1150	train/batch_box_loss	0.01706601
1151	train/loss_step	2.22262740
1151	train/lr	0.00030000
1151	train/batch_acc	0.50446429
1151	train/batch_box_iou	0.11445800
1151	train/batch_cls_loss	0.38128972
1151	train/batch_box_loss	0.01405076
1152	train/loss_step	2.55138254
1152	train/lr	0.00030000
1152	train/batch_acc	0.32653061
1152	train/batch_box_iou	0.03820773
1152	train/batch_cls_loss	0.53846359
1152	train/batch_box_loss	0.01786690
24	train/loss_epoch	2.28394227
24	train/epoch_acc	0.49380870
24	train/epoch_box_iou	0.09437850
24	val/loss	2.33264812
24	val/acc	0.51808786
24	val/box_iou	0.09051523
24	val/mAP	0.00273640
24	val/mAP50_95	0.00044932
24	val/precision	0.01315519
24	val/recall	0.01956071
24	train/early_stop_loss	2.33264812
1153	train/loss_step	2.24220753
1153	train/lr	0.00030000
1153	train/batch_acc	0.55058824
1153	train/batch_box_iou	0.09776221
1153	train/batch_cls_loss	0.36671686
1153	train/batch_box_loss	0.01420301
1154	train/loss_step	2.23363328
1154	train/lr	0.00030000
1154	train/batch_acc	0.53562654
1154	train/batch_box_iou	0.09534466
1154	train/batch_cls_loss	0.35408318
1154	train/batch_box_loss	0.01404789
1155	train/loss_step	2.24950266
1155	train/lr	0.00030000
1155	train/batch_acc	0.51002227
1155	train/batch_box_iou	0.10554460
1155	train/batch_cls_loss	0.38712543
1155	train/batch_box_loss	0.01469327
1156	train/loss_step	2.32334065
1156	train/lr	0.00030000
1156	train/batch_acc	0.53603604
1156	train/batch_box_iou	0.08301678
1156	train/batch_cls_loss	0.40857834
1156	train/batch_box_loss	0.01615918
1157	train/loss_step	2.33089781
1157	train/lr	0.00030000
1157	train/batch_acc	0.48764045
1157	train/batch_box_iou	0.07608053
1157	train/batch_cls_loss	0.41025719
1157	train/batch_box_loss	0.01456034
1158	train/loss_step	2.19098091
1158	train/lr	0.00030000
1158	train/batch_acc	0.55523256
1158	train/batch_box_iou	0.09733758
1158	train/batch_cls_loss	0.31951815
1158	train/batch_box_loss	0.01322757
1159	train/loss_step	2.29181719
1159	train/lr	0.00030000
1159	train/batch_acc	0.49230769
1159	train/batch_box_iou	0.10022398
1159	train/batch_cls_loss	0.41154659
1159	train/batch_box_loss	0.01614373
1160	train/loss_step	2.30954862
1160	train/lr	0.00030000
1160	train/batch_acc	0.52046784
1160	train/batch_box_iou	0.09233889
1160	train/batch_cls_loss	0.40924501
1160	train/batch_box_loss	0.01699630
1161	train/loss_step	2.30707312
1161	train/lr	0.00030000
1161	train/batch_acc	0.50739958
1161	train/batch_box_iou	0.09384069
1161	train/batch_cls_loss	0.40815988
1161	train/batch_box_loss	0.01731893
1162	train/loss_step	2.25609779
1162	train/lr	0.00030000
1162	train/batch_acc	0.51101322
1162	train/batch_box_iou	0.10504121
1162	train/batch_cls_loss	0.38385937
1162	train/batch_box_loss	0.01646415
1163	train/loss_step	2.30126166
1163	train/lr	0.00030000
1163	train/batch_acc	0.43872549
1163	train/batch_box_iou	0.07937655
1163	train/batch_cls_loss	0.38739187
1163	train/batch_box_loss	0.01452461
1164	train/loss_step	2.35736990
1164	train/lr	0.00030000
1164	train/batch_acc	0.46835443
1164	train/batch_box_iou	0.07682297
1164	train/batch_cls_loss	0.42304757
1164	train/batch_box_loss	0.01759364
1165	train/loss_step	2.28580809
1165	train/lr	0.00030000
1165	train/batch_acc	0.50321199
1165	train/batch_box_iou	0.09379271
1165	train/batch_cls_loss	0.39970601
1165	train/batch_box_loss	0.01473747
1166	train/loss_step	2.23753738
1166	train/lr	0.00030000
1166	train/batch_acc	0.49606299
1166	train/batch_box_iou	0.12365441
1166	train/batch_cls_loss	0.41267508
1166	train/batch_box_loss	0.01443422
1167	train/loss_step	2.24787569
1167	train/lr	0.00030000
1167	train/batch_acc	0.47511312
1167	train/batch_box_iou	0.10156939
1167	train/batch_cls_loss	0.37804767
1167	train/batch_box_loss	0.01459334
1168	train/loss_step	2.18487167
1168	train/lr	0.00030000
1168	train/batch_acc	0.50750000
1168	train/batch_box_iou	0.11768162
1168	train/batch_cls_loss	0.35052550
1168	train/batch_box_loss	0.01394188
1169	train/loss_step	2.22043371
1169	train/lr	0.00030000
1169	train/batch_acc	0.60446247
1169	train/batch_box_iou	0.11155775
1169	train/batch_cls_loss	0.36600009
1169	train/batch_box_loss	0.01550983
1170	train/loss_step	2.25061131
1170	train/lr	0.00030000
1170	train/batch_acc	0.52542373
1170	train/batch_box_iou	0.10098588
1170	train/batch_cls_loss	0.37677044
1170	train/batch_box_loss	0.01516254
1171	train/loss_step	2.30599022
1171	train/lr	0.00030000
1171	train/batch_acc	0.50970874
1171	train/batch_box_iou	0.07366403
1171	train/batch_cls_loss	0.37774822
1171	train/batch_box_loss	0.01511401
1172	train/loss_step	2.30030084
1172	train/lr	0.00030000
1172	train/batch_acc	0.53182752
1172	train/batch_box_iou	0.08534572
1172	train/batch_cls_loss	0.38620627
1172	train/batch_box_loss	0.01695720
1173	train/loss_step	2.25606942
1173	train/lr	0.00030000
1173	train/batch_acc	0.49744898
1173	train/batch_box_iou	0.09540348
1173	train/batch_cls_loss	0.37641680
1173	train/batch_box_loss	0.01409191
1174	train/loss_step	2.26325536
1174	train/lr	0.00030000
1174	train/batch_acc	0.47737557
1174	train/batch_box_iou	0.10198875
1174	train/batch_cls_loss	0.39728472
1174	train/batch_box_loss	0.01398960
1175	train/loss_step	2.34441757
1175	train/lr	0.00030000
1175	train/batch_acc	0.49702970
1175	train/batch_box_iou	0.07524200
1175	train/batch_cls_loss	0.41164035
1175	train/batch_box_loss	0.01665223
1176	train/loss_step	2.32949018
1176	train/lr	0.00030000
1176	train/batch_acc	0.45029240
1176	train/batch_box_iou	0.09102971
1176	train/batch_cls_loss	0.43270361
1176	train/batch_box_loss	0.01576921
1177	train/loss_step	2.24329948
1177	train/lr	0.00030000
1177	train/batch_acc	0.45226131
1177	train/batch_box_iou	0.09947749
1177	train/batch_cls_loss	0.36555836
1177	train/batch_box_loss	0.01533924
1178	train/loss_step	2.30792189
1178	train/lr	0.00030000
1178	train/batch_acc	0.52156057
1178	train/batch_box_iou	0.08512668
1178	train/batch_cls_loss	0.39389342
1178	train/batch_box_loss	0.01685640
1179	train/loss_step	2.29002118
1179	train/lr	0.00030000
1179	train/batch_acc	0.50000000
1179	train/batch_box_iou	0.09137709
1179	train/batch_cls_loss	0.39297384
1179	train/batch_box_loss	0.01596029
1180	train/loss_step	2.28777313
1180	train/lr	0.00030000
1180	train/batch_acc	0.43846154
1180	train/batch_box_iou	0.08416040
1180	train/batch_cls_loss	0.37966734
1180	train/batch_box_loss	0.01528533
1181	train/loss_step	2.26866746
1181	train/lr	0.00030000
1181	train/batch_acc	0.53771290
1181	train/batch_box_iou	0.09062821
1181	train/batch_cls_loss	0.37769714
1181	train/batch_box_loss	0.01444534
1182	train/loss_step	2.29134297
1182	train/lr	0.00030000
1182	train/batch_acc	0.50607287
1182	train/batch_box_iou	0.09691837
1182	train/batch_cls_loss	0.40981776
1182	train/batch_box_loss	0.01507239
1183	train/loss_step	2.30530715
1183	train/lr	0.00030000
1183	train/batch_acc	0.47850467
1183	train/batch_box_iou	0.11009996
1183	train/batch_cls_loss	0.44313797
1183	train/batch_box_loss	0.01647383
1184	train/loss_step	2.30655146
1184	train/lr	0.00030000
1184	train/batch_acc	0.46595745
1184	train/batch_box_iou	0.08619265
1184	train/batch_cls_loss	0.40090144
1184	train/batch_box_loss	0.01560707
1185	train/loss_step	2.26550865
1185	train/lr	0.00030000
1185	train/batch_acc	0.52842105
1185	train/batch_box_iou	0.10012572
1185	train/batch_cls_loss	0.38968703
1185	train/batch_box_loss	0.01521460
1186	train/loss_step	2.35193896
1186	train/lr	0.00030000
1186	train/batch_acc	0.52566735
1186	train/batch_box_iou	0.08071259
1186	train/batch_cls_loss	0.43429676
1186	train/batch_box_loss	0.01581349
1187	train/loss_step	2.32959604
1187	train/lr	0.00030000
1187	train/batch_acc	0.53991597
1187	train/batch_box_iou	0.07476469
1187	train/batch_cls_loss	0.39996070
1187	train/batch_box_loss	0.01583292
1188	train/loss_step	2.33469868
1188	train/lr	0.00030000
1188	train/batch_acc	0.45052632
1188	train/batch_box_iou	0.09524270
1188	train/batch_cls_loss	0.44839627
1188	train/batch_box_loss	0.01535755
1189	train/loss_step	2.27046728
1189	train/lr	0.00030000
1189	train/batch_acc	0.46913580
1189	train/batch_box_iou	0.10690849
1189	train/batch_cls_loss	0.41058373
1189	train/batch_box_loss	0.01474008
1190	train/loss_step	2.31678271
1190	train/lr	0.00030000
1190	train/batch_acc	0.48237885
1190	train/batch_box_iou	0.08495890
1190	train/batch_cls_loss	0.40693784
1190	train/batch_box_loss	0.01595254
1191	train/loss_step	2.22854924
1191	train/lr	0.00030000
1191	train/batch_acc	0.51724138
1191	train/batch_box_iou	0.09508551
1191	train/batch_cls_loss	0.35185614
1191	train/batch_box_loss	0.01337283
1192	train/loss_step	2.28756142
1192	train/lr	0.00030000
1192	train/batch_acc	0.51372549
1192	train/batch_box_iou	0.10071089
1192	train/batch_cls_loss	0.41341108
1192	train/batch_box_loss	0.01511443
1193	train/loss_step	2.23432779
1193	train/lr	0.00030000
1193	train/batch_acc	0.54466231
1193	train/batch_box_iou	0.11245313
1193	train/batch_cls_loss	0.38932824
1193	train/batch_box_loss	0.01398114
1194	train/loss_step	2.32211232
1194	train/lr	0.00030000
1194	train/batch_acc	0.52512563
1194	train/batch_box_iou	0.06270871
1194	train/batch_cls_loss	0.37043610
1194	train/batch_box_loss	0.01541875
1195	train/loss_step	2.24185157
1195	train/lr	0.00030000
1195	train/batch_acc	0.48842593
1195	train/batch_box_iou	0.10727444
1195	train/batch_cls_loss	0.37900677
1195	train/batch_box_loss	0.01547872
1196	train/loss_step	2.21490717
1196	train/lr	0.00030000
1196	train/batch_acc	0.54226804
1196	train/batch_box_iou	0.13203271
1196	train/batch_cls_loss	0.41087189
1196	train/batch_box_loss	0.01362014
1197	train/loss_step	2.21311188
1197	train/lr	0.00030000
1197	train/batch_acc	0.47174447
1197	train/batch_box_iou	0.12008101
1197	train/batch_cls_loss	0.38653323
1197	train/batch_box_loss	0.01334815
1198	train/loss_step	2.26788926
1198	train/lr	0.00030000
1198	train/batch_acc	0.47085202
1198	train/batch_box_iou	0.10200024
1198	train/batch_cls_loss	0.39638507
1198	train/batch_box_loss	0.01510092
1199	train/loss_step	2.31225944
1199	train/lr	0.00030000
1199	train/batch_acc	0.48617512
1199	train/batch_box_iou	0.08485617
1199	train/batch_cls_loss	0.40776187
1199	train/batch_box_loss	0.01484196
1200	train/loss_step	2.60305285
1200	train/lr	0.00030000
1200	train/batch_acc	0.35849057
1200	train/batch_box_iou	0.04184371
1200	train/batch_cls_loss	0.59733534
1200	train/batch_box_loss	0.01788099
25	train/loss_epoch	2.28145273
25	train/epoch_acc	0.50282697
25	train/epoch_box_iou	0.09533078
25	val/loss	2.33994183
25	val/acc	0.51561154
25	val/box_iou	0.08971160
25	val/mAP	0.00222174
25	val/mAP50_95	0.00035105
25	val/precision	0.00996023
25	val/recall	0.01628482
25	train/early_stop_loss	2.33994183
1201	train/loss_step	2.23717141
1201	train/lr	0.00030000
1201	train/batch_acc	0.42298289
1201	train/batch_box_iou	0.10809970
1201	train/batch_cls_loss	0.37962160
1201	train/batch_box_loss	0.01474984
1202	train/loss_step	2.31905890
1202	train/lr	0.00030000
1202	train/batch_acc	0.47598253
1202	train/batch_box_iou	0.08147186
1202	train/batch_cls_loss	0.40478662
1202	train/batch_box_loss	0.01544320
1203	train/loss_step	2.27246237
1203	train/lr	0.00030000
1203	train/batch_acc	0.58064516
1203	train/batch_box_iou	0.09995298
1203	train/batch_cls_loss	0.40039295
1203	train/batch_box_loss	0.01439508
1204	train/loss_step	2.29221058
1204	train/lr	0.00030000
1204	train/batch_acc	0.48711340
1204	train/batch_box_iou	0.08506519
1204	train/batch_cls_loss	0.38621503
1204	train/batch_box_loss	0.01522521
1205	train/loss_step	2.32210016
1205	train/lr	0.00030000
1205	train/batch_acc	0.54800000
1205	train/batch_box_iou	0.07908394
1205	train/batch_cls_loss	0.39618605
1205	train/batch_box_loss	0.01681637
1206	train/loss_step	2.24977016
1206	train/lr	0.00030000
1206	train/batch_acc	0.53669725
1206	train/batch_box_iou	0.11032885
1206	train/batch_cls_loss	0.39288622
1206	train/batch_box_loss	0.01550830
1207	train/loss_step	2.26712680
1207	train/lr	0.00030000
1207	train/batch_acc	0.52620968
1207	train/batch_box_iou	0.10202786
1207	train/batch_cls_loss	0.39092249
1207	train/batch_box_loss	0.01605199
1208	train/loss_step	2.19122553
1208	train/lr	0.00030000
1208	train/batch_acc	0.55847255
1208	train/batch_box_iou	0.11933506
1208	train/batch_cls_loss	0.36142293
1208	train/batch_box_loss	0.01369457
1209	train/loss_step	2.26597857
1209	train/lr	0.00030000
1209	train/batch_acc	0.59217877
1209	train/batch_box_iou	0.09852108
1209	train/batch_cls_loss	0.39659667
1209	train/batch_box_loss	0.01328482
1210	train/loss_step	2.35917830
1210	train/lr	0.00030000
1210	train/batch_acc	0.48336595
1210	train/batch_box_iou	0.07424492
1210	train/batch_cls_loss	0.43239999
1210	train/batch_box_loss	0.01505364
1211	train/loss_step	2.28540659
1211	train/lr	0.00030000
1211	train/batch_acc	0.48305085
1211	train/batch_box_iou	0.09659061
1211	train/batch_cls_loss	0.40307486
1211	train/batch_box_loss	0.01510261
1212	train/loss_step	2.20129204
1212	train/lr	0.00030000
1212	train/batch_acc	0.53452116
1212	train/batch_box_iou	0.11738308
1212	train/batch_cls_loss	0.36362499
1212	train/batch_box_loss	0.01448661
1213	train/loss_step	2.27515101
1213	train/lr	0.00030000
1213	train/batch_acc	0.48712446
1213	train/batch_box_iou	0.10240790
1213	train/batch_cls_loss	0.40832302
1213	train/batch_box_loss	0.01432876
1214	train/loss_step	2.30440426
1214	train/lr	0.00030000
1214	train/batch_acc	0.53473684
1214	train/batch_box_iou	0.08137137
1214	train/batch_cls_loss	0.38341212
1214	train/batch_box_loss	0.01674700
1215	train/loss_step	2.32049870
1215	train/lr	0.00030000
1215	train/batch_acc	0.52242152
1215	train/batch_box_iou	0.06661388
1215	train/batch_cls_loss	0.37056240
1215	train/batch_box_loss	0.01663281
1216	train/loss_step	2.28157330
1216	train/lr	0.00030000
1216	train/batch_acc	0.38440860
1216	train/batch_box_iou	0.10570570
1216	train/batch_cls_loss	0.41653496
1216	train/batch_box_loss	0.01528992
1217	train/loss_step	2.23184466
1217	train/lr	0.00030000
1217	train/batch_acc	0.52267819
1217	train/batch_box_iou	0.10858528
1217	train/batch_cls_loss	0.37406534
1217	train/batch_box_loss	0.01498998
1218	train/loss_step	2.23452616
1218	train/lr	0.00030000
1218	train/batch_acc	0.51716247
1218	train/batch_box_iou	0.09678454
1218	train/batch_cls_loss	0.35359138
1218	train/batch_box_loss	0.01490077
1219	train/loss_step	2.25535083
1219	train/lr	0.00030000
1219	train/batch_acc	0.45685279
1219	train/batch_box_iou	0.10959200
1219	train/batch_cls_loss	0.39631319
1219	train/batch_box_loss	0.01564433
1220	train/loss_step	2.32211328
1220	train/lr	0.00030000
1220	train/batch_acc	0.51515152
1220	train/batch_box_iou	0.08492750
1220	train/batch_cls_loss	0.41196007
1220	train/batch_box_loss	0.01600163
1221	train/loss_step	2.28992462
1221	train/lr	0.00030000
1221	train/batch_acc	0.48883929
1221	train/batch_box_iou	0.08942512
1221	train/batch_cls_loss	0.39041972
1221	train/batch_box_loss	0.01567103
1222	train/loss_step	2.25092268
1222	train/lr	0.00030000
1222	train/batch_acc	0.46984925
1222	train/batch_box_iou	0.09662347
1222	train/batch_cls_loss	0.36910638
1222	train/batch_box_loss	0.01501264
1223	train/loss_step	2.29228449
1223	train/lr	0.00030000
1223	train/batch_acc	0.45822785
1223	train/batch_box_iou	0.08932932
1223	train/batch_cls_loss	0.40053260
1223	train/batch_box_loss	0.01408209
1224	train/loss_step	2.24821734
1224	train/lr	0.00030000
1224	train/batch_acc	0.42512077
1224	train/batch_box_iou	0.10430129
1224	train/batch_cls_loss	0.38130897
1224	train/batch_box_loss	0.01510217
1225	train/loss_step	2.34555745
1225	train/lr	0.00030000
1225	train/batch_acc	0.44142259
1225	train/batch_box_iou	0.09490130
1225	train/batch_cls_loss	0.45433170
1225	train/batch_box_loss	0.01620569
1226	train/loss_step	2.25986433
1226	train/lr	0.00030000
1226	train/batch_acc	0.47785548
1226	train/batch_box_iou	0.10114917
1226	train/batch_cls_loss	0.39019060
1226	train/batch_box_loss	0.01439440
1227	train/loss_step	2.20035958
1227	train/lr	0.00030000
1227	train/batch_acc	0.46560847
1227	train/batch_box_iou	0.11119454
1227	train/batch_cls_loss	0.35595515
1227	train/batch_box_loss	0.01335869
1228	train/loss_step	2.28076458
1228	train/lr	0.00030000
1228	train/batch_acc	0.49895178
1228	train/batch_box_iou	0.08838708
1228	train/batch_cls_loss	0.37992251
1228	train/batch_box_loss	0.01552322
1229	train/loss_step	2.31906009
1229	train/lr	0.00030000
1229	train/batch_acc	0.49698189
1229	train/batch_box_iou	0.07766575
1229	train/batch_cls_loss	0.39619344
1229	train/batch_box_loss	0.01563961
1230	train/loss_step	2.31171417
1230	train/lr	0.00030000
1230	train/batch_acc	0.44135189
1230	train/batch_box_iou	0.08486001
1230	train/batch_cls_loss	0.40814465
1230	train/batch_box_loss	0.01465789
1231	train/loss_step	2.23168039
1231	train/lr	0.00030000
1231	train/batch_acc	0.47880299
1231	train/batch_box_iou	0.09092218
1231	train/batch_cls_loss	0.34450793
1231	train/batch_box_loss	0.01380335
1232	train/loss_step	2.28063774
1232	train/lr	0.00030000
1232	train/batch_acc	0.49217002
1232	train/batch_box_iou	0.09058625
1232	train/batch_cls_loss	0.38415092
1232	train/batch_box_loss	0.01553186
1233	train/loss_step	2.31672287
1233	train/lr	0.00030000
1233	train/batch_acc	0.47686117
1233	train/batch_box_iou	0.08370648
1233	train/batch_cls_loss	0.40457797
1233	train/batch_box_loss	0.01591156
1234	train/loss_step	2.19606471
1234	train/lr	0.00030000
1234	train/batch_acc	0.47695853
1234	train/batch_box_iou	0.11963010
1234	train/batch_cls_loss	0.36751238
1234	train/batch_box_loss	0.01356250
1235	train/loss_step	2.20672965
1235	train/lr	0.00030000
1235	train/batch_acc	0.53469388
1235	train/batch_box_iou	0.12328337
1235	train/batch_cls_loss	0.37959528
1235	train/batch_box_loss	0.01474021
1236	train/loss_step	2.28089142
1236	train/lr	0.00030000
1236	train/batch_acc	0.52749491
1236	train/batch_box_iou	0.09308173
1236	train/batch_cls_loss	0.38974625
1236	train/batch_box_loss	0.01546170
1237	train/loss_step	2.27120161
1237	train/lr	0.00030000
1237	train/batch_acc	0.51888668
1237	train/batch_box_iou	0.09937648
1237	train/batch_cls_loss	0.40006495
1237	train/batch_box_loss	0.01397794
1238	train/loss_step	2.25074959
1238	train/lr	0.00030000
1238	train/batch_acc	0.51368421
1238	train/batch_box_iou	0.09317806
1238	train/batch_cls_loss	0.36676425
1238	train/batch_box_loss	0.01406830
1239	train/loss_step	2.23599982
1239	train/lr	0.00030000
1239	train/batch_acc	0.48206278
1239	train/batch_box_iou	0.10685337
1239	train/batch_cls_loss	0.38032514
1239	train/batch_box_loss	0.01387629
1240	train/loss_step	2.23404408
1240	train/lr	0.00030000
1240	train/batch_acc	0.49876543
1240	train/batch_box_iou	0.10224631
1240	train/batch_cls_loss	0.35176694
1240	train/batch_box_loss	0.01735393
1241	train/loss_step	2.23928380
1241	train/lr	0.00030000
1241	train/batch_acc	0.51873767
1241	train/batch_box_iou	0.12043040
1241	train/batch_cls_loss	0.40120947
1241	train/batch_box_loss	0.01578701
1242	train/loss_step	2.36238885
1242	train/lr	0.00030000
1242	train/batch_acc	0.47686117
1242	train/batch_box_iou	0.07737589
1242	train/batch_cls_loss	0.43143505
1242	train/batch_box_loss	0.01714113
1243	train/loss_step	2.25309038
1243	train/lr	0.00030000
1243	train/batch_acc	0.47152620
1243	train/batch_box_iou	0.11293600
1243	train/batch_cls_loss	0.40536186
1243	train/batch_box_loss	0.01472009
1244	train/loss_step	2.26327515
1244	train/lr	0.00030000
1244	train/batch_acc	0.52212389
1244	train/batch_box_iou	0.09146871
1244	train/batch_cls_loss	0.37791336
1244	train/batch_box_loss	0.01365985
1245	train/loss_step	2.30804968
1245	train/lr	0.00030000
1245	train/batch_acc	0.52322738
1245	train/batch_box_iou	0.07770889
1245	train/batch_cls_loss	0.38751331
1245	train/batch_box_loss	0.01519085
1246	train/loss_step	2.32848120
1246	train/lr	0.00030000
1246	train/batch_acc	0.45474138
1246	train/batch_box_iou	0.09788933
1246	train/batch_cls_loss	0.43934125
1246	train/batch_box_loss	0.01698373
1247	train/loss_step	2.29476690
1247	train/lr	0.00030000
1247	train/batch_acc	0.51689861
1247	train/batch_box_iou	0.08821633
1247	train/batch_cls_loss	0.39273936
1247	train/batch_box_loss	0.01569203
1248	train/loss_step	2.22193456
1248	train/lr	0.00030000
1248	train/batch_acc	0.52631579
1248	train/batch_box_iou	0.13025603
1248	train/batch_cls_loss	0.40896341
1248	train/batch_box_loss	0.01469664
26	train/loss_epoch	2.27463026
26	train/epoch_acc	0.49792066
26	train/epoch_box_iou	0.09625583
26	val/loss	2.34181941
26	val/acc	0.51754953
26	val/box_iou	0.09190861
26	val/mAP	0.00196262
26	val/mAP50_95	0.00032111
26	val/precision	0.01228674
26	val/recall	0.01815566
26	train/early_stop_loss	2.34181941
1249	train/loss_step	2.37479281
1249	train/lr	0.00030000
1249	train/batch_acc	0.45404412
1249	train/batch_box_iou	0.09227737
1249	train/batch_cls_loss	0.48464763
1249	train/batch_box_loss	0.01493997
1250	train/loss_step	2.30713224
1250	train/lr	0.00030000
1250	train/batch_acc	0.42022472
1250	train/batch_box_iou	0.09084423
1250	train/batch_cls_loss	0.40957475
1250	train/batch_box_loss	0.01584919
1251	train/loss_step	2.22586966
1251	train/lr	0.00030000
1251	train/batch_acc	0.56400000
1251	train/batch_box_iou	0.12006515
1251	train/batch_cls_loss	0.39534682
1251	train/batch_box_loss	0.01413065
1252	train/loss_step	2.28294039
1252	train/lr	0.00030000
1252	train/batch_acc	0.46882793
1252	train/batch_box_iou	0.08429311
1252	train/batch_cls_loss	0.37840313
1252	train/batch_box_loss	0.01462473
1253	train/loss_step	2.25377560
1253	train/lr	0.00030000
1253	train/batch_acc	0.53091684
1253	train/batch_box_iou	0.09707624
1253	train/batch_cls_loss	0.37431082
1253	train/batch_box_loss	0.01472345
1254	train/loss_step	2.32908869
1254	train/lr	0.00030000
1254	train/batch_acc	0.49202733
1254	train/batch_box_iou	0.08653230
1254	train/batch_cls_loss	0.41575849
1254	train/batch_box_loss	0.01727895
1255	train/loss_step	2.26237917
1255	train/lr	0.00030000
1255	train/batch_acc	0.56461233
1255	train/batch_box_iou	0.10182653
1255	train/batch_cls_loss	0.38302970
1255	train/batch_box_loss	0.01660054
1256	train/loss_step	2.28366089
1256	train/lr	0.00030000
1256	train/batch_acc	0.49482402
1256	train/batch_box_iou	0.10851163
1256	train/batch_cls_loss	0.42479813
1256	train/batch_box_loss	0.01517722
1257	train/loss_step	2.27495456
1257	train/lr	0.00030000
1257	train/batch_acc	0.52886836
1257	train/batch_box_iou	0.08776209
1257	train/batch_cls_loss	0.38010293
1257	train/batch_box_loss	0.01407517
1258	train/loss_step	2.23542380
1258	train/lr	0.00030000
1258	train/batch_acc	0.52870813
1258	train/batch_box_iou	0.09085714
1258	train/batch_cls_loss	0.34075916
1258	train/batch_box_loss	0.01527577
1259	train/loss_step	2.26724172
1259	train/lr	0.00030000
1259	train/batch_acc	0.53882353
1259	train/batch_box_iou	0.08973372
1259	train/batch_cls_loss	0.36702126
1259	train/batch_box_loss	0.01593758
1260	train/loss_step	2.24811101
1260	train/lr	0.00030000
1260	train/batch_acc	0.54883721
1260	train/batch_box_iou	0.09802552
1260	train/batch_cls_loss	0.37022042
1260	train/batch_box_loss	0.01478833
1261	train/loss_step	2.24368620
1261	train/lr	0.00030000
1261	train/batch_acc	0.55048077
1261	train/batch_box_iou	0.08792553
1261	train/batch_cls_loss	0.34688228
1261	train/batch_box_loss	0.01453098
1262	train/loss_step	2.28533292
1262	train/lr	0.00030000
1262	train/batch_acc	0.47787611
1262	train/batch_box_iou	0.09121983
1262	train/batch_cls_loss	0.39789194
1262	train/batch_box_loss	0.01397613
1263	train/loss_step	2.32746196
1263	train/lr	0.00030000
1263	train/batch_acc	0.56321839
1263	train/batch_box_iou	0.08262894
1263	train/batch_cls_loss	0.41408125
1263	train/batch_box_loss	0.01572772
1264	train/loss_step	2.21963072
1264	train/lr	0.00030000
1264	train/batch_acc	0.44444444
1264	train/batch_box_iou	0.11224978
1264	train/batch_cls_loss	0.37793559
1264	train/batch_box_loss	0.01323893
1265	train/loss_step	2.21189737
1265	train/lr	0.00030000
1265	train/batch_acc	0.52521008
1265	train/batch_box_iou	0.11019929
1265	train/batch_cls_loss	0.36209348
1265	train/batch_box_loss	0.01404049
1266	train/loss_step	2.22630048
1266	train/lr	0.00030000
1266	train/batch_acc	0.57210402
1266	train/batch_box_iou	0.09856959
1266	train/batch_cls_loss	0.34838924
1266	train/batch_box_loss	0.01501008
1267	train/loss_step	2.33092880
1267	train/lr	0.00030000
1267	train/batch_acc	0.55896226
1267	train/batch_box_iou	0.06752545
1267	train/batch_cls_loss	0.38726351
1267	train/batch_box_loss	0.01574325
1268	train/loss_step	2.26298928
1268	train/lr	0.00030000
1268	train/batch_acc	0.47010309
1268	train/batch_box_iou	0.11479454
1268	train/batch_cls_loss	0.41468865
1268	train/batch_box_loss	0.01557795
1269	train/loss_step	2.31977797
1269	train/lr	0.00030000
1269	train/batch_acc	0.51440329
1269	train/batch_box_iou	0.07903149
1269	train/batch_cls_loss	0.39382079
1269	train/batch_box_loss	0.01680403
1270	train/loss_step	2.32167363
1270	train/lr	0.00030000
1270	train/batch_acc	0.47036329
1270	train/batch_box_iou	0.09105670
1270	train/batch_cls_loss	0.42858374
1270	train/batch_box_loss	0.01504066
1271	train/loss_step	2.29171824
1271	train/lr	0.00030000
1271	train/batch_acc	0.50635593
1271	train/batch_box_iou	0.08830906
1271	train/batch_cls_loss	0.38786942
1271	train/batch_box_loss	0.01609338
1272	train/loss_step	2.23743343
1272	train/lr	0.00030000
1272	train/batch_acc	0.52064220
1272	train/batch_box_iou	0.09942599
1272	train/batch_cls_loss	0.36141607
1272	train/batch_box_loss	0.01497384
1273	train/loss_step	2.31402564
1273	train/lr	0.00030000
1273	train/batch_acc	0.49186992
1273	train/batch_box_iou	0.09356889
1273	train/batch_cls_loss	0.41158718
1273	train/batch_box_loss	0.01791527
1274	train/loss_step	2.24026084
1274	train/lr	0.00030000
1274	train/batch_acc	0.55797101
1274	train/batch_box_iou	0.09122395
1274	train/batch_cls_loss	0.34649688
1274	train/batch_box_loss	0.01524238
1275	train/loss_step	2.27760482
1275	train/lr	0.00030000
1275	train/batch_acc	0.48643006
1275	train/batch_box_iou	0.11239075
1275	train/batch_cls_loss	0.43321800
1275	train/batch_box_loss	0.01383366
1276	train/loss_step	2.27653384
1276	train/lr	0.00030000
1276	train/batch_acc	0.48491879
1276	train/batch_box_iou	0.10707112
1276	train/batch_cls_loss	0.41484076
1276	train/batch_box_loss	0.01516706
1277	train/loss_step	2.30141878
1277	train/lr	0.00030000
1277	train/batch_acc	0.48394004
1277	train/batch_box_iou	0.10439863
1277	train/batch_cls_loss	0.43183893
1277	train/batch_box_loss	0.01567542
1278	train/loss_step	2.29981256
1278	train/lr	0.00030000
1278	train/batch_acc	0.47667343
1278	train/batch_box_iou	0.10117792
1278	train/batch_cls_loss	0.42582476
1278	train/batch_box_loss	0.01526872
1279	train/loss_step	2.24276996
1279	train/lr	0.00030000
1279	train/batch_acc	0.56756757
1279	train/batch_box_iou	0.10278224
1279	train/batch_cls_loss	0.36920804
1279	train/batch_box_loss	0.01582528
1280	train/loss_step	2.22831440
1280	train/lr	0.00030000
1280	train/batch_acc	0.56719818
1280	train/batch_box_iou	0.10202814
1280	train/batch_cls_loss	0.35641044
1280	train/batch_box_loss	0.01519205
1281	train/loss_step	2.31181145
1281	train/lr	0.00030000
1281	train/batch_acc	0.43792325
1281	train/batch_box_iou	0.08038647
1281	train/batch_cls_loss	0.39110667
1281	train/batch_box_loss	0.01629553
1282	train/loss_step	2.17086554
1282	train/lr	0.00030000
1282	train/batch_acc	0.50512821
1282	train/batch_box_iou	0.12212636
1282	train/batch_cls_loss	0.35084558
1282	train/batch_box_loss	0.01285454
1283	train/loss_step	2.29622555
1283	train/lr	0.00030000
1283	train/batch_acc	0.52173913
1283	train/batch_box_iou	0.08664982
1283	train/batch_cls_loss	0.38649064
1283	train/batch_box_loss	0.01660693
1284	train/loss_step	2.30869937
1284	train/lr	0.00030000
1284	train/batch_acc	0.43908046
1284	train/batch_box_iou	0.08983380
1284	train/batch_cls_loss	0.41386116
1284	train/batch_box_loss	0.01490115
1285	train/loss_step	2.31144524
1285	train/lr	0.00030000
1285	train/batch_acc	0.50228311
1285	train/batch_box_iou	0.07928754
1285	train/batch_cls_loss	0.39951599
1285	train/batch_box_loss	0.01410088
1286	train/loss_step	2.25652933
1286	train/lr	0.00030000
1286	train/batch_acc	0.49638554
1286	train/batch_box_iou	0.09739596
1286	train/batch_cls_loss	0.37638170
1286	train/batch_box_loss	0.01498792
1287	train/loss_step	2.25946593
1287	train/lr	0.00030000
1287	train/batch_acc	0.53086420
1287	train/batch_box_iou	0.09997031
1287	train/batch_cls_loss	0.38789922
1287	train/batch_box_loss	0.01430149
1288	train/loss_step	2.35010362
1288	train/lr	0.00030000
1288	train/batch_acc	0.51177730
1288	train/batch_box_iou	0.06788747
1288	train/batch_cls_loss	0.40729761
1288	train/batch_box_loss	0.01571621
1289	train/loss_step	2.20738983
1289	train/lr	0.00030000
1289	train/batch_acc	0.54989817
1289	train/batch_box_iou	0.11442826
1289	train/batch_cls_loss	0.36426657
1289	train/batch_box_loss	0.01439599
1290	train/loss_step	2.14447188
1290	train/lr	0.00030000
1290	train/batch_acc	0.54734411
1290	train/batch_box_iou	0.14203180
1290	train/batch_cls_loss	0.37047487
1290	train/batch_box_loss	0.01161211
1291	train/loss_step	2.27694750
1291	train/lr	0.00030000
1291	train/batch_acc	0.51792115
1291	train/batch_box_iou	0.12161558
1291	train/batch_cls_loss	0.43895832
1291	train/batch_box_loss	0.01624409
1292	train/loss_step	2.26192737
1292	train/lr	0.00030000
1292	train/batch_acc	0.51886792
1292	train/batch_box_iou	0.09021461
1292	train/batch_cls_loss	0.36734885
1292	train/batch_box_loss	0.01500153
1293	train/loss_step	2.27784371
1293	train/lr	0.00030000
1293	train/batch_acc	0.42080378
1293	train/batch_box_iou	0.09604269
1293	train/batch_cls_loss	0.39318836
1293	train/batch_box_loss	0.01534815
1294	train/loss_step	2.24253249
1294	train/lr	0.00030000
1294	train/batch_acc	0.53379953
1294	train/batch_box_iou	0.09986564
1294	train/batch_cls_loss	0.36154091
1294	train/batch_box_loss	0.01614455
1295	train/loss_step	2.26813745
1295	train/lr	0.00030000
1295	train/batch_acc	0.50561798
1295	train/batch_box_iou	0.09030328
1295	train/batch_cls_loss	0.37846184
1295	train/batch_box_loss	0.01405645
1296	train/loss_step	2.35874128
1296	train/lr	0.00030000
1296	train/batch_acc	0.42592593
1296	train/batch_box_iou	0.09840656
1296	train/batch_cls_loss	0.49418861
1296	train/batch_box_loss	0.01227314
27	train/loss_epoch	2.27301213
27	train/epoch_acc	0.50978926
27	train/epoch_box_iou	0.09723764
27	val/loss	2.33420841
27	val/acc	0.49569337
27	val/box_iou	0.09203622
27	val/mAP	0.00323956
27	val/mAP50_95	0.00061924
27	val/precision	0.01132619
27	val/recall	0.02045733
27	train/early_stop_loss	2.33420841
1297	train/loss_step	2.25154281
1297	train/lr	0.00030000
1297	train/batch_acc	0.53913043
1297	train/batch_box_iou	0.08743266
1297	train/batch_cls_loss	0.35317439
1297	train/batch_box_loss	0.01464675
1298	train/loss_step	2.24654365
1298	train/lr	0.00030000
1298	train/batch_acc	0.47368421
1298	train/batch_box_iou	0.10580382
1298	train/batch_cls_loss	0.38942593
1298	train/batch_box_loss	0.01374508
1299	train/loss_step	2.31569529
1299	train/lr	0.00030000
1299	train/batch_acc	0.49247312
1299	train/batch_box_iou	0.08385107
1299	train/batch_cls_loss	0.40778702
1299	train/batch_box_loss	0.01512208
1300	train/loss_step	2.29078937
1300	train/lr	0.00030000
1300	train/batch_acc	0.48138958
1300	train/batch_box_iou	0.08643667
1300	train/batch_cls_loss	0.38102019
1300	train/batch_box_loss	0.01652850
1301	train/loss_step	2.26936150
1301	train/lr	0.00030000
1301	train/batch_acc	0.55696203
1301	train/batch_box_iou	0.08159106
1301	train/batch_cls_loss	0.35324904
1301	train/batch_box_loss	0.01585892
1302	train/loss_step	2.29582763
1302	train/lr	0.00030000
1302	train/batch_acc	0.52806653
1302	train/batch_box_iou	0.09304894
1302	train/batch_cls_loss	0.39835051
1302	train/batch_box_loss	0.01671498
1303	train/loss_step	2.24983716
1303	train/lr	0.00030000
1303	train/batch_acc	0.50728155
1303	train/batch_box_iou	0.10122680
1303	train/batch_cls_loss	0.38602298
1303	train/batch_box_loss	0.01325356
1304	train/loss_step	2.25286722
1304	train/lr	0.00030000
1304	train/batch_acc	0.45054945
1304	train/batch_box_iou	0.11596876
1304	train/batch_cls_loss	0.41356832
1304	train/batch_box_loss	0.01424728
1305	train/loss_step	2.21234632
1305	train/lr	0.00030000
1305	train/batch_acc	0.53200883
1305	train/batch_box_iou	0.11680520
1305	train/batch_cls_loss	0.37667727
1305	train/batch_box_loss	0.01385590
1306	train/loss_step	2.19792223
1306	train/lr	0.00030000
1306	train/batch_acc	0.48251748
1306	train/batch_box_iou	0.10829239
1306	train/batch_cls_loss	0.34618247
1306	train/batch_box_loss	0.01366490
1307	train/loss_step	2.24862528
1307	train/lr	0.00030000
1307	train/batch_acc	0.49210526
1307	train/batch_box_iou	0.09145183
1307	train/batch_cls_loss	0.35497195
1307	train/batch_box_loss	0.01531140
1308	train/loss_step	2.21578169
1308	train/lr	0.00030000
1308	train/batch_acc	0.45303867
1308	train/batch_box_iou	0.10716833
1308	train/batch_cls_loss	0.36682153
1308	train/batch_box_loss	0.01265937
1309	train/loss_step	2.27450204
1309	train/lr	0.00030000
1309	train/batch_acc	0.44400000
1309	train/batch_box_iou	0.10236882
1309	train/batch_cls_loss	0.40322885
1309	train/batch_box_loss	0.01520217
1310	train/loss_step	2.31189656
1310	train/lr	0.00030000
1310	train/batch_acc	0.49678801
1310	train/batch_box_iou	0.07985419
1310	train/batch_cls_loss	0.39304239
1310	train/batch_box_loss	0.01571251
1311	train/loss_step	2.24321508
1311	train/lr	0.00030000
1311	train/batch_acc	0.52619048
1311	train/batch_box_iou	0.09425010
1311	train/batch_cls_loss	0.35174406
1311	train/batch_box_loss	0.01599421
1312	train/loss_step	2.29408383
1312	train/lr	0.00030000
1312	train/batch_acc	0.51120163
1312	train/batch_box_iou	0.10155864
1312	train/batch_cls_loss	0.42300364
1312	train/batch_box_loss	0.01483948
1313	train/loss_step	2.29284048
1313	train/lr	0.00030000
1313	train/batch_acc	0.51167315
1313	train/batch_box_iou	0.09641939
1313	train/batch_cls_loss	0.40465507
1313	train/batch_box_loss	0.01620486
1314	train/loss_step	2.26356459
1314	train/lr	0.00030000
1314	train/batch_acc	0.47794118
1314	train/batch_box_iou	0.09305427
1314	train/batch_cls_loss	0.37819591
1314	train/batch_box_loss	0.01429548
1315	train/loss_step	2.24857235
1315	train/lr	0.00030000
1315	train/batch_acc	0.48699764
1315	train/batch_box_iou	0.10386160
1315	train/batch_cls_loss	0.38279277
1315	train/batch_box_loss	0.01470053
1316	train/loss_step	2.37352610
1316	train/lr	0.00030000
1316	train/batch_acc	0.41245136
1316	train/batch_box_iou	0.08538296
1316	train/batch_cls_loss	0.46052536
1316	train/batch_box_loss	0.01675335
1317	train/loss_step	2.24291587
1317	train/lr	0.00030000
1317	train/batch_acc	0.52024291
1317	train/batch_box_iou	0.11287481
1317	train/batch_cls_loss	0.39022207
1317	train/batch_box_loss	0.01568869
1318	train/loss_step	2.28426075
1318	train/lr	0.00030000
1318	train/batch_acc	0.49369748
1318	train/batch_box_iou	0.09674229
1318	train/batch_cls_loss	0.40272892
1318	train/batch_box_loss	0.01500328
1319	train/loss_step	2.22143769
1319	train/lr	0.00030000
1319	train/batch_acc	0.47584541
1319	train/batch_box_iou	0.11256061
1319	train/batch_cls_loss	0.37927127
1319	train/batch_box_loss	0.01345755
1320	train/loss_step	2.26946330
1320	train/lr	0.00030000
1320	train/batch_acc	0.48245614
1320	train/batch_box_iou	0.09726676
1320	train/batch_cls_loss	0.38649774
1320	train/batch_box_loss	0.01549984
1321	train/loss_step	2.20955038
1321	train/lr	0.00030000
1321	train/batch_acc	0.59730250
1321	train/batch_box_iou	0.11572596
1321	train/batch_cls_loss	0.36412978
1321	train/batch_box_loss	0.01537449
1322	train/loss_step	2.33405638
1322	train/lr	0.00030000
1322	train/batch_acc	0.48033126
1322	train/batch_box_iou	0.08462950
1322	train/batch_cls_loss	0.42687830
1322	train/batch_box_loss	0.01528738
1323	train/loss_step	2.33190370
1323	train/lr	0.00030000
1323	train/batch_acc	0.46250000
1323	train/batch_box_iou	0.09265160
1323	train/batch_cls_loss	0.44276181
1323	train/batch_box_loss	0.01488902
1324	train/loss_step	2.21517348
1324	train/lr	0.00030000
1324	train/batch_acc	0.56371490
1324	train/batch_box_iou	0.11874696
1324	train/batch_cls_loss	0.38099247
1324	train/batch_box_loss	0.01433498
1325	train/loss_step	2.33830070
1325	train/lr	0.00030000
1325	train/batch_acc	0.56433409
1325	train/batch_box_iou	0.07099801
1325	train/batch_cls_loss	0.39952928
1325	train/batch_box_loss	0.01615349
1326	train/loss_step	2.26159739
1326	train/lr	0.00030000
1326	train/batch_acc	0.55294118
1326	train/batch_box_iou	0.10673771
1326	train/batch_cls_loss	0.39082009
1326	train/batch_box_loss	0.01685056
1327	train/loss_step	2.28012419
1327	train/lr	0.00030000
1327	train/batch_acc	0.48678414
1327	train/batch_box_iou	0.09824291
1327	train/batch_cls_loss	0.40105483
1327	train/batch_box_loss	0.01511100
1328	train/loss_step	2.28643322
1328	train/lr	0.00030000
1328	train/batch_acc	0.48072562
1328	train/batch_box_iou	0.08890409
1328	train/batch_cls_loss	0.38870963
1328	train/batch_box_loss	0.01510633
1329	train/loss_step	2.28262329
1329	train/lr	0.00030000
1329	train/batch_acc	0.54272517
1329	train/batch_box_iou	0.08326534
1329	train/batch_cls_loss	0.37359583
1329	train/batch_box_loss	0.01511162
1330	train/loss_step	2.29795980
1330	train/lr	0.00030000
1330	train/batch_acc	0.44708423
1330	train/batch_box_iou	0.09003222
1330	train/batch_cls_loss	0.40817690
1330	train/batch_box_loss	0.01396945
1331	train/loss_step	2.30029035
1331	train/lr	0.00030000
1331	train/batch_acc	0.49647059
1331	train/batch_box_iou	0.08208191
1331	train/batch_cls_loss	0.39031798
1331	train/batch_box_loss	0.01482724
1332	train/loss_step	2.25364065
1332	train/lr	0.00030000
1332	train/batch_acc	0.50219298
1332	train/batch_box_iou	0.09779058
1332	train/batch_cls_loss	0.37273175
1332	train/batch_box_loss	0.01529803
1333	train/loss_step	2.30002189
1333	train/lr	0.00030000
1333	train/batch_acc	0.46652268
1333	train/batch_box_iou	0.09554246
1333	train/batch_cls_loss	0.41240031
1333	train/batch_box_loss	0.01574128
1334	train/loss_step	2.27947521
1334	train/lr	0.00030000
1334	train/batch_acc	0.45043103
1334	train/batch_box_iou	0.09882088
1334	train/batch_cls_loss	0.40432352
1334	train/batch_box_loss	0.01455869
1335	train/loss_step	2.26423693
1335	train/lr	0.00030000
1335	train/batch_acc	0.46516854
1335	train/batch_box_iou	0.09022565
1335	train/batch_cls_loss	0.37179479
1335	train/batch_box_loss	0.01457869
1336	train/loss_step	2.26751852
1336	train/lr	0.00030000
1336	train/batch_acc	0.48578811
1336	train/batch_box_iou	0.09061266
1336	train/batch_cls_loss	0.36607313
1336	train/batch_box_loss	0.01653416
1337	train/loss_step	2.23098516
1337	train/lr	0.00030000
1337	train/batch_acc	0.48058252
1337	train/batch_box_iou	0.10421914
1337	train/batch_cls_loss	0.36442751
1337	train/batch_box_loss	0.01499916
1338	train/loss_step	2.27297974
1338	train/lr	0.00030000
1338	train/batch_acc	0.53508772
1338	train/batch_box_iou	0.08413531
1338	train/batch_cls_loss	0.36718416
1338	train/batch_box_loss	0.01481322
1339	train/loss_step	2.29917693
1339	train/lr	0.00030000
1339	train/batch_acc	0.40740741
1339	train/batch_box_iou	0.10665162
1339	train/batch_cls_loss	0.44016397
1339	train/batch_box_loss	0.01446324
1340	train/loss_step	2.23206878
1340	train/lr	0.00030000
1340	train/batch_acc	0.49247312
1340	train/batch_box_iou	0.11452299
1340	train/batch_cls_loss	0.38037592
1340	train/batch_box_loss	0.01614778
1341	train/loss_step	2.28151345
1341	train/lr	0.00030000
1341	train/batch_acc	0.53769841
1341	train/batch_box_iou	0.10021620
1341	train/batch_cls_loss	0.40514937
1341	train/batch_box_loss	0.01535930
1342	train/loss_step	2.25253391
1342	train/lr	0.00030000
1342	train/batch_acc	0.52678571
1342	train/batch_box_iou	0.09482073
1342	train/batch_cls_loss	0.37224960
1342	train/batch_box_loss	0.01398514
1343	train/loss_step	2.24155617
1343	train/lr	0.00030000
1343	train/batch_acc	0.53278689
1343	train/batch_box_iou	0.10810171
1343	train/batch_cls_loss	0.38395220
1343	train/batch_box_loss	0.01476151
1344	train/loss_step	2.16300249
1344	train/lr	0.00030000
1344	train/batch_acc	0.74358974
1344	train/batch_box_iou	0.15309170
1344	train/batch_cls_loss	0.39370382
1344	train/batch_box_loss	0.01509639
28	train/loss_epoch	2.27059972
28	train/epoch_acc	0.49820102
28	train/epoch_box_iou	0.09757966
28	val/loss	2.31440564
28	val/acc	0.52013351
28	val/box_iou	0.09293078
28	val/mAP	0.00247082
28	val/mAP50_95	0.00047597
28	val/precision	0.01054983
28	val/recall	0.01845352
28	train/early_stop_loss	2.31440564
1345	train/loss_step	2.26041865
1345	train/lr	0.00030000
1345	train/batch_acc	0.45390071
1345	train/batch_box_iou	0.10020279
1345	train/batch_cls_loss	0.39083907
1345	train/batch_box_loss	0.01399702
1346	train/loss_step	2.20980382
1346	train/lr	0.00030000
1346	train/batch_acc	0.47654321
1346	train/batch_box_iou	0.11378524
1346	train/batch_cls_loss	0.36494291
1346	train/batch_box_loss	0.01448627
1347	train/loss_step	2.28117895
1347	train/lr	0.00030000
1347	train/batch_acc	0.54893617
1347	train/batch_box_iou	0.08281675
1347	train/batch_cls_loss	0.37375081
1347	train/batch_box_loss	0.01461233
1348	train/loss_step	2.35923481
1348	train/lr	0.00030000
1348	train/batch_acc	0.41923077
1348	train/batch_box_iou	0.08706290
1348	train/batch_cls_loss	0.45741978
1348	train/batch_box_loss	0.01518819
1349	train/loss_step	2.33599758
1349	train/lr	0.00030000
1349	train/batch_acc	0.50679612
1349	train/batch_box_iou	0.08583028
1349	train/batch_cls_loss	0.42293864
1349	train/batch_box_loss	0.01694392
1350	train/loss_step	2.30688190
1350	train/lr	0.00030000
1350	train/batch_acc	0.49134199
1350	train/batch_box_iou	0.08308150
1350	train/batch_cls_loss	0.39599568
1350	train/batch_box_loss	0.01540981
1351	train/loss_step	2.25699234
1351	train/lr	0.00030000
1351	train/batch_acc	0.47420147
1351	train/batch_box_iou	0.10135168
1351	train/batch_cls_loss	0.39178857
1351	train/batch_box_loss	0.01358145
1352	train/loss_step	2.18518662
1352	train/lr	0.00030000
1352	train/batch_acc	0.59423503
1352	train/batch_box_iou	0.11016438
1352	train/batch_cls_loss	0.33004326
1352	train/batch_box_loss	0.01509445
1353	train/loss_step	2.24870372
1353	train/lr	0.00030000
1353	train/batch_acc	0.48275862
1353	train/batch_box_iou	0.10477708
1353	train/batch_cls_loss	0.38227010
1353	train/batch_box_loss	0.01519754
1354	train/loss_step	2.29877591
1354	train/lr	0.00030000
1354	train/batch_acc	0.45762712
1354	train/batch_box_iou	0.09143081
1354	train/batch_cls_loss	0.40509105
1354	train/batch_box_loss	0.01530927
1355	train/loss_step	2.32356858
1355	train/lr	0.00030000
1355	train/batch_acc	0.52183406
1355	train/batch_box_iou	0.07699195
1355	train/batch_cls_loss	0.38642871
1355	train/batch_box_loss	0.01822477
1356	train/loss_step	2.26951647
1356	train/lr	0.00030000
1356	train/batch_acc	0.48036952
1356	train/batch_box_iou	0.09470638
1356	train/batch_cls_loss	0.38456091
1356	train/batch_box_loss	0.01487365
1357	train/loss_step	2.27086592
1357	train/lr	0.00030000
1357	train/batch_acc	0.56405354
1357	train/batch_box_iou	0.10639498
1357	train/batch_cls_loss	0.41457370
1357	train/batch_box_loss	0.01381644
1358	train/loss_step	2.26720572
1358	train/lr	0.00030000
1358	train/batch_acc	0.51569507
1358	train/batch_box_iou	0.09390663
1358	train/batch_cls_loss	0.38007793
1358	train/batch_box_loss	0.01498819
1359	train/loss_step	2.26373124
1359	train/lr	0.00030000
1359	train/batch_acc	0.46951220
1359	train/batch_box_iou	0.11107500
1359	train/batch_cls_loss	0.40729702
1359	train/batch_box_loss	0.01571685
1360	train/loss_step	2.27129412
1360	train/lr	0.00030000
1360	train/batch_acc	0.56919643
1360	train/batch_box_iou	0.08515418
1360	train/batch_cls_loss	0.36858219
1360	train/batch_box_loss	0.01460404
1361	train/loss_step	2.33622456
1361	train/lr	0.00030000
1361	train/batch_acc	0.53944954
1361	train/batch_box_iou	0.07566561
1361	train/batch_cls_loss	0.40073138
1361	train/batch_box_loss	0.01736485
1362	train/loss_step	2.28747511
1362	train/lr	0.00030000
1362	train/batch_acc	0.54048583
1362	train/batch_box_iou	0.09224463
1362	train/batch_cls_loss	0.39674526
1362	train/batch_box_loss	0.01504382
1363	train/loss_step	2.24855733
1363	train/lr	0.00030000
1363	train/batch_acc	0.52928870
1363	train/batch_box_iou	0.10954320
1363	train/batch_cls_loss	0.38479283
1363	train/batch_box_loss	0.01657016
1364	train/loss_step	2.30199170
1364	train/lr	0.00030000
1364	train/batch_acc	0.45315904
1364	train/batch_box_iou	0.09620649
1364	train/batch_cls_loss	0.41732755
1364	train/batch_box_loss	0.01541542
1365	train/loss_step	2.22486949
1365	train/lr	0.00030000
1365	train/batch_acc	0.55263158
1365	train/batch_box_iou	0.11009579
1365	train/batch_cls_loss	0.37371302
1365	train/batch_box_loss	0.01426962
1366	train/loss_step	2.19380736
1366	train/lr	0.00030000
1366	train/batch_acc	0.51954023
1366	train/batch_box_iou	0.13577347
1366	train/batch_cls_loss	0.39823985
1366	train/batch_box_loss	0.01342291
1367	train/loss_step	2.24597669
1367	train/lr	0.00030000
1367	train/batch_acc	0.55741127
1367	train/batch_box_iou	0.10109394
1367	train/batch_cls_loss	0.37646079
1367	train/batch_box_loss	0.01434074
1368	train/loss_step	2.28696895
1368	train/lr	0.00030000
1368	train/batch_acc	0.52981651
1368	train/batch_box_iou	0.07925854
1368	train/batch_cls_loss	0.36732799
1368	train/batch_box_loss	0.01563163
1369	train/loss_step	2.17051792
1369	train/lr	0.00030000
1369	train/batch_acc	0.52083333
1369	train/batch_box_iou	0.11780478
1369	train/batch_cls_loss	0.34347093
1369	train/batch_box_loss	0.01253132
1370	train/loss_step	2.25518942
1370	train/lr	0.00030000
1370	train/batch_acc	0.42760181
1370	train/batch_box_iou	0.10394272
1370	train/batch_cls_loss	0.38392305
1370	train/batch_box_loss	0.01583037
1371	train/loss_step	2.29038429
1371	train/lr	0.00030000
1371	train/batch_acc	0.49311927
1371	train/batch_box_iou	0.08510982
1371	train/batch_cls_loss	0.38891497
1371	train/batch_box_loss	0.01433781
1372	train/loss_step	2.24199581
1372	train/lr	0.00030000
1372	train/batch_acc	0.50892857
1372	train/batch_box_iou	0.10443541
1372	train/batch_cls_loss	0.38084438
1372	train/batch_box_loss	0.01400442
1373	train/loss_step	2.24510026
1373	train/lr	0.00030000
1373	train/batch_acc	0.53393665
1373	train/batch_box_iou	0.09618799
1373	train/batch_cls_loss	0.35626724
1373	train/batch_box_loss	0.01624179
1374	train/loss_step	2.30456114
1374	train/lr	0.00030000
1374	train/batch_acc	0.47954545
1374	train/batch_box_iou	0.07608878
1374	train/batch_cls_loss	0.38171220
1374	train/batch_box_loss	0.01500528
1375	train/loss_step	2.24515772
1375	train/lr	0.00030000
1375	train/batch_acc	0.45161290
1375	train/batch_box_iou	0.09744629
1375	train/batch_cls_loss	0.36881530
1375	train/batch_box_loss	0.01424700
1376	train/loss_step	2.28884125
1376	train/lr	0.00030000
1376	train/batch_acc	0.48622047
1376	train/batch_box_iou	0.09529289
1376	train/batch_cls_loss	0.40232539
1376	train/batch_box_loss	0.01542032
1377	train/loss_step	2.30719090
1377	train/lr	0.00030000
1377	train/batch_acc	0.41447368
1377	train/batch_box_iou	0.08909535
1377	train/batch_cls_loss	0.41422284
1377	train/batch_box_loss	0.01423177
1378	train/loss_step	2.35919952
1378	train/lr	0.00030000
1378	train/batch_acc	0.43237705
1378	train/batch_box_iou	0.08445276
1378	train/batch_cls_loss	0.44962347
1378	train/batch_box_loss	0.01569633
1379	train/loss_step	2.26396704
1379	train/lr	0.00030000
1379	train/batch_acc	0.50959488
1379	train/batch_box_iou	0.08989125
1379	train/batch_cls_loss	0.37316364
1379	train/batch_box_loss	0.01411716
1380	train/loss_step	2.22831297
1380	train/lr	0.00030000
1380	train/batch_acc	0.48780488
1380	train/batch_box_iou	0.10604861
1380	train/batch_cls_loss	0.36937618
1380	train/batch_box_loss	0.01420676
1381	train/loss_step	2.24855137
1381	train/lr	0.00030000
1381	train/batch_acc	0.47333333
1381	train/batch_box_iou	0.12155215
1381	train/batch_cls_loss	0.42193297
1381	train/batch_box_loss	0.01394453
1382	train/loss_step	2.30460453
1382	train/lr	0.00030000
1382	train/batch_acc	0.45011086
1382	train/batch_box_iou	0.09462459
1382	train/batch_cls_loss	0.41514480
1382	train/batch_box_loss	0.01574177
1383	train/loss_step	2.26178503
1383	train/lr	0.00030000
1383	train/batch_acc	0.50537634
1383	train/batch_box_iou	0.10672433
1383	train/batch_cls_loss	0.40075940
1383	train/batch_box_loss	0.01489488
1384	train/loss_step	2.24890113
1384	train/lr	0.00030000
1384	train/batch_acc	0.59023355
1384	train/batch_box_iou	0.10267094
1384	train/batch_cls_loss	0.38250762
1384	train/batch_box_loss	0.01434708
1385	train/loss_step	2.24386787
1385	train/lr	0.00030000
1385	train/batch_acc	0.46746988
1385	train/batch_box_iou	0.11020316
1385	train/batch_cls_loss	0.39494765
1385	train/batch_box_loss	0.01386532
1386	train/loss_step	2.23996472
1386	train/lr	0.00030000
1386	train/batch_acc	0.50000000
1386	train/batch_box_iou	0.10855095
1386	train/batch_cls_loss	0.39345181
1386	train/batch_box_loss	0.01272296
1387	train/loss_step	2.28630066
1387	train/lr	0.00030000
1387	train/batch_acc	0.47319347
1387	train/batch_box_iou	0.09105889
1387	train/batch_cls_loss	0.39818797
1387	train/batch_box_loss	0.01404611
1388	train/loss_step	2.32248831
1388	train/lr	0.00030000
1388	train/batch_acc	0.50581395
1388	train/batch_box_iou	0.08655681
1388	train/batch_cls_loss	0.41555458
1388	train/batch_box_loss	0.01600945
1389	train/loss_step	2.25081992
1389	train/lr	0.00030000
1389	train/batch_acc	0.46787149
1389	train/batch_box_iou	0.10885105
1389	train/batch_cls_loss	0.39319152
1389	train/batch_box_loss	0.01506613
1390	train/loss_step	2.26237512
1390	train/lr	0.00030000
1390	train/batch_acc	0.44254279
1390	train/batch_box_iou	0.09637067
1390	train/batch_cls_loss	0.38786757
1390	train/batch_box_loss	0.01344977
1391	train/loss_step	2.28851080
1391	train/lr	0.00030000
1391	train/batch_acc	0.45985401
1391	train/batch_box_iou	0.09076438
1391	train/batch_cls_loss	0.39270920
1391	train/batch_box_loss	0.01546609
1392	train/loss_step	2.16321325
1392	train/lr	0.00030000
1392	train/batch_acc	0.70270270
1392	train/batch_box_iou	0.12963825
1392	train/batch_cls_loss	0.37222436
1392	train/batch_box_loss	0.01005308
29	train/loss_epoch	2.27162203
29	train/epoch_acc	0.49750012
29	train/epoch_box_iou	0.09747177
29	val/loss	2.32796455
29	val/acc	0.52659345
29	val/box_iou	0.09131461
29	val/mAP	0.00232850
29	val/mAP50_95	0.00040212
29	val/precision	0.00929484
29	val/recall	0.01660528
29	train/early_stop_loss	2.32796455
1393	train/loss_step	2.23097038
1393	train/lr	0.00030000
1393	train/batch_acc	0.52803738
1393	train/batch_box_iou	0.10076629
1393	train/batch_cls_loss	0.35802749
1393	train/batch_box_loss	0.01489512
1394	train/loss_step	2.16208076
1394	train/lr	0.00030000
1394	train/batch_acc	0.57407407
1394	train/batch_box_iou	0.12285560
1394	train/batch_cls_loss	0.34185857
1394	train/batch_box_loss	0.01318670
