{
  "loss": 2.7866390892953583,
  "acc": 0.4393939393939394,
  "box_iou": 0.025107837132545132,
  "map50": 0.0,
  "map50_95": 0.0,
  "precision": 0.0,
  "recall": 0.0,
  "params_m": 0.04017,
  "gflops": 0.221395968,
  "fps": 173.68489220790542
}