{
  "loss": 2.36364132254871,
  "acc": 0.1791044776119403,
  "box_iou": 0.027815328584288927,
  "map50": 0.0,
  "map50_95": 0.0,
  "precision": 0.0,
  "recall": 0.0,
  "params_m": 0.007882,
  "gflops": 0.081138688,
  "fps": 228.95168839948164
}