{
  "loss": 1.4663867264205792,
  "acc": 0.4953798767967146,
  "box_iou": 0.056890974880606536,
  "map50": 4.679697303799912e-05,
  "map50_95": 8.717215659430623e-06,
  "precision": 0.003007374877290464,
  "recall": 0.004224874762640965,
  "params_m": 0.018314,
  "gflops": 0.162249728,
  "fps": 0.0
}