{
  "loss": 3.5168816060730905,
  "acc": 0.5787878787878787,
  "box_iou": 0.01189248106534113,
  "map50": 0.0,
  "map50_95": 0.0,
  "precision": 0.0,
  "recall": 0.0,
  "params_m": 0.01937,
  "gflops": 0.110777344,
  "fps": 138.15666988086946
}