{
  "loss": 2.504969991663451,
  "acc": 0.5065082059988681,
  "box_iou": 0.042681828488284286,
  "map50": 4.9659539945423604e-05,
  "map50_95": 7.787258509779348e-06,
  "precision": 0.0014732965009208103,
  "recall": 0.0025806451612903226,
  "params_m": 0.137226,
  "gflops": 2.065494016,
  "fps": 116.66103787032412
}