{
  "loss": 2.6236270666122437,
  "acc": 0.0,
  "box_iou": 0.03812043461948633,
  "map50": 0.0,
  "map50_95": 0.0,
  "precision": 0.0,
  "recall": 0.0,
  "params_m": 0.018347,
  "gflops": 0.16225024,
  "fps": 429.12065592002057
}