{
  "loss": 2.3539967387914658,
  "acc": 0.0,
  "box_iou": 0.019562973124266136,
  "map50": 0.0,
  "map50_95": 0.0,
  "precision": 0.0,
  "recall": 0.0,
  "params_m": 0.007915,
  "gflops": 0.0811392,
  "fps": 304.078356951947
}