{
  "loss": 2.066306479771932,
  "acc": 0.2,
  "box_iou": 0.16449944774309794,
  "map50": 0.0,
  "map50_95": 0.0,
  "precision": 0.0,
  "recall": 0.0
}