{
  "loss": 3.6150668411543876,
  "acc": 0.0030303030303030303,
  "box_iou": 0.01172871882215876,
  "map50": 0.0,
  "map50_95": 0.0,
  "precision": 0.0,
  "recall": 0.0,
  "params_m": 0.039114,
  "gflops": 0.221379584,
  "fps": 211.44312203783787
}