{
  "loss": 0.8125948595473343,
  "acc": 0.5530209617755857,
  "box_iou": 0.09008195415657684,
  "map50": 0.0023693012623482446,
  "map50_95": 0.0003471208189163614,
  "precision": 0.02604961817257932,
  "recall": 0.009408377385400351,
  "params_m": 0.007915,
  "gflops": 0.0811392,
  "fps": 0.0
}