{
  "loss": 3.92385270330641,
  "acc": 0.07777777777777778,
  "box_iou": 0.020476209206713572,
  "map50": 0.0,
  "map50_95": 0.0,
  "precision": 0.0,
  "recall": 0.0,
  "params_m": 0.020393,
  "gflops": 0.110793216,
  "fps": 0.0
}