{
  "loss": 1.4917773482689989,
  "acc": 0.4277464065708419,
  "box_iou": 0.0556996777221081,
  "map50": 3.738209197763353e-05,
  "map50_95": 6.293820502634162e-06,
  "precision": 0.0021668447477567526,
  "recall": 0.0038053939999703754,
  "params_m": 0.007882,
  "gflops": 0.081138688,
  "fps": 0.0
}